Cleaned_Translated_Comment,VADER_Sentiment,Label_Encoded_Sentiment
apparently its been around since 2000 so nothing new here,Neutral,1
everyone its just a cold me back to the bunker,Neutral,1
have had hmpv here in australia since before christmas after attending a christmas party 8 of the group got sick at the same time,Negative,0
ive got this right now and have been symptomatic for 26 days it is severe,Negative,0
2020 was a wtf year and there was covid 2025 is a wtf year and there is hmpv,Negative,0
virus explosion in china and wildfire in california remind you of something oh yeah 2019 a year before pandemic,Positive,2
this is not real news the hmpv virus is the common flu no proof of anything and no confirmation on the ground and they still report on it this is just bad journalism no one serious is reporting on this anywhere around the world  this news is pure fear mongering,Negative,0
its fine this is all talk if its been around in australia that long im sure we are all fine,Positive,2
first foundegdeveloped,Neutral,1
okif you say it will be another covidhow can you explain this 1if this is really gonna be serious like covidwhy is the airport not shutting down 2this shit aint even spreading quickly as covid 3its discovered in 2001not discovered new 4the symptoms are way less dangerous than covidits just cold and stuff 5similar to 4the symptoms in covid is super deadlycancercausingand could lead to lifethreatening diseaseunlike hmpvjust a cold or flu and thats all 6the people in china are doing completely finenor the hospital being crowdedthis is a red flag of it being clickbait the news really have to shut up and normalize a flu season mild virusif im wrongcorrect me,Negative,0
me thinketh the latest research from the medical experts suggest that the wearing of one blue and one red sock will protect people from any and allmonsters,Positive,2
oh how convenient,Neutral,1
stuck in limbo we are,Negative,0
originated in china why am i not surprised,Negative,0
they expect us to fall for this nonsense again,Negative,0
influenza aand b is worse,Negative,0
another drama of labour which ruined vic,Negative,0
had it me 12 took antibiotics and some lemon and ginger tea also cough medicine am good now,Positive,2
more lies and bullshit from msm and big pharma,Negative,0
are they getting 5 year olds to write these science fiction stories now,Neutral,1
and so the scam begins again no interventions for me mandated or not my body my choice remember,Negative,0
alll lies of big pharma,Negative,0
oh get a grip its a cold stop that music to exaggerating this bullshit media outlets and politicians lie to us the first time around so now they going to be honest,Negative,0
phew luckily australia just paid 100million for a mrna vaccine facility incredible timing,Positive,2
were not falling for it again,Positive,2
why dont you people shut the airports down,Neutral,1
give me a break,Neutral,1
its normal to have a flue and cold take naturalremedies theyve been injecting people with viruses to become sick,Negative,0
is this from ukrainian bio lab,Neutral,1
im in australia i may have had this in november 2024 it just hit me overnight when i went to bed i was feeling fine when i woke up my throat was on fire and progressively my symptoms got worse over the day i knew something was wrong i felt very sick all over after waiting in the hospital for hours to be seen yep and spreading it to everyone there and me insisting that it was not just the flue that was going round they xrayed me and waddaya know pneumonia i was on two lots of antibiotics they sent me home where i was so sick i couldnt move lucky i didnt flaming die at home im still weak from it they told me it was some respiratory illness,Negative,0
my parents are non believers when it comes with viruses so i dont know how i think of this,Neutral,1
try harder globalists no ones falling for this again however i wonder they cant be this dumb maybe they have something else up their sleeve that they didnt pull out last time,Negative,0
done on purpose no ones going to get locked up again there would be riots in the streets,Negative,0
bullshitting for billionsagain,Neutral,1
depending on your religion and maybe even your intellect metaphysically speaking this might be one of those new viral pandemics being spread by uranus or by jupiter or perhaps even mars or god help us saturn the gods must be going mad again nevermind trump will save america and then america will save the rest of us,Positive,2
who cares i mean who cares,Positive,2
yes here we go again more fear porn do you remember in the last five years apart from continuing mutations from cvd virus  we had the cow  poo then the chook flu then the bees  disease monkey  pox etc etc,Negative,0
just in time for the us inauguration surely we dont believe this bullshit again,Negative,0
2020 repeating itself,Neutral,1
in 2020 it was clark kentsuperman this time the flu will become shazam,Negative,0
total bullshit is quite common in australia usually coming out of the mouths of politicians and pharmaceutical industry compromised medical staff,Negative,0
more bs again planned release of new experimental germ warfare again,Negative,0
like covid did dr fauci make this too in his lab in wyhan,Positive,2
hmpv human misinformation pushed vindictively,Negative,0
total bs dont get fooled again,Positive,2
fake news media bs as usual,Negative,0
sounds like a loada copyrightcopyrightcopyright to me ,Positive,2
this sounds like a common cold or flu and nothing more,Neutral,1
another engineered virus,Neutral,1
whatever,Neutral,1
nobody is falling for it again believe it or not many of us never fell for the first one keep your blood pure and resist,Negative,0
they are using ai to create viruses to attack certain demographics biological weapons are getting more and more advanced,Negative,0
all this is is another way for them to make out that they dont overreact each time a coldflu presnts itself that last plandemic opened too many eyes for them to simply play that card again but 100 its coming and itll make the last one look like a walk in the park you better believe theyve learnt their missteps,Positive,2
propaganda channel this is,Negative,0
hmpv please show me isolation and purification,Negative,0
according to bill gates and the united nations its called operation catastrophic contagion,Negative,0
hmpv hates most political vision,Negative,0
the last plandemic cured the flulet that fact sink in,Neutral,1
we need daneil andrew back to lead the country thru this,Neutral,1
trusting indian sources now instead of real investigations,Positive,2
man i get the feeling kim is trying to cause another pandemic instead of stopping it,Neutral,1
what is the secret with china,Neutral,1
its because trump got in office they did it on purpose,Neutral,1
oh because trump is elected right be virus comes out haha for to live them crooked democrats and bill gates wants to see populate makes sense now,Positive,2
here we go again the economy must be in shits creek for another virus to arrive 2 weeks to flatten the curve,Negative,0
lol try another scam,Negative,0
here we go again,Neutral,1
is there any air left in china,Neutral,1
here we go again the bs to lock down the world again trump is back and here comes the virus crap again surely people are not stupid enough to fall for this,Positive,2
im not complying,Neutral,1
oh here we go again registeredbig pharma getting ready to make their millions again registered follow the money ,Positive,2
one hundred thousand chinese people have died from this virus no time to waste time its all it got time not late,Negative,0
was 24hr caring for 5x covid d elderly i didnt catch it and they all got better victory,Positive,2
aids is still rising but nothing is said about that,Neutral,1
here we go the press is winding us up againget lost were not playing heard all this before and it was all lies 3 people in my office got c19 over xmasall are back at work after 2 wks same old same old from the media,Negative,0
much like the common cold where exactly did the common cold go btw,Positive,2
hahahaha lockdowns more vaccines more society control domt believe the hype its systematically being rolled out the new wave of covid but to control you again,Neutral,1
and yet the planes are still flying in and out of there i bet,Neutral,1
28000 on avg die everyday in china never reported,Negative,0
this antichina pin up girl loves to hate china india simply cant compete with china who has a stronger relationship with russia militarily and economically india is like turkey  ergadon dinasoar,Positive,2
only problematic for the wacked,Negative,0
like a cold then,Positive,2
hate say this but is the same bs all over again,Negative,0
and my country is silent australia what absolute tossers thank you india,Positive,2
that truth world darkness,Positive,2
mutations covid 19 and hmpv,Neutral,1
the music in this video was chosen to create anxiety this video is an obvious attempt at fearmongering shameful,Negative,0
bunch of bs people its just another cold,Neutral,1
covid 2 ,Neutral,1
brotha u just got into uni,Neutral,1
how that once trump in focus a pandemic is developing was a trudeau asking for,Neutral,1
believe in yeshua repent and be born again brothers and sisters for the kingdom of god is at hand he is coming very soon,Positive,2
sigh and myself and 3 kids are asthmatic what will i do if and when it reaches jamaica,Positive,2
dont be fooled a second time and dont be forced to take so called vaccines,Positive,2
this is intentionally,Neutral,1
are you controlled by india did you confirm the evidence by yourself as a media outlet you should be more professional not spread rumors,Neutral,1
government doing this jesus is coming,Neutral,1
chinese new year ,Neutral,1
new name on the same stuff that happens every year,Neutral,1
plandemic round 2,Neutral,1
its called a cold with a name,Neutral,1
world has to look in to this matter before getting worse,Negative,0
this feels like propaganda to me dont be scammed again,Positive,2
why is only indian news channels are showing news about hmpv,Neutral,1
western manifac what nex,Neutral,1
china happy new year to you all,Positive,2
this is a scare tactic cant believe chinas lies,Negative,0
the pharmaceutical companies will be salivating but our economy can not afford another panic attack,Negative,0
nothing to see here,Neutral,1
human metapneumovirus actually isnt new unlike covid19 was official sources show it was discovered back in 2001 and some unofficial claims even state that early cases date back to mid last century currently their is no vaccine for hmpv and its not a major health threat to the general population currently but most importantly if your still really concerned then its best to remember to wash your hands stay a safe distance wherever you can avoid unnecessary travel and crowds where a mask when around vulnerable family members know your symptoms isolate if you fall sick and most importantly keep other vaccinations up to date if necessary if you have any more concerns than you should speak to your doctor or a health professional for any further advice or assistance,Positive,2
albo has had a week to stop all flights from china now either this is a joke or he has to be kidding if he thinks people will comply with a lockdown again i complied with the first lockdown but not happening this time albo has had a week to stop flights,Negative,0
 sign up for our newsletter and stay in touch  the final war is a documentary that uncovers the chinese communist partys 100year plot to defeat america  best offer ever,Negative,0
maybe these latest china deadly virus is intended to prevent trump from winning his 2nd attempt in us presidential election like what they did before,Positive,2
ccp is addicted in making deadly contagious virus theyre probably this one could accomplish what covid19 failed to do depopulate the world,Negative,0
where is tiffany meier,Neutral,1
they made a new virus,Neutral,1
praying for those who are sick in china ,Negative,0
it is not 700 million but usd 16 billions to counter chinas influence but all china did was making documentary about china development it is the western tourist that reveal the fake news by the western mainstream media they are exposing the lies told to them by the media and politicians they found out the opposite is true when they were in china,Negative,0
i wonder whether this is another part of america spending 700 millions for smearing and badmouthing china why this poor indians media are popping up everywhere to demonizing china why these propaganda channel are spreading these fake news are they sponsored by these funds or orchestrated by nedcia the one that has a hotbed of disease is india it is filthy and extremely dirty society,Negative,0
not buying it more scare and fear tactics,Negative,0
the usa is in everybody business over the world,Neutral,1
anytime donal j trump in power virus  comes in to place  just remember who was the ones who was involved in covid 19,Neutral,1
hates most political vision,Negative,0
close border for all passport from mainland china,Neutral,1
isnt it funny that the flu and pneumonia did not exist in 2020 and 2021 because it was replaced with sarscov2 yet sarscov2 is not a respiratory virus but an inflammatory virus smh ,Negative,0
stay there and dont spread all over world,Neutral,1
ladies and gentlemen as with covid this is what known in china as 5 year plan ,Neutral,1
this is how covid started it started with denials all airlines should ban all flights from and into china,Negative,0
the root of all the virus,Neutral,1
no chinese allowed in the philippine airportregisteredregisteredregistered,Negative,0
why why china ur always making problem,Negative,0
sorry not falling for it again,Neutral,1
china not allowed to any countrys,Neutral,1
well i wont be getting any vaccines this time,Positive,2
wtf china tama na  copyright how i gonna grow as a adult mental and physically and socially if theres upcoming quarantine,Negative,0
why new viruses are always coming from china,Neutral,1
same as hitler taking czechoslovakia because there were some germans living there or russia invading ukraine for the same reason why not russia taking alaska because they used to own it or mexico taking back california nevada arizona new mexico colorado and texas because they used to own it and some mexicans live there taiwan is a separate country and so was tibet,Neutral,1
is this strategy to control people of china,Neutral,1
china is a most threat country in the world ,Negative,0
everything is happening coincidentally nearing chinese new year chinese citizens take the longest holidays during this time often travelling to other countries making the virus spread easier u will see there will be lack of checks from china of its citizens leaving the country but more stricter checks when they come back in,Positive,2
lets just be real chinese eat anything that has a pulse,Neutral,1
i doubt china would allow posts on youtube unlessits propaganda,Negative,0
another factory of money,Neutral,1
this virus is the doing of the chinese communist party to cull the population because they are losing control of the people this is a direct attack on the chinese people by its own government,Negative,0
made in china virus ,Neutral,1
ahh china keeps giving gifts not in a good way,Neutral,1
happy new year ntdnewsluvwatchingu,Positive,2
more footage from china of people desperate and dying are they trying to take hollywoods crown because they are not really any good at acting,Negative,0
 another reason to despise the ccp even more each day the ccp commits another act of waragainst the us the rest of the world all other countries will never forget covid19 the ccps intentional spreading of it to the rest of the world its own people china has the worst reputation of any country on earth revolution now,Negative,0
why is china responsible for most plagues honestly,Positive,2
is this in the worldwide fog,Neutral,1
because i need to take off the face diaper and breathe fresh air,Positive,2
new infections expected guess infections make reservations they know this because they release them,Neutral,1
considering africans have been setting the chinese businesses including the ev ones on fire and looting them i dont think the africans are crazy about the chinese government,Negative,0
the ccp will never be anything more than what it has always been if anyone thinks these people care about human rights they are not paying attention the ccp doesnt care about its own citizens and never has they are just a couple of steps from governing like nk,Positive,2
something is not right need to watch the cause its serious it is very dangerous if it spread,Negative,0
this isnt a new virus its symptoms of side effects from the c19 vaccines,Neutral,1
stop eating cats and dogs,Negative,0
id never spend 5k on chinese shite the throwaway model is destroying us,Negative,0
thats why chinese must be rotal ban for entering philippines and other countries,Negative,0
china causes more more problems shady asf my mother is dead from their bs,Negative,0
whats the us patton on this germ,Neutral,1
americans dont want electric carsthose cares are still to dangerous and we dont have the infrastructure,Negative,0
america firstfirst america pulling out of the who does nothing to america except same the american tax payers money,Neutral,1
always from ccp spreading diseases,Neutral,1
imagine that just in time for trump thanks china,Positive,2
china is getting weird its day including its officials,Negative,0
do you love being sick,Positive,2
people who took the covid shots now have heart problems,Negative,0
drs letting out viruses theyve made again ,Neutral,1
fake propaganda channel paid by falun gong and cia,Negative,0
satan woman you are at it again there is no new virus in china,Negative,0
always china causing problems,Negative,0
hair curly nice,Positive,2
typical winter temps down upto 21,Neutral,1
let china have the who we dont need it,Neutral,1
i mean have you seen their hygiene their food their pollution sounds abt right,Neutral,1
stop eating chinese food,Negative,0
stop eating everything that moves please,Neutral,1
welcome back been waitin for u guys to return from the ntd shill,Positive,2
doomed are the communists chinese,Negative,0
ohwhat a coincidencetrump is back in power,Neutral,1
this what we leaving 2024 with cuh  lord help us all  colossians 11215 king james version 12 giving thanks unto the father which hath made us meet to be partakers of the inheritance of the saints in light 13 who hath delivered us from the power of darkness and hath translated us into the kingdom of his dear son 14 in whom we have redemption through his blood even the forgiveness of sins 15 who is the image of the invisible god the firstborn of every creature,Positive,2
show more fake videos like in covid bahahahaha,Negative,0
more fear tactics not buyiny it,Negative,0
no more fear mongering please covid was enough,Negative,0
my son brought this home from public school he ended up in the hospital for 3 days on oxygeni caught it too it was the worst thing ive ever had my throat was so sore i couldnt talk,Negative,0
sunshine is all we need for respiratory symptoms,Positive,2
funny how the world is trying to tell the english they are not a ethnic group and have no culture its dehumanising and its what china are trying to do to the taiwan people,Positive,2
here we go again ,Neutral,1
next plannedemic,Neutral,1
another pandemic grab all the toliet paper and hand sanitizer,Positive,2
i rebuke this in the mighty name of jesus christ no weapon formed against me and my house shall prosper it wont work i lose health healing and a hedge of protection of angels around us in jesus christ name ,Negative,0
and its always hit during december and always no vaccine may god have mercy ooo,Positive,2
infections like bird flu have already started in usa a few weeks back,Neutral,1
covid was a test run,Neutral,1
no more rna vaccines we need to boost our own immune systems through healthy diets,Positive,2
chinese are allowed to japan you never follow the rules and mess around japanese beauty chinese stay in china copyright,Positive,2
chyna can not be trusted be it their corporations or their government kick them out of usa,Negative,0
i dont agree to her that trump leaves from who which is great ,Positive,2
china is the ground zero of aaaaaallllllll of these modern shenanigan virus shts,Neutral,1
dr fauci doing his thing,Neutral,1
keep your infections in your country close air travel in and out of your country,Neutral,1
when in tf did this channel become a deep state mainstream media lie wow i used to watch this news channel over 5 years ago every day and they were great and calling out facts well before gov or mainstream but my god guys they have been compromised this is no longer real news,Positive,2
fake news,Negative,0
why am i not surprised,Negative,0
this infection specifically was discovered in the netherlands in 2001 and is believed to have been around humans like a mild cold for over 50yrssoo theres that they would have to genetically alter it to make it anywhere near being serious fortunately for us we are all now paying attention eyes wide shut we now see most things that are happening because of social media and the plandemic we are more awake and we wont be going through this again unless its something that causes faster and higher levels of death pureblood,Negative,0
another vaccine anothet mask another facemask another lockdown another stress ,Negative,0
gotta love the fm hand signal,Positive,2
just like saudi arabia europe and the us am i wrong,Negative,0
winnie the pooh is at it again,Neutral,1
the low cost of things at walmart is this exact same thing as this ev push the cheap clothes that doesnt last i was buying it and it works for parents who have growing kids adults not so much if your rough on the clothes it will only last a few washes till its in the yard work bin,Negative,0
made in china prc ,Neutral,1
yes its called salt and vinigar virus,Positive,2
taiwan is a province of the united states  ,Positive,2
again hell no we aer not having another lockdown,Negative,0
why now a lot of bad things was created by chinese people,Negative,0
china has their greedy fingers in all world affairs,Negative,0
kamalas was getting a kickback for the bus deal she was bringing in though china,Neutral,1
i smell fauci and bill gates behind this again just like covid19,Positive,2
wat do u expect from their fake toxic food destroying their immune system itz ironic the anti ccp z genz r too young to die the old crustz in ccp r vulnerable to their creations maybe they should import some real food from poorer countries,Negative,0
i love the purple ,Positive,2
new drama right on schedule ,Neutral,1
you are no more than ccp and bill gates propaganda multiplier,Negative,0
metapneumovirus is a common cold,Neutral,1
every day on yu tube there is a new disease somewhere that is somehow spreading this time though it is just the common cold basically,Neutral,1
here we go again buys a megaton of toilet paper and hand sanitizer,Positive,2
let me guess another pandemic for america well i saw the bill gates video before christmas so i saw this comming we were warned too many people focusing on the wrong distractions,Negative,0
we can not trust china they are not responsible everything to depend in human need to be healthy what we are they they only plan for distraction in humanity,Negative,0
while we were locked down in china during the pandemic my work visa was canceled because i made a comment indicating that the virus came from china that was illegal according to a newly created law but was it untrue,Negative,0
china wonders why americans dont want your tech in americaccp is corrupt and just want too steal and lie what there doing too there people,Negative,0
another pandemic made by elite vaccination againsame same same making people stupid,Negative,0
taiwanese people would rather have the status quo upheld than a war with china,Negative,0
and it begins  im not getting locked in my home again,Neutral,1
click baity i definitely clicked lol,Positive,2
congrats on your promotion,Positive,2
here we go with this nation againall western society should back away from nations that always give the world freakingregistered problemsnever mind the behaviors of the peoples that brings an air from the communism time ive seen how they behave and how poorly they treat each other,Positive,2
bs the infection is corrupt politicians filled with lies,Negative,0
bullsht,Neutral,1
f right off we are not doing this again ,Neutral,1
byd is 79 billion in debt it sold 1 million cars last year the company is bankrupt,Negative,0
comunism causing all trouble around the world we dont awared of tha how could it be,Negative,0
what happened to tiffany is she in combat,Negative,0
out of curiosity why cant taiwan be in its own sovereignty,Neutral,1
fear mongering during cold and flu season,Negative,0
my feedback is that your beautiful,Positive,2
we wont fall for this again never again,Neutral,1
i want to see xi speak in the taiwan parliament if china people think taiwan belongs to china,Positive,2
block all chinese travellers into your country,Negative,0
the deep state time it right before january 20 inauguration,Neutral,1
here we go again and of course china wont contain this they just want to sell vaccines to the virus that they intentionally spread,Positive,2
seems like a way for the government to keep citizens in control,Positive,2
keep it within your country,Neutral,1
im not doing it you guys can do whatever you want i dont want to play this game,Negative,0
iris is so pretty ,Positive,2
trashy,Neutral,1
china is destructive to always be making virus for warfare,Negative,0
filipinos love this they just stay at home and the government will provide 8k money and weekly grocery,Positive,2
china aid russia and north korea china pretend to be a victim,Negative,0
iris is so cute,Positive,2
strange way to hold your hands,Negative,0
covid ready for round 2,Positive,2
china communist company every places is like this so many year also they can invasion every country with corruption government together in whole world third world country malaysia is the one biggest shame exminister corrupt 1mdb,Negative,0
i still like the bat soup story from a few years ago,Positive,2
evs need electricity to recharge the electricity needs to be made from coal based power plant not every country is adopting clean nuclear power plant building do evs really serve to lessen pollution and mitigate the worsening environmental issues why are we not encouraged to walk,Negative,0
that news caster is fine af,Positive,2
we will not fall for another fake scheme shove it,Negative,0
its always comical and bemusing to learn that every country is busier interfering and meddling in other countries affairs than dealing with the accumulated domestic affairs if the world all minded its own business the peace and prosperity was a lot more easily achieved,Positive,2
any follow up research and report on the covid19 virus found in the italian and french sewage systems in 2017 where is it really originated from,Neutral,1
is hmpb same as who termed disease x,Neutral,1
wash rinse repeat,Neutral,1
why am i seeing this again this happens every year in december with china what is the deal,Neutral,1
china already runs the who did you miss 2020 if china wants to run it let china pay for it ,Negative,0
closed all transaction in china airport business,Neutral,1
freemason hand signals,Positive,2
nice freemason hand gesture right at the beginning,Positive,2
when u are paid you smear without conscience,Negative,0
when was the last time america infected a country with a virus besides aids,Negative,0
thanks china love the usa,Positive,2
another made in china product,Neutral,1
could we shut down the bird markets since thats where these viruses come from,Neutral,1
the world will not be swayed by copyright pandemic propaganda,Negative,0
just in time for trumps new term,Neutral,1
if you check you will see how similar iran north korea and china are on killing innocent people it can be virus bomb or gun,Negative,0
taiwan getting entangled with the un is not doing them any big favors or keeping them saferthe assembly as a whole is morphing into an undemocratic organization and an ineffective peace keeping body for the usa it had turned into a money pit subsidizing non democratic countries that end up doing nothing for individual freedoms per dollars spent it isnt making progress any better than private charities do being connected in any meaningful way with the un does nothing except give some prestige for the high price of un dues,Positive,2
it was over 4 years ago not 3 years ago this is old news re gurgitated,Neutral,1
the ccp wants to steal their property and land,Negative,0
god warned it is all coming lockdowns martial law pestilence floods volcanoes earthquakes fires wars triibulation in bible then mark of beast,Negative,0
iris has great hair definitely deserves a hair compliment,Positive,2
new virus from china same month four years ago and this is definitely not a coincidence,Positive,2
its called the ev virus never trust the ccp,Negative,0
oh sh here we go again,Neutral,1
a million americans died with covid not from it,Negative,0
trump in power and this is planned,Neutral,1
this virus is extremely common do not get caught up in the fear porn again like last time most people experiencing mild hmpv symptoms do not need to see a doctor as the illness should go away on its own and supportive care of symptoms at home is enough however if symptoms worsen and you develop shortness of breath severe cough or wheezing you should see a doctor,Negative,0
well china hase enogh people to test out virus for a new war ,Negative,0
evs are not the answer they ruin the planet and take too long to charge and not enoughchargers and too expensive to charge and difficult to repair and a huge fire risk the chinese dont even like them,Negative,0
lets see 5000 for a new ev car in china or made in brazil by china and america is selling new cars for 30000 thats crazy chinas slave labor is beyond insane,Negative,0
same time frame again as 2020 corona virus just a month away before trump takes office a virus breaks out wonder which virus will be released again to hamper trumps presidency again,Neutral,1
the ccp has created a new item for export now that the wuhan virus has lost its value,Positive,2
were not falling for it this time,Positive,2
 covid clowns,Neutral,1
chinese new year is feb 10th here we go again,Neutral,1
by allowing china to take over the un we gave up any part we had in the leadership the un is garbage now,Neutral,1
so stupid to let your enemy corner you really dumb chinas goal world dominion,Negative,0
we have seen the videos their ev suck,Negative,0
anybody allowing themselves to fall into this trap deserve what they had coming during the restrictions of fake narratives back then,Negative,0
chinas ev vehicles are horribly made,Negative,0
its a full of caca organization,Neutral,1
chinas is in charge of the panama canal,Neutral,1
viniepoh trump is coming,Neutral,1
how many slaves needed to produce a byd,Neutral,1
everyone needs to buy toilet paper and baby oil,Neutral,1
aw shit here we go again,Negative,0
american biolabs are working,Neutral,1
they are letting this crap out on purpose throwing diseases on the world its shameful and god will judge the ones involved jesus is lord,Negative,0
here we go again guys just give us 2 years break from all this we had virus we have wars we have genocide we now got even ufo invasion hahaha i thought next should be some asteroid approaching planet but not virus again just let us live without all this bullshit,Negative,0
thats sad,Negative,0
un is corrupt,Neutral,1
as an american im glad to get ccp out of relations in business,Positive,2
wow strategy to contain poeple again no way wake up chinese citizen ccp is sinking,Positive,2
here we go again at least we are now in a new administration,Neutral,1
what a beautiful voice and beautiful woman,Positive,2
just in time for the next presidenttrump to have to deal with,Neutral,1
watch out for the next crisis to mess with the new administration,Negative,0
population control if it works they are going to send a batch to india,Neutral,1
to the people of china take care as the coldflu happens every year around this time in canada too this better not get to the mandatory test kit mask injection stage for everyone all over the world if it does every single person across this planet should be free to decide what is best for themselves and their families ,Positive,2
such a childish viewpiont oh pulling out of the un just gives it to china nope it forces other nations to step up these other nations europe are sitting around expecting the us to do something the us steps back and says you are on your own and they scramble to figure out what they need to do then when they finally decide the us can step back in supporting them,Positive,2
this is crazy if i say anything bad about china it is endlessly censored and endlessly ignored when i send out everything disputing that no policy has been violated i am always endlessly ignored by youtube if it is about china the only way to make the system stop crushing me in the algorithm was to submit a gay rights flag every day disputing the censorship of me being a homosexual i am not gay but it worked by confusing the algorithm i made the software that judges the etraffic sorting by topic for human or ai response think that i was outraged by being censored about homosexuality instead of china and it doesnt touch that with a ten foot pole lifting censorship on my comments for quite some time youtube censors only negative comments about homosexuality promoting it so touting a fake gay pride gets my comments visible again even though the comments are about the pathetic communist nation of china that murdered over 330 million of its own babies and unborn through the one child policy youtube violates its own policy behind everyones back if you make 2 comments about china that are censored and complain with 18 disputes of gay rights being violated using the same link the subject becomes 10 international politics and 90 gay breaking algorithm putting you back on the uncensored side check your comments from multiple accounts as youtube will post your comments visible only to you a form of censorship they usually get away with and constantly use on the subject of china,Negative,0
never trust the media not a single word esp if its news from china,Negative,0
to all taiwan was an aboriginal country netherlands was the first country to colonise taiwan in 16 century dutch imported many chinese from china as foreign labors to build taiwan in 16 countries japanese colony from 18951945 and then republic of china taiwan republic of china took over rule of the island after japan lost the war taiwan has never controlled by people republic of china prc established late in 1949 democratic taiwan roc was in un until 1979 please support taiwan  to be recognised by un and who again there are 2 korea in un and who why un and who has obeyed ccp chinas demands,Negative,0
hehe hmmm heres another paid amateur blogger trying to to fool kids dumb people,Negative,0
dont be stupid the cold weather cause cold and flu dont make it a pandemic again,Neutral,1
copyrightcopyrightcopyrightcopyrightcopyrightcopyright,Neutral,1
not gonna comply,Neutral,1
whl is economically provided by the us for the greatest part of its contributions from other countries with china taking over and us paying for it doesnt make sense,Positive,2
tiktok is owned and operated by china  never and not usa thank u iris,Negative,0
the only contribution ill share in re hmpvhumam metapneumo virus is a like a cold true its seasonal diseases for winter early spring similar to rsvrespiratory syncytial virus they are not the same whn an adult gets hmpv is due to weak immunity isolate the patient lots of rest wash ur hands frequently hydrate the patient buy over the counter coldsremedy as hmpv no medical treatment kat,Negative,0
another lies again against china how much did us budget to destroy china using mainstream media,Negative,0
pls also mention all links for news,Positive,2
this nonsense is out of india none of this stuff is going on in china,Negative,0
again stop eating  i m done living isolated for 2 years because of social distancing,Negative,0
this is all by design the people who are responsible should be held accountable,Positive,2
tied to the jibby jabs,Neutral,1
fear mongering again plandemic part2,Negative,0
viruses dont care if they travel by air or by sea lets stop all flights all shipping and all mail from china for the next twelve months,Negative,0
unlike hong kong taiwan had been a sovereign nation it had been independent xi should accept that they will try to annex taiwan but dont expect taiwan to roll over and hand the regime quietly over,Positive,2
its such a coincidence that another new deadly  inside china is taking off as announced by chinas cdc so a new is waiting to welcome trump again ghebreyesus repeated pandering to china has evoked distrust of who among many democratic countries its time to see trump kick who ass americans get your out chinese new year is on jan 29 2025 when many chinese will travel out to the world hk traced the first carrier a couple who brought the first covid case into hk if my recall is correct the first case from china was came in from a male patient in san fran 2019 2025 dejavu,Negative,0
of course biden no covid concerns trump now covid will be rampant and trumps administration will be hampered games being played to stop america from being great again,Positive,2
the whole world should blame and pay china for the covid spreading that happened,Negative,0
countries need to close their borders before they spread these diseases to the rest of us,Neutral,1
chinvid19 isnt a threat like everything made in china it was of poor quality,Negative,0
bydstands for blood on your drive,Neutral,1
this all sounds so very cough cough familiar 1 thing though we are not burdened by money hungry big pharma,Positive,2
chinas ev can never be cheap in singapore go figure this,Neutral,1
ccps strategy to claimed another lands very stupid,Negative,0
wuhan or fauci eh both,Neutral,1
news flash the majority of people in the usa do not want electric cars the weather in  of the continental us states is too cold  for up to 6 months a year electric cars just wont work also the cost of electricy is extremely high now,Negative,0
lockdowns should be banned globally,Negative,0
the chinese locals are already blaming it on foreigners,Negative,0
158 propaganda at its finest,Negative,0
what,Neutral,1
chinas new ai language model is already blaming the usa,Negative,0
bioweapon from chinese lab,Neutral,1
another covid 19 in the making in china ,Neutral,1
oh no not any viruses again by now we are all immune this is a crazy scare us all scheme enough now,Negative,0
no it is not i remember presidents nixon carter and reagan saying it is part of china the videos are here on youtube ,Negative,0
is hunter biden in china again,Neutral,1
the entire time biden was in office you heard nothing the second trump shows up new virus,Neutral,1
so bydbhas 178 chinese techeciabsinthe hotels but hw many are local tecgnicialn are working in the projects,Neutral,1
do you at all know what it will be like this spring wit the floods and rains and the effect of those humidities in the air will bring in snow also next year,Positive,2
people in the us are getting sick after those drones sprayed all of that stuff coincidence,Negative,0
oh you women huh and wont even come do the shotgun tests on me personally how many years why do you leed the women away from me and to other males it is very damaging and you only make youreselves look bad very bad really,Negative,0
china will blame the usa taiwan japan or philippines for sure,Neutral,1
thanks china in focus ntd tiffany iris tao ,Positive,2
hmmmmmwhy is this big news story if its basically mild,Neutral,1
for chinese authorities to say they comply with laws and avoid violating human rights in brazil is not true the track record of the ccp is to do whatever it takes to dominate and subdue a foreign market of a country until they have forced all other local manufacturers out of business if bringing with them indentured chinese workers who are close to slave laborers is going to improve their chances of accomplishing their goal they will do it until they get caught brazilians should not be fooled by the chinese companies,Negative,0
6 g virus this time,Neutral,1
just turn off your tv problems solved tel a lie vision,Positive,2
good thing europe stop flying to china china should stop flying out,Negative,0
covid does really start from china and again they will falsely spread falls rumors to their country its america fault to hate more americans to make their people aggressive towards americans that they think will favor to their soldiers motivation for more anger to fight america thinking they were like the best aggressive honey badgers,Negative,0
we al know democrats are to blame,Negative,0
the un keeps proving its irrelevance except as an organ for autocratic regimes and terrorists theyre hopping mad at israel for protecting itself against terrorist attacks but entrench occupation aggression ethnic cleansing and terrorism by china iran russia yemen and all the other despotic regimes,Negative,0
i mentioned on youtube 4 months ago that china viruses will be terrible in february 2025 do not travel for chineses new year 2035 a must,Negative,0
that is a result of malnourish sleeping in the open outside stress depressionexpected in a depress downfall society with an economic fall down meltdown,Negative,0
byd evs are the new blood diamonds,Neutral,1
when china sneezes the whole world catches a cold ,Neutral,1
new york based cant be any good,Negative,0
this channel sound like a western warmongers hegemony propaganda channel,Negative,0
round twoshutdown 20,Neutral,1
just another virus to make money for the pharmaceutical companies and to reduce the human population of the world but in other countries they steal children to grow the population this world is sick one of the things god hate is unfair profits so companies stand in the line of gods anger on companies,Negative,0
countries should lock their ports to all chinese citizen,Neutral,1
please explain to me how china a country that does not recognize international law unless it suits them become a a member of the un not only that but they have a voicepower to tell the un what is supposed to do,Positive,2
with these lung infections in so many children you do wonder what was in the chinese ccp covid injections the west has recorded unexplained increase in deaths in various populations you do wonder,Positive,2
bro here we go again man its covid all over again bro and from china again they cant stop man,Positive,2
o man the bullshit media propaganda starts again,Negative,0
winnie the flu v20 ,Negative,0
all 4 horse man at 1 time,Neutral,1
president trump must be vigilantchina might use the virus again,Neutral,1
rsv is a global issue not just a problem for china however the most dangerous and deadly virus plaguing china is the ccp and its parasitic leadership this is the root of the nations current and most pressing challenges the fabricated data calling a million death in the america is pure nonsense number one killer is influenza no one knows what happened since the corrupted cdc aided those to use federal funding to call it covid vice other known diseases,Negative,0
thanks miss tao,Positive,2
every winter a new respiratory infection in china,Neutral,1
how is it they wanna kill you and save you at the same time,Negative,0
the real story is that very few new vehicles for sale cost over 9000 to produce if you buy a new domestically made vehicle in the usa 20 to 30 percent of it is made in china even if you bought a new vehicle in 1999 it had parts in it from around the world,Neutral,1
dont be fooled guys these channel are controlled by seeeeeee ceeeee peeeeeee,Positive,2
there are no level playing field with every ccpland private companies whom are backed by defacto founderccp so how to compete with them no way 027,Negative,0
did someone eat another bat,Neutral,1
stop living so close together,Negative,0
long story short china cant stop attacking a trump presidency ,Positive,2
these diseases would be ok if china ever learned anything from dealing with the problem but they dont time after time they make the same mistakes do nothing wait hide oh cant hide what shall we do do a bit as quickly as possible then lie time after time,Negative,0
every so often this channel reports the same propaganda nonsense no sane mind believes this,Negative,0
viruses have been with us for ever my grand father died of typhus many years ago i am 78 i was 10we had no tv or news then so people made do as best they could now its all about frightening people so that they can be controlled by fear its all about power to control the population to make people zombies with lies,Negative,0
wife and kid just got a virus like that in a couple of days there were fine hospitals were full though and they try to run lots of tests and sell you medicine,Positive,2
the us should block chinese telecom offer in us they should derisk or decouple from them as they are a national security risk,Negative,0
america just need to grow upthey cant compete with chinachina kids is leading in mathematics science and there you have the reason for success plain and simpleour govs is intentionally doming down ours,Positive,2
russia desperate for money but the only thing keeping russia going is china,Negative,0
prc is the capital of the world for indiscriminate use of antibiotic and antivirals so it is the breeding ground for resistant disease,Neutral,1
please close all air lines,Positive,2
im gonna have to disagree with chinas ev car market growing thats absolutely not true check youtube channels like  china observer or china fact chasers  theres thousands of ev companies closing every week and a few million people sleeping on the streets of all the big cities on top of covid and whatever the hell else they got running around rampant getting everybody sick its a mess right now in china i kind of feel bad for the people i dont give two shits about the ccp though they are the reason why the chinese people are suffering,Negative,0
nope no it is not the world health organization would be warning the rest of the planet and nope they havent they dont want the us messing up again and killing more people with incompetence like during the pandemic ahahaha hahahahahahahaha hahaha ,Negative,0
there are corruption in every part of china you name itfrom the law to those incharge but still the little pinks love n support the ccp,Positive,2
tarriff plus the meta pneumonia tough break for 2025 what else can go wrong,Negative,0
the uk islamic country is well in bed with the china commies,Positive,2
what is the prc it is communist china,Neutral,1
i would not necessarily call this propaganda but using loose terms like on the rise and seen more in under 14 without any context seems like a way to have sow fear,Negative,0
the evs are parked en masse but what about the batteries that are catching fire left and right,Negative,0
how about china let usa telecom services to open up a business for the same number of years china telecom has operated in usa then after that time period china telecom can operate again,Positive,2
byd is fake,Negative,0
wow no vaccine or medications looks like that covid virus they released on the world has mutated when are countries going to put a stop to china world domination plan,Positive,2
the chinese goverment alway lying,Negative,0
im starting to taste and smell everything from a to z after having covid19,Neutral,1
all chinese people are lied to the goverment,Negative,0
china manfactuering zero,Neutral,1
its all bull shit the goverment lying,Negative,0
what an evil deed by ccp,Negative,0
here we go again virus from the virus capital of the world the covid city of the universe china,Neutral,1
always china  smh  yalls havent learned yalls lesson from covid keep clean people,Positive,2
new infections here we go,Neutral,1
keepem the hell away from here,Negative,0
this woman carla jones said the us is making a mistake if trump withdrawn from who shes a simple minded person and very naive the us should form its own health organization without ccp chinese communists party infiltration in fact un should be defunct as it is also fully infiltrated by the ccp through corruption just like the who both organizations no longer serve its founding principle based on democracy but by the ccp directive policy note the us is the majority financial contributor for both un who,Negative,0
sending prayers i hope we dont have another year like 2020 sending everyone love over there,Positive,2
here she comes again,Neutral,1
dump and russianrepublican science deniars will celebrate again when the virus hist liberal states then they will play the victim when it affects them,Positive,2
china has to realize that taiwan is and always will be recognized as a sovereign nation apart from the communist chinese mainland,Neutral,1
africanmade evs sound like a really bad idea chinesemade byd cars already go up in flames so i can only imagine how poorly made the african ones will be especially from tanzania africa needs to start off making small appliances like fans air conditioners and smart phones and gradually move up to cars this will not end well,Positive,2
over a million americans did not die from c19 they tested positive with the virus they died with the virus but not from the virus most died of serious secondary illnesses such as cancer heart disease diabetes etc look it up on the us health agency websites,Negative,0
those covipoison jabs really knackered peoples immune systems,Positive,2
what is the r factor probably much lower than covid thats the most important but nobody talks about that,Neutral,1
mmmm what a doll,Neutral,1
west taiwan tofu dreg lithium fireworks sweatshop brings your demise vs anti repair tesla ,Negative,0
province name state sponsored university biolab knockoff unit 731 tofu umbrella corporation ,Neutral,1
again the ing ccp prc china,Neutral,1
523 reeesolution this woman is obviously a robot pretending to be a human,Positive,2
trump won so the ccp released a new virus,Positive,2
sorry to say this but iris ,Neutral,1
most food you eat in china are fake toxic and the water you drink is polluted so you can easily get sick because your immune is weakend,Negative,0
close all airlines goin in and out china,Neutral,1
nothing made in china here china products banned and boycotted here,Negative,0
after the logic of the usa china should ban the iphone on its territory,Negative,0
 merry christmas everyonegod is with us,Positive,2
taiwan is part of china the argument that its not has nothing to do with history nor proximity but rather political ideology its populated by chinese people who have deep ties with the mainland and the decades of propaganda by the defeated political ideology and western powers is what has separated taiwan from china along with chinas incapacity at the time to merge the taiwanese state into china no system is perfect but id suggest that what china will offer will be exponentially more beneficial for taiwan and its people the west has a habit of dropping countries like a hot turd,Positive,2
all of this chinese rebranding crap metapneumovirus common chest cold this entire video is chinese propaganda,Negative,0
the un who need to be gone,Neutral,1
have played this game before 5 years age just follow my instructions ,Positive,2
have exam in school am not ready for online class,Negative,0
think i have it im in mn usa,Neutral,1
man not this again guess im gonna go back to minecraft,Neutral,1
doc oromi on youtube channel i cant imagine if youre human with the level of you being extraordinary thanks for the herbs im really negative of hsv,Negative,0
what did they cook this time,Neutral,1
chinas covid19 deaths will die by 50 percent,Negative,0
knew it this year was starting with wednesday thirsteday friday and that mean wtf and that also happend in 2021 pls stay safe,Negative,0
well its just the same as other like rsv it happen all around the world and usually on cold season,Positive,2
someone really hates china,Negative,0
nooo im gonna fail school again,Negative,0
no need to worrynow im really worried,Negative,0
shit how will i pass my grade now ,Negative,0
round 2 fight,Negative,0
have survived this pandemic before ahh moment,Positive,2
not new but it does have any vaccine or cure,Neutral,1
covid 20 ahh,Neutral,1
predicting that in 2030 there will also be a world spreading virus like hmpv and covid 19,Positive,2
not this again truly a wtf year,Negative,0
ive played these games before ,Positive,2
nonsense this is a report from the financial express on 8 january no report on unusual hmpv outbreak from china yet expected surge so far who irresponsible reporting to cause global panic,Negative,0
have played these games again,Positive,2
dont trust the government lockdowns will not go well no one will adhere to any of chinas european or american lunacy we are not born into governments we did not choose any of these fight for your rights dont just be sheep fight against the government rise up against government at all cost fight for your freedom and liberties and stop being sheep,Negative,0
again starting from china ,Neutral,1
we entering another new level of virus,Neutral,1
a shit here we go again did really suit this situation dude i dont want spend my time in online class dude whyyyy,Negative,0
who started this shit again,Negative,0
people stop believing all this sht again,Negative,0
interesting how this breaks out as soon as trump comes into office like how it broke out in 2020 as soon as trump was competing in an election is this actually planned,Positive,2
ya dont worry but it can take lifes,Positive,2
this china is really big problem for world china must be banned everywhere,Negative,0
its always those chinese now they are gonna get hated again just like 2020 did,Negative,0
im still stocked up with masks from the last pandemic but also this could mean more anti asian hate and many asian americans will suffer the backlash from ignorant bgots especially the trump supporters,Negative,0
god is very power ful than evil system,Negative,0
whos ready for the sequel nobody asked for,Positive,2
this boutta go from hmpv to hmpv 24,Neutral,1
bruh history is about to repeat itself only 5 years,Neutral,1
these people of china they must stop eating bats they eat everything ,Negative,0
nonsense hpmv is not a new virus please check the fact with who before you shoot an apology to the chinese must be issued to redeem yourself,Negative,0
they just dont listen,Neutral,1
this is our next checkpoint so onto the next level lol,Positive,2
the wtf on the calendar was right,Negative,0
china people eat dirty food thats why they bring viruses  to all world,Negative,0
ya now dont worry later you will say oh we need vaccine again bullsht again,Positive,2
dude i called it another lock down if trump wins,Positive,2
fake news people in china are chilin stop fear mongering,Negative,0
fake news people live better than usa stop ur dcopyrightsinformation,Negative,0
the year just started bro  covid25,Neutral,1
bro the year just started ,Neutral,1
what now bat crocodile rat and what people in china just stop eatingwhatever u eat then boom the whole world is locked upwhat a comedy,Positive,2
china is trying to decrease other countries populations,Neutral,1
its biological warfare all over again the elites do this to keep us in order and make us poorer by isolating us so we cant make money,Negative,0
here we go again it looks like bill gates and elon musk is going to make even more money new vaccines and new phobias to come out oh boy 2025,Negative,0
and i was just considering studying in china this year,Neutral,1
fool me once,Negative,0
another 100 billion dollar for the pharmaceuticals we will kill each other on this planet cos of profits this is being done on purpose to get people panic and get vaccinated,Negative,0
covid 25 before gta 6 is crazy  ,Negative,0
bro this is the second time china brings a really deadly virus omg bro stop eating wierd stuff,Negative,0
last time it took 2 months to spread where i lived im very scared to go online again man the first year of viruses are deadly,Negative,0
the problem is what they eat,Negative,0
they will create diseases you will also create medicine so that their country will become rich plagues,Positive,2
why the heck china generates new viruses every year,Neutral,1
shameful media fake news from india,Negative,0
dr udoka on youtube herbs remains the besti usually get herpes outbreaks and erectile dysfunction due to hernial problems every 3 weeks or sobut now is all over and far gone,Negative,0
shameful media,Negative,0
china can you stop eating fried dogs,Negative,0
media kkkunts stirring the pot for the globalists kkkunts,Neutral,1
covid saw the biggest transfer of wealth in human history why wouldnt they start a new moneyspinner,Positive,2
stay off the cruise ships lock in your cabin,Neutral,1
have a book about the criticism of technological development that was published in 2017 at the end of the book there is a chart and on this chart the outbreak of the second pandemic is marked interestingly in 2025 there are also charts about the outbreaks of future wars so everything is going according to plan,Negative,0
one fact i hope u will noticed this one everytime there is a virus spreading in china the big question is why is it always the virus starts from the far city or province of china why doesnt start where xi jing ping lived hahaha u can ask your self that this would be another test again hahaha,Positive,2
the lord jesus christ will return soon repent and come to jesus christ with humility lets pray heavenly father i thank that you will hear this prayer and i acknowledge that i am a sinful man with a sinful nature inherited from adam and i need and accept jesus christ as my lord and savior for apart from him i am nothing i do nothing good i believe in my innermost heart that you raised him from the dead i pray lord in jesus name amen,Positive,2
new virus but they know exactly how it will behave and spread ok then,Positive,2
hmpv in china but 3 infants in india detected fake news,Negative,0
students how do you fell ,Neutral,1
watch the indias news literqlly said its a old flu type virus that only affects older ppl and infants calm down,Negative,0
close all the fucking borders,Neutral,1
bruh here we go again,Neutral,1
bro china want to take over world that why they are trying to scar us,Positive,2
ive played these games before ahhh moment,Positive,2
the world is jealous with china thus making up all kinds of stories,Negative,0
govt no problem citizen then there could be a catastrophe,Negative,0
its a virus created by dr death fauci and the chinese government to be released on the american people at the direction of democrat leadership to hurt the country and keep big pharma in control,Negative,0
this virus fucking hurt i had,Negative,0
bro it hasnt even been a week since this released and we already have a new virus t_t at least 2020 was kind enough to give a few months 2025 is already going at it,Positive,2
ladies and gentlemen we are all cooked,Neutral,1
got a horrendous hair cut leaving me nearly bald a lockdown would benefit me right about now ,Negative,0
do you get how many people are infected with the hmpv is there any dead by this virus,Negative,0
welp guess we were correct,Neutral,1
right before trump gets in what a coincidence or is it,Neutral,1
no wonder 2025 starts with wtf like 2020 now another covid19 bruh and solar storm chance i hope all of this is fake news or else we are cooked,Negative,0
why all these viruses start from china,Neutral,1
omg not again we are with to many people to less houses people need to go the government world implementation,Neutral,1
  everything about hmpv virus explained hindi hmpv hmpvchina humanmetapneumovirus,Neutral,1
human race need to wake up and understand this game play by the so call 33rd,Positive,2
just tell the fcking president of china to stop the flights and tell people they have to stay at home for safety duhh i so scared plsss,Negative,0
why western mainstream media no broadcast this news only indian medias spreading this fake and misleading newsso funny lol,Negative,0
anything to ruin trumps presidency ,Negative,0
your media are really good at doing things a common flu is also called the new virus oh this is your job there is nothing else except spreading rumours and slandering,Positive,2
yall need to wake up america is in on it look at the fog that was speard around the world what did people say it caused respiratory,Neutral,1
im so fucking tired of this bullshit,Negative,0
never waste a good crisis,Positive,2
maybe the virus is just for the sake of averting gazes from the countrys current state,Neutral,1
uk is safe for now hope it doesnt spread,Positive,2
who will belive this shit stupid bastards,Negative,0
screamed in my car this morning after taking the kids to school,Negative,0
china trying to get a kill streak so bad,Negative,0
this new caster doesnt even know the name he said hpmv  this just proves that indian media is dumb,Negative,0
the same was informed on 1st wave of corona not to worry but we all know what happened,Positive,2
is china is a spawn point of viruses,Neutral,1
ive played this game before not this again ahhhhh,Positive,2
health system like who,Positive,2
new plannedemic they make these in labs depopulation plan by vax and great rest is their ultimate goal time to wake up and take the blinkers off,Positive,2
it is time to go and buy a lot toilet paper,Neutral,1
the thing is we have to be critical a little bit firstly we need think that why every time when trump and presidency merged or merging a virus will suddenly appear from nowhere in wuhan,Negative,0
copyrightcopyright,Neutral,1
another scam again,Negative,0
at least we know now all this pandemic from corrupt laboratory i am not scared i wont vaccinate i wont comply either,Positive,2
stop posting shit fake news you arse hole if youre from india perhaps you guys pay all attention to your own shit hygiene ,Negative,0
here we go agin just in time for trump they need to investigate why this always starts over there,Neutral,1
im not even suprised theres a new virus why cant the world just neglect chinese flights ,Negative,0
herbal medicine is the best,Positive,2
china communist party virus often shortened as ccpv is coming back soon,Positive,2
kicked off right next to the wuhawn lab again did it just another coincidence,Neutral,1
they discovered new species of bats that are more delicious than the first one,Positive,2
new vaccination which one obligatory this is becoming very very,Neutral,1
another wtf year another virus,Negative,0
china produce everything including viruses all made in china,Neutral,1
this is lies a south african is in china and he reported live on tik tok stop with your fake news please,Negative,0
its not true im in china now,Negative,0
2025 couldnt get any better,Negative,0
can we just banned china to our country ,Negative,0
the despicable indian media is back to creating rumors this is why you are hated by the world,Negative,0
not this fucking shit again,Positive,2
china will keep playing doctor plague on that shitty wuhan biological weapons reaserch facility as long as the world keeps letting it go instead of properly charging them for the outbreak all of them sars covid this,Negative,0
we shouldnt be worried at all we all now know that all the media governments and socalled experts are liars and trying to deceive us,Negative,0
they just cant stop eating bats huh,Positive,2
them mfs just testing shit in creative mode at this point ,Negative,0
no more lockdowns or masks just take ivermectin well all be fine,Positive,2
again spreading this fear cause if people travel to china and find it a better country then all the lies will be torn down,Negative,0
if this is real ill bet anything biden pffers free airplane trips to america just to get this stuff spread around and screw us over,Neutral,1
we dont need this with trump in office,Neutral,1
can you stop generating new virus outbreaks for 5 minutes,Negative,0
bro i dont want to spend university online im not gonna learn shit,Positive,2
look at those indian pooping on beach that may be the origin of idinan virus love from canada,Positive,2
am glad that i dont live in india,Positive,2
we know what country is making this virus its not china,Neutral,1
now i understand virus started in india now quickly pushed to china what a snake,Neutral,1
if youre rich just use your money not to get infected or if infected get the best medical help if youre poor just pray,Positive,2
will not fear this outbreak in jesus name devil is the liar,Negative,0
the media is the virus,Neutral,1
ive played this game before ahhhh year,Positive,2
bruh im supposed to graduate this yearchina wtf,Negative,0
make mask compulsory sanitize social distancing issue guidelines with immediate effect it is going to surge,Neutral,1
that old chestnut only idiot  arent pissing themselves laughing at you ,Negative,0
new covid19,Neutral,1
once again china has unleashed more biological warfare all of these viruses have all been traced back to china global leaders need to hold china responsible and shut china down,Neutral,1
wtf is china doing over there im asking respectfully,Negative,0
oh china again these   aliens intentionally crashed world economy with wuhan agenda this time around their implementation wont work the chinese will definitely pay the pride for destabilizing mother gaiearth india please stay away from chinese propaganda,Positive,2
this has mutated itself very concerning,Neutral,1
something is really wrong with this country not china again towards the world registered so how is china going to call the virus hmpv virus 2025,Negative,0
allah apnr family shustho rakho bipod a pod theke bachao ameen,Neutral,1
bharot e ashle to bed te deri ki ar,Neutral,1
get ready gamers its time to get back to our prime,Positive,2
waiting for lockdown part02,Neutral,1
ah shit here we go again,Negative,0
john e poralekha te aktu mon bose tkhn e chaina theke virus hair ,Neutral,1
yeeessss lock down ,Neutral,1
this is a fake bullshit news indian godi media propaganda makes,Negative,0
ban all flights from china,Negative,0
guhhh not again copyright,Neutral,1
who,Neutral,1
abar school bondo shob ato pash ssc,Neutral,1
after watching season 1 in 2020 now i am really wanted to watch season 2,Neutral,1
chin is shit,Negative,0
chin ke charidik theke bishal prachir diye ghire dite hbe jate chiner manus gulo chin theke baire berote na pare bcz we cant admire lockdown again pichhlibaar humko bohot badhe loss ka samna karna padha tha,Negative,0
ofc it starts with china like 2020 like cant someone hold their urges to eat a fucking bat,Positive,2
season 2 has come ,Neutral,1
students of 10th class,Neutral,1
bbc or international news a nai only indian media dekei bangladeshi channel gulw news banai faw,Neutral,1
pandemic eto joldi comeback korbe nah eta besi hole epidemic hobe,Negative,0
season 2 ,Neutral,1
fake news conspiracy by west countries stop thes fake news my friend talk to his chinese coworker he said all are fake news ,Negative,0
ami jantam bochor wtf diyen shuru hole pandemic hoye,Negative,0
please stop air biman comming from china do something for protection,Neutral,1
lockdown season 2 coming soon ,Neutral,1
china is very creative at inventing virus,Positive,2
chinake age thekei boycott kora uchit,Negative,0
suyorer bacca ra ulta palta jinis khay ar virus coray pura world e ,Neutral,1
dont spread false information,Neutral,1
this sigh it will last for some sighworld is now in,Neutral,1
virus utpottir desh china,Neutral,1
china should stop labrotatory making items,Negative,0
why done,Neutral,1
sob various ai country thaika asa balar chin  ,Negative,0
china strikes back,Negative,0
ssc teh bash dise hsc teo bash dibe,Neutral,1
lets gooo if it dangerous our ssc will get canceled,Negative,0
romjaner age almost every year same natok hoy,Neutral,1
so lockdown covid 20,Neutral,1
wtf is starting,Negative,0
china te sob jyanto pokamakor khaay virus to chorabei r china ar jonno puro biswa k bhugte hobe abar united nation theke china ar against a action neoya uchit barbar khoma kora jaay na,Positive,2
china should be banned from world connection,Negative,0
the world economy is not strong enough to experience another pandemic,Negative,0
already life r onk ta time and study waste hoise corona ta aibar hole amr life tai jeno nosto hoye jabe,Negative,0
eibar lockdown dile khobor asebaler virus,Neutral,1
everything is planned,Neutral,1
bangladesh er air quality joto joghonno er theke kharap virus ase bangladesh e,Neutral,1
amar heda shala ra nijera engineered virus lab e create kore and leak kore to reduce population and profit massively by selling masks and medical equipment and manush eto boka keno jader virology nia knowledge ase tara jane je virus ekta cell not living organism,Positive,2
indian news hole vuya,Neutral,1
 fake news ,Negative,0
proof,Neutral,1
ssc 2025 batil hok,Neutral,1
never take allergic medicine without montulucast it causes inhaling problem we can remove it by using thylenolpanadolparacetamol,Negative,0
ssc the end,Neutral,1
2020 started with wtf wednesday thursday friday 2025 guys ,Negative,0
where is mr lockdown,Neutral,1
round 2  ,Neutral,1
drama name 2020 season 2 upcoming,Neutral,1
abar public er hate morbi tora chin fin kao k charbona ai khali akbar dekbi tarpor public er mar kewra tola par sala ra nije der k allah er theke boro manche ,Negative,0
trump ayse  to virus ashbe  ager bar o same hoise,Neutral,1
new year wtf effect,Negative,0
whenever i try to be serious with my studies some sorts of pandemics break out ,Negative,0
aitese re aitese corona 20 hahahah,Neutral,1
new covid 19 ,Neutral,1
oh yes yes its lockdown time again,Positive,2
global pandemic hole kharap hbe nh lockdown valo lage,Positive,2
chin r bd 2 desh e virus ,Neutral,1
itll never come to bangladesh inshaallah,Neutral,1
lock down er sequel ashte choleche tai janiye dilo,Neutral,1
season 2 of corona virus coming soon ,Neutral,1
akon ai khela manush buje gechemanushke gore tala mere new world order korte chaimanush shob buje akon,Neutral,1
nice new year new epidemic,Positive,2
oh yeah lockdown is back again,Positive,2
joto shob bhondami,Neutral,1
corona season 2,Neutral,1
lockdown season 2 ,Neutral,1
seems to be hypocrisy version 20 hoax of winter flu,Negative,0
lockdown season 2,Neutral,1
baler report u should tell the details of this virus symptom n how its developing in human body,Neutral,1
2020 suru hoichilo wt f diye and 2025 o suru hoice wt f diye,Neutral,1
china sends welcome message to trump,Positive,2
its fake news,Negative,0
yeeeee r ekta break,Neutral,1
china kangladeshcopyright best friend ,Positive,2
lockdown part 2 coming soon registered,Neutral,1
egula fack news,Neutral,1
lockdown part 2 coming soon,Neutral,1
trump khomotay ashlei bipode pore ,Neutral,1
bullshit of unkown lietime to send some people to paralel universe,Negative,0
strange that only india news channel is reporting this,Negative,0
stop all chinese from traveling anywhere,Negative,0
why the whole world needs to suffer due to one countrys mad eating habits what a who is doing again,Negative,0
the prime minister health minister and chief minister should take action against all youtube news channels those who are spreading this fake chinese virus news and disturbing the peace of the common people prove your strength and concern for the people this is just a winter flu a virus from 2001,Negative,0
an hospital in china  do you know how big is china without having verified the video those images could be from filming in malaysia or indonesia the philippines in cambodia or bangladesh maybe thailand myanmar anywhere 115,Neutral,1
my 2 years was wasted because of the pandemic and cant repeat it again,Negative,0
news media working with who and deep state your plans has fail,Negative,0
14 billion people so who cares,Positive,2
when did this happen i am an indian living in china  ,Neutral,1
happy new year,Positive,2
but why and how is it infecting babies,Neutral,1
they eat to many ratas,Neutral,1
please be another out break so i can work from home ,Positive,2
china can manufacture literally anything at this point a true manufacturing industry oriented country,Positive,2
it has been planned globally by deep state,Neutral,1
fake news by our indian mainstream medias,Negative,0
dont trust this manipulation,Negative,0
now who the hell ate a bat again cant you learn from your mistakes damn bro,Negative,0
shame on you for spreading fake news every year in the winter we have seasonal flu here in hk and free vaccine is available for children and those 50 for free of charge,Negative,0
see you all in 20272028,Neutral,1
china china chinanot againwe are tired,Negative,0
thats why year start with wtf ,Negative,0
this is outright spreading rumors in the internet and again this ugly indian media is helping spreading this fake news china is the only one has a responsible who really care for its people please recall how many lives were lose in india and in usa in the last pendamic,Negative,0
we should close the borders,Neutral,1
america has a problem with chinas rise,Negative,0
india should prepare icu ventilators prevention is better than cure,Positive,2
no such case it is propaganda video china is healthy miss or misses,Negative,0
the only way boycott their goods,Negative,0
ban all tourists from china and ban all flights from china,Negative,0
god this all happens because they eat any thing they see wahala,Positive,2
i dont believe in this kind of magic,Neutral,1
who useless and worthless,Negative,0
mask yourself and sit at hometo be safe,Positive,2
not again this stupid country doesnt even share any data with others what the hell is wrong with china,Negative,0
again 2020 because 2020 was started with wtf and 2025 is also is starting with wtf,Negative,0
her news is always full of shit and she is really full of shit living in hong kong nothing of sort and also thr video and pics were from covid time just to scare us dont believe anything this woman says,Negative,0
that virus big business china bay meny mask china brand,Neutral,1
its well know that indian news is ahead of the rest of the world ,Positive,2
just like all creationwe are cut down every year trimmed back pruned and ready for new growth nature we are of natureyou cant fight that,Positive,2
you just always blame china for this false shit,Negative,0
please pray for the poor people of china they are good people,Positive,2
yall need to stop blaming china and just find a vaccine ong complaining and being racist aint gonna do jit bruh,Negative,0
block china,Negative,0
if the symptoms are similar is it possible to not catch it if not then wtf am i going to do,Positive,2
ive bearly recovered from the previous pandemic if this gets out i wont make it,Neutral,1
communist lifestyle and its result,Neutral,1
thanks to goverment and leading illuminatie they just want us to stay inside becouse what is going on in the skies,Positive,2
pterodactylus eaters,Neutral,1
block china traveling and transport till it comes normal,Negative,0
for god sake do not spread fake news i stay in china and it is normal here please do spread what exactly occurring,Positive,2
its usa fault covid 19 lab in china usa was in on it hence why do yoi think bill gates was talking about it as american im not surprised hope china citizens will be okay people that traveled too those areas will get everyone else sick,Negative,0
in china as before nobody can do un examination in china like last time,Positive,2
it may not be because of food the economy is getting disturbed because of western sanctions so maybe they cooked up another virus in lab to let the other countries grow,Negative,0
2018covid 19 2025 and counting no wait govt has to do something to ,Negative,0
just close the border,Neutral,1
this is really getting out of hand by china atleast be honest to world or world should start boycotting them enough is enough,Positive,2
nothing is happening stop spreading bullshit again,Negative,0
can we stop allowing chinese to come to our countries,Negative,0
when trump gets in power china brings virus ,Neutral,1
the clips are regarding the old covid 19 nothing to do with hmpv thats why they need to slap on the unverified video in the top left  so its unverified but yet palki pushing it as evidence ,Positive,2
fake news i live in shanghai,Negative,0
another plandemic another profit from pharmaceutical company and who ,Positive,2
just in time for trump to take office  how convenient ,Neutral,1
this womans voice is sickening,Negative,0
bullshit india tops the world for disinformation remember the china leader missing there has been a coup bs,Negative,0
yaaaayyyyy work from home,Neutral,1
covid 20,Neutral,1
it reminds me of my aquarium which was crowded with fishes they slowly died due to over crowding i was inexperienced back then this can happen to humans too,Negative,0
season 2,Neutral,1
why everytime have to start from china,Neutral,1
must censured terrible misinformation of 2025,Negative,0
they took the bring back 2020 too seriously  hope they get better though,Positive,2
covid 19 20192020 trump was the president liverpool won the premier league 2025 trump is the president again liverpool will win the league again dont worry it is just coincidence,Positive,2
they do this when trump is president,Neutral,1
cnyv stand for chinese new year virus ,Neutral,1
 indian citizens in china saying godi ghuucopyrightmedia making false statements ,Neutral,1
they eat bats rats snakes cats warms labostor crocodiles flamingos termites red ants eagles baboons back mamba africans so are we going to stay in this world suffering with people who dont care about life,Negative,0
palki sharma why do you badmouth china but silent on indias outbreak i used to admire your post but not anymore because i realized that you are not objective and are fake news,Neutral,1
this virus began in chickens and turkeys once again eating animals does us humans no favors,Negative,0
wtf this scaryits like 2019 againstory and hear say started on januarywhen march startedits too late the world lockdown,Negative,0
the media loves to portray china as a scary backward country,Positive,2
perlament govt population control something virus name ,Neutral,1
not untill they stop eating every livingthing,Positive,2
this is no mistakeits a re make,Negative,0
nobody cares anymore palki u need to stop reporting this bullshit from chynah everybody tired with fake health crisis,Negative,0
the world goes from worse to worse and worst jesus christ is coming soon accept him as your personal saviour and lord of you life youll never regret it the only secure place to live in is the presence of god,Negative,0
2025 drops the sequel,Neutral,1
no sympathy will be offered from the philippines they are bad neighbor,Negative,0
why indian media manipulate everything,Neutral,1
its a sign the second coming of jesus is near,Neutral,1
why are all these viruses originating in china has anyone ever stopped to question that,Negative,0
according to other youtube sources this virus outbreak news is not true it happens to be a normal flu,Negative,0
unknown origin how about laboratory there thanks me later,Positive,2
the perpetrators of covid are back again,Negative,0
no use listening to any chinese reps,Negative,0
time and again why is it china always are we supposed to believe that its nothing but just a coincidence that 99 of such strange viral diseases originate from china clearly something is off,Positive,2
my friend working in china say nothing there,Positive,2
60 years lay dormant in china why suddenly spread rapidly,Neutral,1
another effort to decrease the population,Neutral,1
china is playing with the whole world they got away with coronavirus this time they will be punished ,Negative,0
russia foun biolabs in ukraine meant for russia and china,Neutral,1
dear china we pray for you  love india,Positive,2
another developing virus spreading coz of a man lust for power and gain,Positive,2
season 2 is released registered,Neutral,1
im malaysianim in china to travel this is a fake news its nothing happen in china the virus hmpv appeared in the us as early as 2023 it is similar to the influenza just want to smearing china,Negative,0
imagine china allowing people to film and post thigs they dont agree with or need,Negative,0
shameful wion that spreads chinese propaganda,Negative,0
china never releases bad news unless it fits their narrative they always have everything under control and everything is always good this is fake,Positive,2
only showing videos and pics no news person is there in china this does not proofchina does not share its news openly like orher countries why every time china spread the virus because very few people cross the world visit or lives in chinaso no one share the news,Negative,0
as soon as trump is back a new virus is out i will only accept this if we get a new warzone game with verdansk on it,Positive,2
dr poornima registered poornimanimo hmpv virus is not new to india there is no need to panic it is a virus which affects little kids below 5 years elderly causing common cold type symptoms the patient recovers within 2 to 5 days hmpv infestation is common in winter season only immunocompromised patients the weak debilitated and premature infants are at high risk hospitalisation is required in a few cases every year we have cases of hmpv virus they are just treated as common viral infestation of lrt cover yourself in winter maintain hygiene clean your hands and avoid overcrowded places if accompanied by kids,Negative,0
most important you forgot to mention what the mortality rate is,Positive,2
well i know a few couples in your district and they made a video showing otherwise blackrock vangog fauci gates pfizer are all pitching in again remember i followed the money and it was leading me right to you,Positive,2
we just got over covid and now were going to have another pandemic without tik tok ,Neutral,1
lie nothing diff here,Neutral,1
come on folks this is an another hoax leak out,Negative,0
dont create this speculation and create havoc as you go to ukraine for war report you better go to china get the authentic report,Negative,0
oh hell no f you ccp ,Negative,0
so much needless scaremongering its a winter cough if it targets children and adolescents why is the footage of a normal crowded ae full of just adults,Neutral,1
haha again fake news on china again,Neutral,1
japan must close the borders to chinese travelers and visiters again filsy and dangerous,Negative,0
lord not again ,Neutral,1
great now theres going to be another thousand billionaires,Positive,2
its been fucking 6 days in 2025,Neutral,1
come lord jesus,Neutral,1
ban all chinese to others countries,Negative,0
 fake western india propaganda,Negative,0
this country is being a burden for the world,Negative,0
whats newanother virus from china,Neutral,1
from 13th jan kumbha mela is starting if single person has hmpv virus and heshe goes to mela then it is manmade disaster hope our gov will do something,Negative,0
stop eating dog  the spirit is hunting you,Negative,0
chuck fina,Neutral,1
new software export please rest of the world start antivirus software ,Positive,2
on repeat wow,Positive,2
i understood china literally playing with the lifes of human all over the worldits a biowar because othersiderussiaukraineiranisraelfighting with weaponsbut china cunningly releasing virus i sense in future there are deadly viruses going to release out,Positive,2
because they literally eat everything that moves,Neutral,1
what if china govt just using tactics to reduce world problems by reducing world population ,Negative,0
omg  not again bloody china shame on u thooooooo u spoilt entire human race,Negative,0
brainrot people making fun of india calling it dirty should get out of their delusion and look what they get from the most advanced country a new virus in every half decade,Positive,2
they must be doing something in the lab and would have enhanced it in the process,Neutral,1
ohh boi here we go again,Neutral,1
stupid channel spread fake news,Negative,0
banned china,Negative,0
ban chinese people registeredregisteredregisteredin every airport around the worldregisteredregisteredregistered,Negative,0
oh come on you dont seriously think you will convince people this time at least be more creative with the script and images again china again a dangerous virus again the only cure pushed is a vax geez world controllers are so dumb,Negative,0
whats wrong with these people,Negative,0
ive played these games before,Positive,2
what did they eat this time,Neutral,1
china is the dj khaled of viruses another one,Neutral,1
what we eat can also be a great problem for others,Positive,2
it is very wise to completely stop air travel from and to china at this time,Positive,2
life has become a movie,Neutral,1
i am her exboyfriend and i am from shanghai i abandoned her several years ago thats why she made up these fake news,Negative,0
another biological war by chinarequest govt to be alert since he cant fight face to facechina will again tumble the economy of world govt pls be on alert,Positive,2
as i sit hereriddled with some bs bug that feels like im 16yrs old with the fluhavent been sic like this in over 30yrs2025 might be my last yearhere i come stephanie  good luck everyone,Positive,2
its pure diversion from taxation issue ,Neutral,1
this country is a serious headache,Negative,0
if you ordered anything on temu etc make sure to wear a mask and sanitize everything you bought there even the packaging,Positive,2
 that may worker for christmas india but we are not falling in the same trap,Negative,0
china should be quarantined,Neutral,1
no other media is reporting on virus why india is obssesed with china,Negative,0
please stop reports fake news,Negative,0
its called karma god knows how to deal with wrongdoers,Positive,2
children adolescents she is terrible when it comes to prouncinations,Negative,0
why cant they stop eating those weird shit bruh ,Negative,0
how come this isnt a bigger headline  ,Neutral,1
its not specifically china but seems like a political tactic between countries and politicians to affect the world economy together once again,Positive,2
weather forecast,Neutral,1
china is using another bio weapon so get ready ,Positive,2
pharma mafia will loot us,Neutral,1
source of troubled,Negative,0
you know its bad when registered is talking shit about you,Negative,0
we just come from china every things is normal dont just trust my words theirs thousands of people in and out of china if it was that bad fox news would explode on china already first post is a company that get funded from indian government to push china as down as possible but it wont work a big case like you can not cover india is one the world most inhygiene place in the world but you dont hear she talking about it she barely said anything about you it seems like its almost perfect,Positive,2
ban all chinese around the world,Negative,0
nothing but fake news lol  huge parties and parades happening in n china as we speak,Positive,2
memories of 2020,Neutral,1
covid 19 season 2,Neutral,1
hope they have learn a lesson from covid and able to stop from spreading within china and worldwide,Positive,2
it came from a lab in mumbai meat market,Neutral,1
i think its rubbish no one trusts the who anymore because of the connection to bill gates its funny that is near trumps inauguration,Positive,2
china s plan to reduce old people,Neutral,1
lets all complain to the youtube administration about this channels evil wrong doing of promoting hatred and misinformation thanks,Negative,0
this evil shameless fake news is constitute as hate crime against another nation and it has been reported to the youtube administration,Negative,0
time to short the market 2020 all over again,Neutral,1
pls try sulphur smoke,Positive,2
stop international flights and close the border,Negative,0
dear chinese everything on earth is not good for health apply rational dont act as fools,Positive,2
they liar to us dont believe,Negative,0
china need to sue this lying clown,Negative,0
will it be another blunder by the who why are the world leaders quiet on this dangerous virus are they puppets of some multibillionaires who are controlling almost all the world nations,Negative,0
man the timings unreal,Neutral,1
if its been around for 60 years and affects young kids mostly why is there no vaccine yet ridiculous,Negative,0
well everything is made from china,Positive,2
shame on you chinese people,Negative,0
chinese are very good at it,Positive,2
crazy how you guys believe in this its all controlled by the system ive never got sick never got vaccined and always took care of myself i dont really trust those none natural vaccine,Negative,0
not this shit again,Positive,2
please close the border to chinese close the border for all chinese they are sending again another corona virus to distroy the west,Positive,2
you chinese must stop eating anything what the hell is wrong with you let no chinese travel out to any country the world is not ready for this stupidity why do you have to be the starting point of all disrruption,Negative,0
the real sick men of asia,Negative,0
lock the borders now,Neutral,1
china economy are sinkingif this virus spread china will earn again from exports of mask medicines etc banned chinese from entering your country,Negative,0
evil regime but the world still trades with them helps putins war effort and north korea and is devastating africa destroying the worlds fisheries on the global seas wake up india usa and eu,Negative,0
china made me miss college for 2 years my family was badly sick in second wave i hate china,Negative,0
nah china its creating its own viruses at this point in general tourists should stop visting that country anymore,Negative,0
omg india lies outbreak crisis,Negative,0
the world is going to end frfr,Neutral,1
china dont hesitate even once before putting the world on the sharp edge of danger in whatever arena be it geopolitically commercially medicallythe most dangerous one etc etc matlab duniya tabaah ho jaye but apne shan mein gustakhi na ho what an irony,Negative,0
alrightyyy those who were able to escape in 2020 brace yourselves this 2025 ,Positive,2
released a virus to combat population,Negative,0
these indians always make fake news bruh,Negative,0
new year gift from our beloved neighbour ,Positive,2
nice try india,Positive,2
ban travel in and out from china who needs new leader,Negative,0
dont come to the uk pass it on here ok,Positive,2
nothing good comes out of the dragon everything happens thrice,Negative,0
thanks india for letting me know the truth,Positive,2
this is fake news,Negative,0
spreading fast and china still in denial,Neutral,1
in pandemic 10 bat soup in pandemic 20 dog soup registered especially made by chinese government ,Neutral,1
trumps presidency they want to release a virus biological political play good luck earthlings,Positive,2
they sell  vaccine again and again,Neutral,1
if they have created this they will pay a heavy price this time hari om,Positive,2
new planned outbreak by bill gates and unwho,Neutral,1
everybody instead of cursing chinajust pray for those people affected suffering and pain is same for everybody we all live in one home called earth so be aware that it wont spread and find ways to control it rather blaming ,Negative,0
literally made in china ,Neutral,1
what is wrong with chinese we are sick and tired of you chinese,Negative,0
it is a man made virusyou know what country is capable to create,Positive,2
india ready for any virus we have world leader and power cow dung and urine will be world wide medicine in future yogacow dungcow urine only need for us,Positive,2
there is nothing serious therewestern mouthpropagenda paid mouths making fake news,Negative,0
come to india we will give claps and lights jai modi,Neutral,1
not this again they should keep this one to themselves,Neutral,1
booooooo even if i get sick im not halting my life just for fear,Negative,0
the prize of being godless,Positive,2
fear not,Negative,0
they are acting,Neutral,1
i swear this is the election curse ,Negative,0
anointing your houses and get close to jesus christ everyone dont let fear take control again,Positive,2
no more true blue transparent christian values world leaders left in the world soo thankful jesus already won this war the prince of peace,Positive,2
while you hypocrites are going mad let me to be the first one to send love for all the kids and their families and hope them recover soon love each other have faith and trust jesus,Positive,2
they not only want to kill us but their over populated country as well,Negative,0
why have you never aired such stories from india or even us you mainly focus on china and particularly negative sides you try so hard to paint china a bad country when in real sence other countries is far worst than they are no day passes without your news outlet mentioning china even the launching of the fighter jets and the amphibious ship you mentioned as toys just so that they dont look scary your news outlet is biased,Negative,0
again new scam by china  the china acts as per their mp says to do,Negative,0
this sounds very similar to the candida auris rampage in us affecting over half of 50 us states back in early 2013 and not identifiedreported till 2016 prior to covid19 it too preys primarily on older people with weakened immune systems it also says its an going virus with no cure or vaccine for this mysterious respiratory virus too yet we never hear a hysterical cry or seek the origin for this virus in us either why is that,Positive,2
hmpv virus is not new viruswhat the heckare yiu sure about this news,Positive,2
 i was there last 3 weeks sight seeing drinking dancing n enjoying myself in the 3 of the most crowded cn cities in the world n i am still well n alive n kicking suggest you be more creative and find a better way to demonize china instead of all these fake news,Positive,2
i know what virus is going to come out for 202 2027 they already ready,Positive,2
this all drama from china they do not care about their people they definitely have some mission in their mind they have some political agenda at different levelall is stupid,Negative,0
who will gonna believe this again its time to unsubscribe we will not comply,Neutral,1
we who are in china now are laughing at your lies,Positive,2
malaysia already had 327 cases of hmpv in 2024 since many of them traveled to japan so,Neutral,1
they be eating everything and we suffer,Negative,0
all the same symptoms of radiation poision by microwaves,Neutral,1
how many vacations has the entire population had,Neutral,1
indian media channels spreading fake news again this news is circulated only among indian news channels as an indian ive seen and heard enough info given out by indian media whether to trust or not,Positive,2
i pity south indians always lies to themselves,Negative,0
fear mongering from india as usual china bashing nothing new china is doing well business as usual all fake news videos are very old lies fake news im in china  now everyone and everything is normal,Negative,0
china could never lead the world they save face at every chancelol no accountability but then again no one leading is crazy,Negative,0
we all know this is purposely being done,Neutral,1
this is just flu it happens every winter what is this nonsense indian propoganda lmao why are indians so obssessed with china its like a mental illness for indians to be this obssessed the indian fake news is getting out of hand,Negative,0
have we learnt to close the border earlier to avoid the wide spread and have we learnt not to trust chinas data,Negative,0
from china what a surprise,Positive,2
registeredmade in china exported 2 the whole worldthe virus,Neutral,1
gotta book a ticket to greenland,Neutral,1
they eat anything that moves,Neutral,1
awe perfect timing smells like 2020 again welcome to jumanji level 57 folks,Positive,2
india and 5 eyes try to accuse china with this bs every winter the goal is to contain and slow down chinas development and the world knows it,Negative,0
trying to reduce population in any means,Neutral,1
sad how they treat their own i say this regarding all the current nations ,Negative,0
mystery,Neutral,1
what is up with china,Neutral,1
another bioweapon of china,Neutral,1
why do these virus outbreaks occur in china,Neutral,1
uk government get it right this time no more mistakes that cost lives,Negative,0
exceeded expectations true when u had no expectations,Positive,2
so a new vaccine is on the way,Neutral,1
this in china bird flu in us that just mutated bird flu has 50 mortality rate ffs china needs to get its shit together sick of them no un intended,Negative,0
palki the liar,Negative,0
but the ccp told me everything is running smoothly,Neutral,1
guysplease dont see such news just go thorough not interested on any such information and news otherwise this fear will again get into your nerves to the deep of your mind to keep believing it,Negative,0
trump in power than covid comes out trump about to enter into power and china has another disease out transcending coincidences,Neutral,1
do lock down dont let them out from their country,Neutral,1
maybe their is a conspiracy between chinese government and the agency involve its a big amount of money to get antidote for that virus spreading around the globe,Negative,0
when did human metapneumovirus start hmpv was first discovered in 2001 but retrospective studies have shown that hmpv has been circulating in humans for at least 50 years ampv subgroup c is more closely related to hmpv than to any other ampv subgroup suggesting that hmpv has evolved from ampvc following zoonotic transfer so its clearly india propaganda just because you guys got triggered so hard by china recent new advanced military gears shame on you guys,Negative,0
find the last man still standing  the dr who maybe hes hidden again,Neutral,1
china diveloping another virus for their gain of money the dont care even for their citizens,Positive,2
its india propaganda that so called new virus is hmpv which already exist back in 2001 all india media reporting this fake news look like they got triggered so hard by china new advanced military gears,Negative,0
stop eating any moving animals world yet to recover from wuhang pandemic covid 19 hope chinese govt will do something about it from spreading,Positive,2
after i search all these new virus on china its show the new virus which is hmpv existed at 2001 alreadyall india media reporting this news look like they got triggered so hard by china new advanced military gears no worries indians more new advanced military from china to come,Negative,0
the reason they doing that because the hospital and the nurse and the doctor can make money otherwisetheres no money coming to them,Negative,0
hospital looks normal to me with a country that has 14 billion people surprised its not busier,Positive,2
how dare india is telling us about diseases when most of its population lives with garbage and eat from the garbage,Neutral,1
can firstpost or palki do a ground report from china i mean china is open to visit instead of spreading fake propaganda india is also suffering from a pandemic called tuberculosis but media wont report cause its so common like so many other worse things happening in india,Negative,0
some indian in chinnaalready upload some videos from chinna there is nothing in therednt spread speculation,Neutral,1
there going to wipe out all life on earth yes it come hear next ask falcy hes behind coved,Positive,2
there going to wipe out all life on earth,Neutral,1
this is more like a biological weapon to stop chinese growth,Positive,2
this is super bullish,Positive,2
it better not come to new zealand bruh,Positive,2
travel should be banned from those cities sooner not wait longer,Negative,0
i hate this world,Negative,0
china should close its doors to the world permanently,Neutral,1
world health organisation will help to cover up for china,Positive,2
chinas biological warfare against america and india,Negative,0
its already hit the uk everyone is ill with chest problems,Negative,0
dear chinese stop eating everything that moves we cant take another lockdown because of you,Positive,2
matthew 247 as the endtime draws near nation will rise against nation kingdom against kingdom and there will be famine pestilence and earthquakes in many places ,Neutral,1
china lied the virus was made on purpose to overthrow countries and as they grow strong with russia like covid,Positive,2
chinas gift to the world ,Positive,2
and they keep coming to our country ,Neutral,1
made in china,Neutral,1
i do not understand why china is experiencing viruses that pose a threat to the world once again,Negative,0
and the lunar new year is approaching meaning chinese people also from outside china will travel to their hometown to gather with families just like in 2020 from then they will then travel back to other cities or countries where they live now,Positive,2
is this true as i dont hear anything on this strange subject on the international news,Positive,2
its a great worry if no one hasnt find the cure among the whole world till now it shouldnt be chinas problem alone who needs to step up,Positive,2
this is going to hit europe just wait and see china is going to help russia and the ukrainian are going to be the first let the bets begin,Positive,2
only indians news reporting on this  indians jump on the chance to make china look bad when they cant compete in technology and strength lol,Positive,2
this is not new because china eats all animals insects ,Neutral,1
looks like another plandemic on the way folks remember to take your jab times ten,Positive,2
political manipulation concerns for the ccp the pot calling the kettle black,Negative,0
not worried at all herbalist using ayuvedic principles with local herbs with the knowledge of the doshas and elements say no to vaccines all,Negative,0
china again oh god please help my country liberia,Positive,2
and none of them go bankrupt because of going to the hospital amazing civilization,Positive,2
why this news only in indian channels,Neutral,1
i finally understand how the antichina media creates rumors about china they shoot a hospital video and even a few clips are hospital videos from a few years ago they can be pieced together to make up a rumor speaking of the new coronavirus as early as half a year before the epidemic there was ecigarette lung disease in the united states with the same symptoms however the united states did not warn the world and only said it was ecigarette lung disease half a year later china discovered the harm and warned the world antichina countries people who join forces to warn people are infected,Negative,0
i will die one day paid actors,Negative,0
not 2020 again i hope,Negative,0
i dont think china is responsible for this it is obvious that this virus was made by another country to destroy chinas popularity and then it spreads to the whole world just like the corona virus 5 years ago and like in january 2025 seriously its obvious they were waiting to do this and we all know who takes the benefits from this,Positive,2
america bundel godi sungi media it is cold season every one will come cold and cough trump came again  it was find out all ready reported 50 years ego please dont bundel there are a lots of youtubebers from china reported deferent part of china when social media remained never can bundel  your media are all ready part of sungi cresungi indian islamofobiya joined with anty islamic american western eroupian countries,Positive,2
biological warfare nobody ate a dam thing,Negative,0
peking duck rostead ,Neutral,1
big pharmaceutical is behind getting us all sick it is a guaranteed trillion dollars for any remedy totally a scam today thanks big pharmaceutical,Negative,0
leave the small country alone and you will be healed again,Negative,0
stop the bullshit,Negative,0
unknown origin yeah sure its probably made in a lab and they wait with taking action when the whole planet is affected bunch of mofos,Positive,2
higher ranking sphere cooking up new viruses to reduce human population to a golden billion,Neutral,1
let me guess they eat rats again,Neutral,1
new pandemic before gta 6 is crazy,Negative,0
right when trump wins to,Positive,2
china just reducing the population,Neutral,1
dont listen to them its all bs,Neutral,1
well how about the whole world just stops travel to china right now especially since they are not being forthcoming with information,Positive,2
well if trump is in office with all these inexperienced people on his cabinet the us is screwed millions of lives were lost how many more people lives have to be lost before people realize that god is tired of this hatred racism and evil that has been loosened some even worship him and call them their savior the plague was mentioned in the bible,Negative,0
and it has to happen right when trump goes into office once againwhat a coincidencesmfh,Neutral,1
hmpv is not a new type of virus like corona was,Positive,2
everything is made up like corona is made up every new year something will come up,Positive,2
i find it interesting that the news of hmpv outbreak is big only in indian media one cannot deny that china is the master of hiding stuff like an outbreak at the same time since china is our enemy are we overdoing this if so we need to stop and not stoop so low,Negative,0
hmpv was first identified in 2001 in the netherlands and has been circulating worldwide since then for an example in 2018 around 18 million children under the age of 5 were infected globally its quite funny to see all the indian media suddenly start spreading this fake news about china at the same time,Negative,0
full of shit news for sure,Negative,0
this news has hardly been reported in japan the projapanese foreign minister has decided to ease visa restrictions its crazy,Neutral,1
covid19 season2 has been released,Neutral,1
really is faucci visiting,Neutral,1
chinese banned halal food and eat haram food like rats cats bats this is bound to happen,Negative,0
one child policy only option to save earth and humanity,Positive,2
i have a theory expanding cities need new land to be prepared i believe some of these new virii exist either subterraneanly or in the flora and fauna on the ground that the earth moving machinery is preparing for construction if a new virii so unearthed is air borne presto suffering on planet earth,Negative,0
chine itself is a disaster to the workd,Negative,0
unknown origin gain of function research ,Positive,2
stop all flights from china,Negative,0
here we go again covid19 was ultra profirtable for pfizer the 2025 version is again man made for the same reason,Neutral,1
wouldnt trust a fkin word they say,Negative,0
hahaha palkis cheque is just cleared ,Positive,2
china come clean ,Positive,2
is china incapable of research and development for a vaccine,Negative,0
the lord is coming soon amazing news,Positive,2
why so many virus coming from china,Neutral,1
cia must have dropped something over china again as they did in 2019 demonic agency,Neutral,1
only india loves to report about china problems maybe india should take a look at its own problems first,Negative,0
nooo stop please close everything there please,Positive,2
stupes stop buying into these ppl bs,Negative,0
turn off your tv you wont catch the virus,Neutral,1
seems to me every disease or virus that comes out is always coming out of china how ironic is that,Negative,0
people please wake up stop falling for the lies and deception of this whole situation,Negative,0
the problem is they hide it when they cant control its too late like the corona virus,Negative,0
its jover pandemic every 5 years,Neutral,1
look up the symptoms of bird flu,Negative,0
close chinese borders,Neutral,1
jesus is coming soon,Neutral,1
why call it is wuhan virus call it corona virus ffs,Negative,0
and the chinese foreign minister is coming to nigeria are we supposed to receive him,Neutral,1
how come no nigerian news media has reported this,Negative,0
theatre again so the reporters and cameramen next to someone being intubated is in no danger right,Negative,0
time for palki to give it a name,Neutral,1
5 years later,Neutral,1
why from china again are these viruses lab made,Neutral,1
435 what openness are you talking about china is the most isolationist country ccp murdered their own doctors to shut them up,Negative,0
i forget when it happened but the psychopath ccp leadership made a deal with the anglosaxon elite to begin what they refer to as the great culling ccp agreed to release viruses on their own people first and then facilitate the spread of the virus out of china they start with their own people because ccp leadership has always been morally bankrupt ccp cares only about making money and staying in power,Positive,2
may god help them to stay alive ,Positive,2
coincidentally trump is in the power now ,Neutral,1
its probably all a fucking scam those people probably arent even sick,Negative,0
a day without envy and vilification of china is a day wasted india,Negative,0
of course they havent been continuing with gain of function research,Positive,2
these clowns want us worrying about what we cant see again ,Negative,0
ignore the fear tactics,Negative,0
and so it begins,Neutral,1
more bat fried rice f this,Neutral,1
2025 will be wild brace up human race,Neutral,1
guys its happeningn again its time to buy the toilet paper and get vax,Neutral,1
flu that is all news is freaking ppl out,Negative,0
china and its usual kak it provides the world,Neutral,1
we need another lockdown so hope its true we need 5 years of lockdown for global warming to slowdown,Positive,2
having the best herbal doctor is the greatest thing in life doc oromi on youtube channel is the reason im still alive today thank you very much for curing my hpv,Positive,2
chinas cooked another one ,Neutral,1
lock down china,Neutral,1
yippie another lockdown,Neutral,1
could they close the borders or sum i aint trying to catch nun,Neutral,1
i rebuke that saying it will not be 2020 again no way in the name of jesus i rebuke all demonic viruses in jesus name,Negative,0
this is their government using biological attack on their own people,Negative,0
why always china,Neutral,1
iv played these games before ,Positive,2
dont show fake news which pharma giant want to make money,Positive,2
first of all there is a treatment it called the covid19 protocol thats with ginger turmeric onion garlic honey lemon and cayenne pepper why im telling you that its because i had it for 7 days and this is what the treatment also i add vitamin b zinc vitamin c and hydrotherapy in the midst of it and plenty of plenty outside in the sun and keep my body keep moving and above all of that it was christ lord jesus that kept me safe to christ be the glory whatever mankind may develop the lord will always have a counterfeit because according to the bible in matthew 24 pestilence and pestilence means viruses disease of all kind and this is prophecy in the midst of all of that the lord always see his people through and always taught them to use the right remedy so if you want to go and burn down the whole forest and set the valleys of grass and flame because of the natural property that can help the body recover and survive and i forget to mention oregano oil as well to help soak a lot to christ be the glory blessings,Positive,2
oh no palki is at it again attacking china so she can sleep peacefully tonight give it up wont work,Negative,0
whites who are you blacks want a rebel musagetee staillion in america nor faults i surely do not,Neutral,1
china please not again ,Positive,2
is this 2020 dejavu china denial who silence we should be vigilant,Positive,2
looks like chinese release new version every 5 years,Positive,2
en china wolltowoll,Neutral,1
everything looks exactly same as covid19 and spreading in very much the same way and all the governments are also responding the same way i dont think it is something to be taken lightly,Neutral,1
ahhhh another man made virus i wonder if the american tax payer funded this one too,Neutral,1
its a fake news guys chill,Negative,0
oh again another virus out of china trying to coerce ppl,Neutral,1
real news not a reel news,Neutral,1
media just playing their role in spreading fear,Negative,0
because donaldtrump in power ,Neutral,1
why are they always producing shit,Negative,0
thank you for letting us know palki,Positive,2
whats blackrock up to this time ,Neutral,1
its not funny,Negative,0
they sit and fabricate their own diseases and spread and then create a vaccine for us to buy may god judge them this evil from china wont work this time around,Negative,0
seems like it might be bill gates and the world economic forum among others fearmongering and hoping to cause destruction again ultimately god knows the truth of matter no matter what happens on this earth stay with jesus christ stay prayed up and put on the whole armor of god because theres lots of evil people out there that are trying to lead people astray and are seeking to harm others ask jesus to give you discernment abide in him and he abides in you so that you can tell the truth and recognize when someone is lying,Negative,0
creating outbreaks in order to make money out of the innocent,Positive,2
school botta be gone with this one,Neutral,1
ive got hmpv last year im stationed in the uae and im surprised that this is now an outbreak in my experience difficulty breathing a feeling of vomiting and cough and cold as well as a fever couldnt get out of the bed and it messed up my upper lungs got the virus when i was stationed in dubai,Negative,0
season 2025 of humanity episode 2025 disease trailer coming soon,Neutral,1
if she reported fake news would the comment section apologize to china,Negative,0
romania is calling,Neutral,1
seriously china what the actual hell learn damnit,Negative,0
have yall noticed something,Neutral,1
just in time for the new trump admin,Neutral,1
wont last long since its made in china,Neutral,1
i am in guangzhouchina everything is normal here you are such a full of shit,Negative,0
how about wearing mask and isolate china or thoroughly screen everyone leaving china asap as a precaution until who confirms announces that it is not necessary,Negative,0
as a chinese i was surprised to see this news because there is no news about the virus in china and there is no news around me and we are all living normally so i checked the news websites of other countries and found that only the indian media was reporting on it and there were no reports from other countries haha i can only say that the indian media lied again as for why the indian media lied it may be because there has been too much good news about china recently which is not good for the selfconfidence of the indian people,Neutral,1
season 2 is back ,Neutral,1
will not comply,Neutral,1
their evil plan with cabal preplanned 20th jan 2025 when trump takes office this fear will fade away crimes against humanity ongoing many unanswered questions from covid 19 agenda depopulation do not comply are these old videos from 2020 i thought and believed firstpost was reliable if you have friends or family in china ask them for real news,Negative,0
within the next 6 years the new year will start wtf in 2031 probably another dangerous disease will come on the scene,Negative,0
thank you for news ropoter,Positive,2
many teachings emphasize that what you sow you shall reapoften multiplied tenfold a principle proven over centuries when you sow good karma you receive tenfold in return and the same applies to negativity while i hesitate to speak ill of india the uk the us and certain western media outlets i believe their spreading of falsehoods and smearing others with fabricated accusations will inevitably result in a tenfold return of bad karma,Negative,0
recycling old footage again i see smh might even be using ai this time around same bs and the vaccinated sheep gonna fall for it again,Negative,0
indian fake news,Negative,0
this is the snake virus ,Neutral,1
china gotta chill out we dont need season 2 ,Neutral,1
wtf is china upto,Negative,0
only some asian channels spreading news against china virus stock market need to effect in poor asian foreign money senders poor daily veges and small scale salary peoples are scared about this news because we tire sending small amount of foreign money they will getting huge amount because of poor asian currency value going deep falling,Negative,0
will this be the new pandemic,Neutral,1
viruses always starting in china,Neutral,1
this is not true or as bad if it eas more news channels would have covered it,Negative,0
danny to close up the borders and flights toward china,Neutral,1
the kung fu virus donald trump,Negative,0
fake news from india again,Negative,0
fake news media this so fakeclickbaithahaaj,Negative,0
ive seen that footage before with boy in blue at 139 this is propaganda footage sent to you or a mix thereof flu has come and gone for decades good to be vigilant but be aware of whatwhos china control who strings are looking to pull biowarfare chaos among all people continues inauguration soon arriving and what better way to sow discord panic with all that theyve learned public response from the first one we are in a pitri dish dont fall for quick new imposed pharma interventions increase ancient rsi efforts of immunity good people  unite in wisdom and steady does it,Positive,2
no one can beat palkis cynicism and hatred towards jayna,Negative,0
jesus is coming back repent before its too late do not be deceived,Positive,2
here we go again pandemic 20,Neutral,1
the us made virus hits china and russia in perspective you loosing in ukraine and decided to use this weapon against innocent people what the uck with you,Neutral,1
oh for crying out loud like fricking clockwork,Negative,0
trump again and the new chinese virus again,Neutral,1
its almost like load up on theraflu and ride it out at home,Positive,2
the virus was made in china,Neutral,1
this indian are number one liars in the whole world the new virus is never originated from china it is original originated from india,Negative,0
china doesnt have the best metrics why ask a country for specific data when it lacks the systems to collect such data chinese are not like the germans japanese or israelis we need to ponder,Negative,0
china spreading positivity as always,Positive,2
china government use biological war again to beat trump which is a shame its too clear now,Negative,0
i think i got this registered my whole family is including my 17 month has this f_k ,Neutral,1
more patient in civil hospital which you look out us,Neutral,1
please come in civil hospital ahmedabad,Positive,2
it happens often but not everything becomes like covid 19,Negative,0
india is always in pandemic situation 365 days indian hospital are full of crowd at any real pandemic condition dead bodys start floating in the indian rivers authentication of news ans trust me bro,Negative,0
fake news once again,Negative,0
did israelbiden order another pentagon deadly virus be released in china are bill gate and anthony fausy about to make another billion dollars,Neutral,1
shame on firstpost to spread fake news,Negative,0
who is higher up than china,Neutral,1
mao ning reminds me of the north korean spokeswoman denial and propoganda,Neutral,1
the fog is causing it,Neutral,1
wuhan virus i just forgot that name where it originated thanks palki,Positive,2
ban all flights from china direct indirect all travellers from china to be sent back to china,Negative,0
no we are never complying again ever,Negative,0
this is exactly what happened when your words and actions did not meet each other china has fooled us with so many cover ups before covid 19 until they cannot control it and the world stumbled upon to deal with it anyway will see the drama rolling for the next following months of 2025,Negative,0
only a matter of time before some mysterious american,Neutral,1
it will be chinese new year soon world governments need to respond asap before people start rapidly moving in and out of china during this season this is the time covid started spreading around the world,Neutral,1
only india closing borders with china will not be enough to stop any pandemic rest of the world have to do the same only then this pandemic might stop from spreading,Negative,0
if a new virus for the people of this world then china had already found the medicine and how to safeguard their own people less than 4000 people had died due to covid 19 whereas the world lost millions they cheat the public by showing videos of makeshift hospitals and attending to those infected,Negative,0
huh here we go again season 2,Neutral,1
is this news verified,Neutral,1
well if all the students hear about this then are very happy ,Positive,2
if so close the border,Neutral,1
its already here,Neutral,1
man made it will fall in jesuss name no plague no disease will come close to my tent,Negative,0
we cant deal with another covidlike lockdown again i sure hope it never happens,Positive,2
this time we ban everyone from the us,Negative,0
there must be a board the prudently manage an emerging virus,Neutral,1
chinese must eat dal roti chawal etc not to eat all types of animal,Neutral,1
cough propaganda cough,Negative,0
no propaganda india godi media hmpv virus is already spreaded in indian himaliyan states due to cold weathermeans while godi media modi is vishwa guru,Negative,0
china is living 2050,Neutral,1
looks like its all fake unverified video it seems who has not declared anything urgent stop doing such unverified news,Negative,0
once again humanity has done what its always done when it comes to finding ways to make it look as if someone has history has shown viruses has always been a way of life on this planet  registeredregisteredregistered if its true humanity will always become creative again and work to find a cure  heres a question  when is comes to creating solutions to rid humanity of war homelessness starvation healthcare for all and most importantly peace on earth and good will to humanity  just a thought  humanitys love for one another is key to creating heaven here on this beautiful planet   for all of humanity ,Positive,2
so a new wtf year begins and it opens with a new virus anyone noticing the pattern ,Negative,0
you will eat zee bugs,Neutral,1
come on i dont want to be locked down again,Negative,0
be ready pubg gamers will be back ,Positive,2
keep it in china please,Positive,2
believing palki sharma and indian media is just funny its like going to tseries to expect quality journalism,Positive,2
last time they screwed the world over they received zero punishment,Negative,0
something tells me it wont be long before chine sets off the zombie apocalypse,Neutral,1
they have over population in the cities over the years we all live like rats in a box when there is miles and miles of open spaces to live in separating the people would help quit living like rats in a box,Positive,2
american media has been quiet about this issue the coverage over hmpv is overwhelmingly from india,Negative,0
this is another fake news and you fall for it,Negative,0
hope you are not lying because channel has ties with india ,Positive,2
why share a video that you can not confirm the source you are feeding fear,Negative,0
is it a coincidence or do ufos and pandemics only appear when the right wins in the usa trump,Positive,2
wheres slouchy fauchi,Neutral,1
lol china is conducting a health drama again because donald trump is back to power just like what they did 6 years ago they think they can fool the world again  the truth is their economy is collapsing because of us tariff law and they want the world economy to collapse too tha is if the world is still a fool like it was 6 years ago ,Negative,0
chine whats wrong with you people new viruses every kow and then something must be done please dont travel to other countries,Negative,0
hello palki fake news doesnt help you the virtue of news report is truth what you report is just demonization and slandering,Negative,0
check wuhan you will find it there,Neutral,1
its a fake news videos on the internet are from the old covid these are not the new videos,Negative,0
we are doing a sequel,Neutral,1
i came to say please borders must be closed with immediate effect,Positive,2
someome said new update just dropped ,Neutral,1
how much did democrats pay them this time,Negative,0
india is the greatest country makesure toilet is clean first,Positive,2
fake newsashame,Negative,0
you know what else is massive ,Neutral,1
when you watched this and everything just had happened during covid 19 pandemic flashesback ,Neutral,1
beta gamma research china virus 20,Neutral,1
thank you indian but i feel obliged to point out that before concering chinas situation you had better take care your shitting ass,Positive,2
what did they eat this time shit,Negative,0
i think that gov should seal the airport so soon as possible,Neutral,1
these viruses be frieze because what the hell ,Negative,0
new years gift for the world from china,Positive,2
covid had been around since the 60s its all lab born man made,Neutral,1
lets learn from last time shut down all flights from china,Neutral,1
class 10 board and 12 attendance here ,Neutral,1
they need to stop  eating wild animals,Negative,0
this is the work of the globalist we expected thisthe same disease pneumoniathey manufactured covid during trumps era and they are back,Neutral,1
if the video is unverified why you show it,Neutral,1
i dont understand whats this source call social media,Neutral,1
its gonna be covid 19 plus 6,Neutral,1
close our borders now,Neutral,1
please god cancel exams,Positive,2
china theres no shame in telling truth it is a part of honour help your people just like a cure was found for covid maybe they could do it for this virus too if you need help with extra staff or equipment please ask the worse they can do is say no best case you will get some temporary aid to help your people your family they are all your family your niece nephew aunty uncle honour and respect for the people and the safety of other nations please global travel moves viruses quickly usually by accident its the nature of viruses it always has been hope they all get better soon,Positive,2
this news reporter is based,Neutral,1
dear lord let me graduate in peace this year,Positive,2
who let the dawgs out again ,Neutral,1
china will deny it again,Negative,0
covid season 2 before gta 6,Neutral,1
it was caused by all these foreigners who was visiting china with free visa policy,Positive,2
china is once again at the center of a health crisis five years after the covid19 pandemic began the country is being criticized for not sharing data about the new outbreak which has raised concerns that it could become another global pandemic neighboring countries should be vigilant about the situation in china and take steps to protect their citizens,Negative,0
this is duplicate version of covid19 not again ,Neutral,1
were fucked again,Negative,0
old players comeback,Neutral,1
its happening again this to distract you and take away your freedoms,Neutral,1
if its real they should stop all planes last one was a test and governments failed the people trump will tell all if he shuts down planes from china,Negative,0
hike in prices again oh no where we will get money,Negative,0
who ccp it fake news nothing to worry still not everyone dieing everywhere one time,Negative,0
border seal flight seal,Neutral,1
will not be getting vaxed again no way no how,Negative,0
how can people still believe this shit wake up people,Negative,0
fake news and old videos,Negative,0
who will profit the most if this is true  talking about billions,Positive,2
o sht hear we go agin ,Neutral,1
russia clutches up with a possible cancer vaccine china creates a deadly virus,Negative,0
shut down china,Neutral,1
i barely survived the boredom of 2020 now this what animal did they eat this time,Positive,2
well ping it better not make its way out of china or this time there will be a new agenda and youd be stupid not to know what that is,Positive,2
shieeeet i sure hope we get another round of shutdowns,Positive,2
and history repeats itself again its traumatizing,Negative,0
now they again fool indians to forget the torture of bjp like when they mention pakistan happen,Negative,0
 still in denial lying to the world ,Negative,0
fake news on peak by godi media,Negative,0
these was already planned for 2025 watch the link below,Neutral,1
your anti china stance hurts your credibility as an impartial journalist,Negative,0
so the sequel of covid19 is finally here,Neutral,1
here we go agan,Neutral,1
if this means i have to go back to online classes _i would rather cease to exist_,Neutral,1
simple close all china borders until this is controlled so the world can be safe and they can fix it,Positive,2
do not trust who it belongs to china,Negative,0
covid25 is back again,Neutral,1
communist china perhaps had a lot of organs from covid victims it had the cure so while people died the communist party harvested their parts for export commodities,Negative,0
what crap,Negative,0
china has been playing plague inc again ,Positive,2
this is just another strategy for china to get to the topreleasing another bioweapon,Neutral,1
communist china is testing the effectiveness of its newly invented virus on its own people before exporting it,Neutral,1
no no no no you guys are not ruining my 2025 year im not going to stay in home i do not consent to this just keep that crap in china close the borders naval airway because im really sick of it,Negative,0
ccp bullshit again,Negative,0
what are the chinese authorities upto it seems they always mange to conjure up some life threatining virus now and then who should impose some super strict scantions on them,Positive,2
best to stay home and not travel anywhere,Positive,2
i know how much india hates china,Negative,0
covid 20 the return,Neutral,1
its all about controlling the systems all over the world,Neutral,1
please find from japan,Positive,2
china always wants to look good for outsiders by covering up viruses like we dont know that covid came from china,Positive,2
palki sharmas tragedy the dream of indias rise is shattered you can never trust a man in a skirt,Negative,0
yeah anything to derail tge trump administration clearly the war mongering has failed,Negative,0
vaccine theory is a bogus theory its made for making money no vaccine really saved any real case and all vaccines came only after the cases are gone immunity was formed only covid came during outbreak and even now many are suffering because of vaccines and maltreatement never boast vaccine as a method to save humanity,Positive,2
someone ban this country from the rest of the world,Negative,0
they are reducing the population,Neutral,1
please close the us border,Positive,2
chaina products are always low in quality expect these virus,Negative,0
yeah guys its good game,Positive,2
is this real some says fake news,Negative,0
yeah india learnt from the past lol ,Positive,2
and the whole world will be on luck down again,Positive,2
wtf chinese never disappoints us2025 here we go again ,Negative,0
actually if you think about doesnt china trying to put their people on quarantine even if the covid 19 is over,Neutral,1
nobody can trust who ccp or obiden administration and this is happening right before trumps inauguration desperate move yet innocent people will die around the world just like covid china virus,Positive,2
why they waited till trump again v,Neutral,1
yall ready for round 2,Positive,2
why are you guys spreading fake news you should be ashamed of yourself,Negative,0
this is report is more dramatic than the effects of the  unknown virus which has been known for the past 24 years heavens knows what will happen if the virus ends up in india a real disaster given the poor status of its health care facilities there,Negative,0
any sickness and virus always comes out from china its bizarre,Negative,0
china on rampage crushing humanity with its biological warfare ,Negative,0
everyone who tries to impose fear to people plus this channel are all dumb,Negative,0
why it always start in china tho,Neutral,1
these people have destroyed nature in their countries in the name of development the nature is fighting back they dont have fresh air to breath,Negative,0
why people eat animal ,Neutral,1
wuhan viruscreate a pressure either collapse or break a systemchina seems to handle such issue efficiently developing country can expect only sympathy and kneel before it than defend it,Negative,0
what is china planning ,Neutral,1
i just reading the comments and wondering how come the american people are so stupid comments like close china border or stop traveling chines people or seriusly something wrong whit china sorry but you guys dark as a night really you dont know what is going on bill gates told you gonna be another pandemic  they doing again but this time the virus gonna be stronger so you will rush to get vaccine big mistake again unbelivable i cant belive most of the americans are blind maybe the fog inside,Negative,0
omgso what who doing now,Neutral,1
right thats why weve never heard of it because its been around for 60 years ,Neutral,1
w h o put all restrictions in and out travel from china and hong kong,Neutral,1
stop all chinese entering or any person coming via china,Negative,0
where is who these guys r sleeping no action in time in fact who is responsible for the spread of these virus,Neutral,1
the timing is that trump is getting elected and bill gates comment that india is a testing lab was known to all,Neutral,1
just launch hell fire already yall dragging like a cheap suspense film registered,Negative,0
close the border an international flights,Neutral,1
ban incoming planes from winnie the poohs la la land,Negative,0
every thing that you buy from amazon walmart and dollar stores are all from china so they already brought it to the world,Positive,2
i think this is fake news,Negative,0
that is true maybe that is the fruit of cold weather yesterday night i heard the news from 24hours that there was new virus spreading in china,Positive,2
this is what happened when trump got in the first time and was kicking chinas butt they released covid on the world because trump is a threat to these globalist and their plan for one world order shame,Negative,0
time for round two,Neutral,1
sheeple will be sheeple,Neutral,1
enough is enough please close the border this time fast action needed,Positive,2
they eat everything and then they say weve spread a new virus wtf,Negative,0
shame on you as a nation,Negative,0
human metapneumovirus hmpv can cause upper and lower respiratory disease in people of all ages especially among young children older adults and people with weakened immune systems discovered in 2001 hmpv is in the pneumoviridae family along with respiratory syncytial virus rsv and india media trying to make a big fuss about it fake news lol,Negative,0
they just want to end up vaccinating our children thats what it sounds like,Positive,2
hmpv isnt new virus its existed very long ago peoples dont study now,Neutral,1
china must be quarantine forever,Neutral,1
bro covid needs to put the fries in the bag ,Neutral,1
america is behind itthey cant used millatry warfare agianst china they use germ warfare,Positive,2
what have they eaten now a rats head to get rid their spots registered,Neutral,1
pneumonia of unknown origins pouo pouo25,Neutral,1
215 you know what else is massive the low taper fadeeeee,Negative,0
bro the year just started what,Neutral,1
they keep making biological wepons laboratory made virus they should be held accountable for all the deaths worldwide while the true defenition of genocide,Positive,2
those five areas are having cold winter months so flu like virus do happen here where i am in the south there are no cases,Negative,0
can you tell please what does who and others are saying,Positive,2
the only thing indians learned from the brits is how to use news to spread rumours maybe you should learn how to build a prosper society and work ethics like the brits,Positive,2
propaganda by omission as usual from this channel,Negative,0
covid25,Neutral,1
it is just a type of flu which has been around for 60 years of more but was only identified by scientists around 20 years ago the us also saw an increase in hmpv cases in april of last year it is has a slow growth rate and has nonspecific symptoms and there is no specific vaccine for it as per the us cdc the mortality rate from the virus is very low to non existent the uk has over 5k people admitted to hospital in novdec suffering from flu with around 200 in critical care why so many is that the fault of china or just that people refuse to wear a mask or take other precautions to stop the spread,Negative,0
first of all if china hasnt shared any data how does the news know about it the videos are unverified so no one knows if the video is recent or 4 years old in fact the indian lady doesnt know anything verified,Negative,0
unknown origintortoise registered,Neutral,1
anothermedically made epidemic,Neutral,1
palki palki palki when news like this come out of china palki is spreading the news like everything she said is confim i dont see alot of news from india with there disease palki always talking china ,Positive,2
welcome 2025,Positive,2
they wont close these behaviour of out break of viruses since the global population comes to zero because they community want to occupy whole world fully on their hands with out war other way to war is spreading these viruses  brainless people spoiling the whole world peace  what to do  god should only come and save the planet,Positive,2
ahhhhh shyt here we go again cjs voice ,Neutral,1
a i video another lie,Neutral,1
stop this lie new method of war,Negative,0
i just got some new spicy potato chips and theyre really spicy wow theyre yummy though,Positive,2
beijing blocking data is same shit with corona they just need to build vaccine first before introducing the virus to the world and while philippines health department spokesperson said nothing to be afraid cuz its lie just like how they downgrade corona first before reacting to the matter at hand,Negative,0
world is still recovering from last chinese virus now this new one,Neutral,1
this happen because chinese eat wild animal insects etc,Neutral,1
there are no suchreports from any media palki is spreading fake news trying to demonise china,Negative,0
looks that its in texas already,Neutral,1
european living in china here this is scaremongering please stop this nonsense no such event taking place,Negative,0
there we go again another gift for pres trumps victory maha,Positive,2
the indian media will also spread rumors and discredit what else will it be,Neutral,1
ban right all international people in india,Negative,0
well well well time to pull your pants down this time for the needle,Positive,2
stop eating everything which moves china,Negative,0
why is it only china do they manufactures death always,Negative,0
early dismissal is exactly what happened with covid19 soon it turned into gradual alarm and then became fullout panic prepare for the worst hope for the best get stocked up on bottled drinking water toilet paper sanitizer face masks and nonperishables as soon as you can,Negative,0
breath silver 20 ppm 3 spoons a day ionic silver zinc vitc drbill,Neutral,1
china has become the no1 producers of virus too,Neutral,1
i will not comply,Neutral,1
are you sure this is not fake news created by ai,Positive,2
biological warfare,Negative,0
another plandemic,Neutral,1
im a singaporean working living in shenzhen china across the border from hk for 2years till today 05jan2025 and ive recently been to at least 5 public hospitals in southern china theres absolution no truth in any of your reports on china hiding a new pandemic virus etc while i support freedom of press and reporting of the truth but spreading such rumours is fearmongering biased reporting,Positive,2
that hospital looks pretty clean and orderly to me,Positive,2
oh shit here we go again,Negative,0
buisness again,Neutral,1
why does this happen when trump is in power or about to come in power,Neutral,1
this time we are done at all,Neutral,1
please close the borders we cant deal with this again,Positive,2
its almost the same time ,Neutral,1
fake or not we must prepare and close all border,Negative,0
its massive if ykyk,Neutral,1
please not again,Positive,2
what convenient timing are you kidding me we will not comply,Positive,2
trump effect ,Neutral,1
we must start to call it as 2nd china virus instead of hmpv,Neutral,1
i echo her sentiment here but why does she keep calling covid19 as wuhan virus during 2021 a lot of asians living in us faced racial attacks because trump started using this term can you be a bit sensitive to racism people may face just because their home country situated halfway across the world is messing up,Negative,0
its always these damn chinese man,Negative,0
another  virus  made in china oh registered,Neutral,1
result of eating all kind of insect and animals including human,Neutral,1
please dont give it again in the world why everything happens in china  hope to heal soon,Positive,2
no come on guys not again your warfare should not disturb us  poor people are suffering please depopulation,Positive,2
new virus exactly 2 weeks prior to trump taking office ,Neutral,1
they creat virus ,Neutral,1
get ready again,Positive,2
this lady is cute,Positive,2
nooooo fuuuuuck not another pandemic,Neutral,1
christ jesus is coming back soon folks may we all repent and live for him before its to late  ,Neutral,1
its coming i hope everyone stays safe hydrated please drink plenty of water and fruits and herbs trust me you will be fine god bless us all for protection and strength,Positive,2
china must be declared as a forbidden nation,Negative,0
this virus came from india,Neutral,1
this country didnt learn a lesson from covid19,Neutral,1
oh give me a break trying to suppress trump again,Neutral,1
eating rats and anything that moves what do you expect,Neutral,1
pfft id be more worried about the people if you do impose restrictions,Negative,0
but where did it came from,Neutral,1
it is a common respiratory disease that has been impacted to the people living in modern life styles i think if it doesnt have a treatment and it is contracting only to a certain age of people it couldnt be a serious disease it is hard to developed to a global panicky situations if it was the government intelligent agents wouldve informed and global traveling shouldve been restricted by now and if it is highly transmittable virus the most frequently travelled areas such as hong kong taiwan and s korea will be severely rampaging patients in regions initially but differently from our concerning everything is quiet and normal globally those medical and social commotions could merely be a local and seasonal symptoms that people suffer from,Negative,0
map was shown red ,Neutral,1
fake news is published every day and the indian people really have no thinking ability and they are fooled by the media every day poor thing,Negative,0
who would have thought after a mass roll out of trial gene therapies and vaccines all around the world that peoples immune systems are tapped out goodluck to those that swallowed the propaganda hook line and sinker,Positive,2
theyre are eating dogs and cats ,Neutral,1
why china again is this their strategy to dominate the world economy ufff,Negative,0
get well soon china,Positive,2
when it comes to the military china is an advanced country but when it comes to diseases its a third world country earlier most of the diseases would evolve or emerge from the african continent because of poor economic conditions but now its china because of extreme economic advancement,Negative,0
oh man tell them stop eating every shit they see ,Negative,0
news here in the phils says china saying its all fake news goodluck phils same scenario last covid pandemic,Negative,0
antichina news from indians lol the phrases used in news reporting are so insinuating and meant to generate negativity,Negative,0
the music doesnt help,Negative,0
winter time in china this time its common to have a flu like symptoms and cold,Neutral,1
im not going to comply so dont start with me,Neutral,1
ichina and africa the elite is doing the the is to people so they can get richer,Positive,2
bill gates will bring it to america he must be stopped ,Negative,0
why is this news not broadcast by another country channel i am seeing all indian channels only,Neutral,1
the us is losing hard these days it looks like they are using biological weapons again in china,Negative,0
propaganda from palki nothing new lol,Negative,0
take necessary action who has to reponse as soon as possible,Neutral,1
fighting about an women desire not too much head on me,Positive,2
dont let them come to our country please,Positive,2
just another wef and china lie,Neutral,1
if she can pronounce the province name correctly i would have trusted her,Positive,2
its all theatre,Neutral,1
will there be a day when she will say some good news about china lol,Positive,2
i love this lady,Positive,2
im not with the who and feel that china needs to be transparent about any and all viruses there needs to be a health transparency stop waiting to the shit hit the fans,Positive,2
west and israhell trying to controll china economy with virus,Neutral,1
why is it always china,Neutral,1
bro 2025 just started ,Neutral,1
its can stay in china,Neutral,1
opportunity to vaccinate children this time,Positive,2
year of the snake,Neutral,1
another palki long nose pinocchio lies hospitals are always crowded especially government hospitals,Negative,0
maybe from the fog thats going aroundsounds a lot like the same script as beforemaybe just the same oildpoisoning that the psychos are obsessed with,Positive,2
some people only believe what they want to believe so they are easily brainwashed by crap media,Positive,2
may it stay where it started unless it had help like the covid viruswhich congress questioned blinken about sending it up in chinas lab when them stop him and who every from doing the experiments in the usa and send the tax payers money up their to fund it the video is out there unless taken down by you tube people will still have it in their computers who watched itthey had to supeneo blinken rand paul he tell blinken i send and called you to ask you about the tax payers money you take and send to chini to fund the covid virus and yousend and say you in coming and nobody cant do you nothin i watched it like i watched them questioning him on his legacy and tell him a report was written on it,Positive,2
fake news i just came back from china life is as normal as before jealousy can make some indians crazy,Negative,0
another scam,Negative,0
same in three days how about 13 years recording and texting nor waiting,Neutral,1
feels like overhyped media trying to get clicks nobody else is reporting on this at all,Positive,2
new updates has been release please update your bodies,Positive,2
ooh sht here we go again,Neutral,1
biden talk about this before when he said he wants every single person around the world be vaccinate by a certain time in 2023 and masks againsome world leaders kick back against what he said even england had their say i didnt hear any thing more coming from biden about a second vaccine and felt good but it seems that plans were still ahead,Positive,2
china ripping internet lines in the ocean creating viruses hacking harassing ships on the ocean then pretend to be your friend,Positive,2
how does it always happen to be china creating viruses,Positive,2
they release diseases over there like nike release footwear,Positive,2
after 5 years in china out break again it i same zing,Neutral,1
trump about to take office and look some virus what a coincidence,Neutral,1
i predicted this about 3 months ago that another germ will come that may follow by another germ englands hospitals are in a similar situation,Neutral,1
they eat frogs there am not surprised,Negative,0
registered okay close the borders no fly zone,Negative,0
open the borders and help these people across to india please,Positive,2
can we go again close the borders no flights in or out of china please not again,Neutral,1
dont come to america,Neutral,1
chinese and their unending viruses  keep it to yourself please ,Positive,2
if this is fakeyoutube should close this channel,Neutral,1
the food chicklin mixs wirh you know what since im,Neutral,1
they want to lie to us again,Positive,2
it is cold season in winter dont be misled by bias media,Negative,0
wait can cause pnemonia i live in an area that has tons of travelers especially from china i had walking pnemonia after i cought the flu it was awful i wonder if it was this ,Negative,0
we need to cut off all flights coming in to the usa from other countries screw the international community we need to isolate ourselves for the next four years as we rebuild so we dont get hit with any foreign obstacles like covid,Negative,0
those chinese people always living about serious matter,Negative,0
china is trying to kill its elderly population because it will have 400million people retired living off a drained retirement monetary system that will bankrupt the country and cause it to callapse straight and simple,Negative,0
to teach americans right,Neutral,1
if not heard they got recording until i die,Negative,0
they dont like you and dont and dont want to change,Negative,0
onather scamalways china tricking the world,Neutral,1
dont buy any chinese product because in their products also virous available,Neutral,1
philuppines close our boarder coming from china to avoid this virus spread to our country,Negative,0
close the boarder tavel frm china all over the wirld,Neutral,1
now your immune system is shot from first 2 jabs naturally cant prove this very good,Positive,2
there was conspiracy that we will get a new covid last year or this year,Negative,0
ehhh wonder what buffs they gave this update,Neutral,1
unless chinese stop eating bats snakes frogs crows lizards they remain dangerous suppliers of suspicious infections for rest of the world,Negative,0
china is into biological weapon,Negative,0
its too late it already hit america my entire family and me has pneumonia  also some coughing up blood in the hospital im at right now,Neutral,1
they eating anything thats why,Neutral,1
please collect correct information these and all old video in the year of 2020 if do not know dont post wrong one though our friends do live there,Positive,2
gods judgement has come home to that country,Neutral,1
as soon as donald trump is going back in power this is happening again,Neutral,1
please dont tell me this could be whats in this mysterious fog ,Positive,2
wtf literally is this a new cycle again,Negative,0
again oh god china is a serious problem for humanity,Negative,0
vaccinate using whatever covid vaccine you used in 2020 and 2021,Neutral,1
lets not close any borders that might make sense lets wear masks and social distance and stay in your house cant fix stupid,Positive,2
again this we havent forgotten the effect covid19 and here in another chaos again may the almight god stop this from spreading around the globe,Negative,0
it sounds like china is trying to disappear more people,Positive,2
off to a good start in 2025,Positive,2
god is this sht ever going to be over and with trump in office the health system is screwed,Negative,0
chinese should stop eating bats n garbage and spare the world from repeat pandemics,Negative,0
and yet the our government denies it in phillipines,Negative,0
the airport should be closed,Neutral,1
just close the airport,Neutral,1
china is fooling the world again fake virus hidden agenda,Negative,0
this time well not survive,Positive,2
china stop eating snakes bats dogs and every living creatures not everything is edible we cant do this again ,Negative,0
start buy restricting travel out of china,Negative,0
you are using footages from covid,Neutral,1
these idiots mustnt be allowed to travel to other countries and spread the virus,Neutral,1
bring on the stimulus checks im healthy n ready,Positive,2
old videos are being presented as if they are current how much were you compensated for this  let us share with the poorer indians,Negative,0
for godsake ban all chinese travellers right now,Negative,0
the ccp most likly released this into their own population just to cull the herd,Neutral,1
its clear that the hospitals are overloaded do they have reserves or are they only built for the average in the statistics is there a gp practice there so that you dont have to go to the hospital every time no matter what you have the problems with food that is fake and full of toxins very good for the human immune system then the bad air which is slowly getting better there but has polluted peoples lungs fine dust etc megacities are always a place where things can spread easily its all connected people its madarinen its winter i also read that during covid she took antibiotics as a preventative measure which is the stupidest thing you can do it just causes more problems they should take an example from other countries when something breaks out somewhere the who gets information straight away sends people there to check and analyze it with the best laboratories in the world that are there for that china is embarrassing they dont want to lose face again but i dont think they realize that they lost it a long time ago i dont know how it is in other cultures but i havent heard of any other country that behaves like that in africa last year virus x was something mysterious no problem it was researched by the who and laboratories and scientists around the world the cause etc was found thats it,Negative,0
ban cbinese in the world lol,Negative,0
ccp most demonic in this world,Neutral,1
can we have an outbreak right after gta 6 comes out,Neutral,1
please jesus take us all let them deal with their oen problems,Negative,0
we need to stop all commercial flights originating in china to anywhere especially in the united states there is something very nefarious about this close down our border to all individuals,Positive,2
as usual africa countries will wait for the west to give advisory measures before taking precautions,Neutral,1
just in time for president trump they did it the last time and theyre doing it again this is to destroy the usa,Negative,0
say no to flu vaccines thats how they spread fast its the spite protein that gets dangerous mixed with toxic vaccines made with orders of the asian and european elites,Negative,0
need shut all wuhan lab and send for investigation who need to penalize ccp,Neutral,1
only indians are reporting and spreading this fake news the rest are not interested ,Negative,0
why do they always do this when liverpool is leading,Neutral,1
the chinese and the facemask are oneregistered,Neutral,1
time to ban flights from china permanently,Negative,0
our uneducated fekuchand will not stop airlines rich people will bring this to the country and poor will die,Negative,0
stop ive played these games before,Positive,2
i questioned as to the sheer coincidence to this so called new outbreak as this lloks to me like it was planned and have been executed by few corporations and i wouldnt put this as a coincidence where a new outbreak from the original from covid began sounds very fishy and phony to say the least,Positive,2
a few years from now you will find out the america is involved,Neutral,1
these videos from 2019 covid news any proof if it took on 2025 can media show that,Neutral,1
it had to be china  i hope things wont take the route covid19 took and we have never recovered,Positive,2
shut the border and flight s from china down,Neutral,1
unfortunately this diseases will only affect those who took the covid vaccine coz their immune system have been weakened by the covid vaccine,Negative,0
the only thing worse than beijing is brampton if you know what i mean,Negative,0
dont try to beat or over power the creator he can destroy his creations fast n furious this is not a joke salute,Negative,0
when countries evolve fast they will destroy themselves,Negative,0
my girlfriend in china says shes ok no need to be worried,Negative,0
happy new year china and heres your gift ,Positive,2
india saying situation not alarming yet what the hell are yoll waiting for,Negative,0
this is all fake i have been following some indian youtubers living in china they are saying its nothing at all they are not even wearing masks there indian media omg,Negative,0
china  and who are in bed together,Neutral,1
no flights should be allowed from china  into the united states ,Positive,2
seem like chinese viruses has some love with trump,Positive,2
what happens in china should stay in china,Neutral,1
scientific openness and transparency my a should have some shame bank just decreased my mortgage interest rate i was so happy and then theres this news i could go through another pandemic but cant go through another economical crisis it sucks to be scared of job inflation interest rates i dont wanna go back ,Negative,0
i cant deal with all this again my body and mind still hasnt recovered from that shitty wuhan virus,Negative,0
close all travel with asia,Neutral,1
what you need to know hmpv has no vaccine yet its spreading rapidly in china,Negative,0
i hope trump learned from his mistakes and doesnt let record breaking deaths in usa  close the border,Positive,2
this woman is utterly disgusting,Negative,0
the reason deseases spread so fast in that country is because its over populated one person coughs and 50 people catch it the whole country is a petrie dish,Neutral,1
a disease thats been around for years but in china its suddenly mutated to a pandemic they are still messing with bioweapons,Neutral,1
close china for other country to be safe,Positive,2
india blame china yet they both are the same with hygiene problems shower in the morning is important,Negative,0
bullshit you dont get me twice i didnt buy it the first time and im not buying it now this is bullshit,Negative,0
why does always start in china what is this country upto,Neutral,1
this is has been made by usa this time 3th of people well dies,Positive,2
lock down now no visitorsstop d spead now,Negative,0
close down wuhan,Neutral,1
the lies are starting again,Negative,0
omg im flying to china this 30th,Neutral,1
chinese government is doing this for sure to reduce down the population under the mask of pandemic its a very cruel and ruthless strategy which is next to impossible to investigate think about my words,Negative,0
always china ,Neutral,1
what have they eaten this time,Neutral,1
are they creating new viruses for trump like covid 19,Positive,2
this could be worst than corona because 1974 pandemic is very much linked to 2026 especially for india just google evil dead series and mark out the years ie 1981 1987 2013 2023 and subtract the last three digits ie 981 987 with 3000 years you will get 2019 so next year corona and similarly 2013 next year ebola virus similarly if years are like 2013 or 2023 if you substrate 4000 years again just google those years and add pandemic unfortunately 2026 2027 are targeting years i believe its a huge conspiracy theres a pattern being predicted even on netflix series and also in the share market that a something big is being planned for the year 2026 but if only and only god wills,Negative,0
leave the country on lock  close all airports thats they problem,Negative,0
2025 lockdown in march,Neutral,1
way back in the year 2020 when the whole world was in lockdown and many people lost their lives and slowly in the year 2021 and 2022 things started to get back to normal i hope that hmpv virus must not be like covidin short i dont want lockdown viruses and other stuff since everythings getting back to normal ,Negative,0
when they eat dirty things that will happen,Negative,0
part 2 of the trilogy lets do it,Neutral,1
i dont think anything will happen china will control it indian media behaves like a spoilt child yes the scale is big but not enough to come over to other countries,Positive,2
dr fauci at it again and trump,Neutral,1
please dont trust this 666 satanantichrist are playing with humans being,Positive,2
world is going in isolation again in march ,Negative,0
its already happen in chicago,Neutral,1
this was common in india before covid it is outbreak in children and on one hospital they had to keep 5 security to keep family members out the hospital is crowded because children are accompanied with parents and full family so its crowded sich outbreak are common ebfoe covid nobody reported it,Positive,2
we are going to be hit with a pandemic no matter what,Negative,0
i m so scared cant deal with all that anxiety again ,Negative,0
a new virus from china how ironic its happening during trumps election just like the first outbreak,Positive,2
where is that fauci guy at,Neutral,1
back then calender models used to give out new yr calender outnow viruses are giving out,Positive,2
business as usual my commentaries telling the truth will be erased as from 20202024 cmon thats ridiculous because these news are selling better than the truth i understand that,Positive,2
when covid forst started same news happenedits nothingnot to worry we are safe kind of,Neutral,1
you want me to believe china   this is very real and not staged lol its a virus not radiation posioning from the old 5g and the new 6g  the military dosent have 5g weapons advertised on tv noooo,Negative,0
as to reports of the people being sick the last 15 weeks its not the first 4 days of 2025 it started allready just before 2024 christmaswhen people noticed a flu they cant heal,Negative,0
getting season two before gta6 is wild,Neutral,1
boycott china,Negative,0
me rips the 2024 calendar yey this year is going to be a great chapter in my life wait why do i see 2020 wait i dont wana go back,Positive,2
china is inhuman we should not maintain any kind of communications with china,Neutral,1
its so funny that india has always been portrayed as an overpopulated over polluted and dirty country by western media but no virus has originated in india and spread throughout the world it is always china especially from wet markets in southern china africa and western europe ,Negative,0
after trump won right,Positive,2
trump comes in virus begins also appreciate this lady for calling it the wuhan virus you are stunned for that in the us,Positive,2
they eat all kinds of shit and this is what you get but mabye the usa is behind it all,Negative,0
they will just pick another battle with india to divert attention if something goes wrong,Negative,0
what the heck did they eat now,Neutral,1
stop flights from china period,Negative,0
one positive thing about less chinese tourists all over the world these days otherwise things wouldve been very different in rest of the world as well,Positive,2
whats the last stage of this virus hope not zombie symptom ,Positive,2
dirty food practice makes this,Negative,0
they eat everything what do you expect ,Neutral,1
for the love of the world stop eating weird crap,Negative,0
another new year gift from china ,Positive,2
here we go again global shutdown due to mass protests hey it worked the first time,Negative,0
they eat cat dog snakes,Neutral,1
new year gifts again   for around the world from china china you never disappointing us ,Positive,2
this is purely trade war between america and china,Negative,0
is china trying to spell their name c covid h hmpv i just saying ,Neutral,1
i believe they are making some weapon which can spread some virus and the covid and hmpv both are a sign how dangerous it could be like what power you will hold someday if you will be able to make something like that ,Negative,0
the year just started holy fuck,Negative,0
americans biden an dr faucci again,Neutral,1
same one i had a few week ago same same it was super weird,Positive,2
its interestingalways around their new year happening,Neutral,1
absolutely ridiculous rubbish,Negative,0
this is dangerous,Negative,0
modijirequest you to immediately ban all the flights that are coming from china to india also going from india to china who is still deliberately keeping quiet about itas usual,Negative,0
luckily i ordered 2300 boxes of masks and 1500 bottle of sanitizers do you think if i get my 26th flu covid shot it will keep me safe oh i am so frightened will go back under my bed for awhile i feel safe there,Positive,2
who sold out,Neutral,1
my godregistered,Neutral,1
as long as you dont take their poison cure like last time you should be fineregistered,Positive,2
another bullshit from palki you mske money spreading false news against china im in china now and everybody is finr snd things are normal if yoh cant compete with china just spread the rumours shameless indian bit,Negative,0
every 5 years virus emerge,Neutral,1
pls stop them frm eating random shs ,Negative,0
why is bbc news not broad casting this,Neutral,1
the chinese need to stop coming into contact and eating all kinds of bugs creeping creatures,Negative,0
the pharma companies are itching to make more profits,Positive,2
it is not at all suspicious that china still has all the dangerous viruses it is not caused by someone completely intentionally because china threatens some other country economically usa,Negative,0
theres a new outbreak every few days this isnt special nothing ever happens,Negative,0
china is not our problem our problem is our respective governments who will do absolutely nothing and then do everything else with a heavy hand and mess up the economy and peoples basic rights,Positive,2
who still believes china is stupid and gullible,Negative,0
where have you been madam palki indian doctors should check all indians who travel a lot,Neutral,1
we already know where all this is headed,Neutral,1
china to covid 19 target the elderly and immunocompromised china to covid 24 this time target the children,Neutral,1
students reactions ,Neutral,1
why no vaccine china and other countries have never been part of the worlds medical community in an honest coordinated effort to stop the pandemic,Neutral,1
question for chinese what heck are you trying to do guys ,Neutral,1
china should have told world about the nature of the disease and if they keep it secret the world suffers again,Negative,0
may allah protect us all,Positive,2
will you be responsible enough to apologize what you said was not true if this turns out to be false alarm,Negative,0
hmpv has been around for 60 plus or minus years no vaccine or treatment but a covid vaccine is developed in 9 months,Negative,0
what i know is no vaccine will enter my bloodstream again,Negative,0
lockdownchina,Neutral,1
close down china,Neutral,1
looks like another plandemicmoney lovers new bizniz,Positive,2
ah shitt here we go again,Neutral,1
plague inc releasing a sequel game for mobile,Neutral,1
all out lockdown for al china outgoing to avoid covid like crisis,Negative,0
i was expecting a cart selling bat soup,Neutral,1
the sun and the hubs are healthy then medicine,Positive,2
this was pland long time ago the want us to penic this virus is for the labs they keep us sick for them to get more rich,Positive,2
china is truly a leader of manufacturing ,Positive,2
are they dying,Neutral,1
got a chinese friend everyone going round normal ,Positive,2
i really hope to pass seaosn 2 we all do and firstly no hate to chinese people but we really should just distance that country from all of the rest of countries china be like wait we should really care for mother earth so why not decrease the population level not just here but everywhere like what the heck china you trying to kill all of us again,Positive,2
spreading fake news people if this was real the us media would have definitely been on itsuch as cnn,Negative,0
wont affect anyone again as we will ignore the authoritarian medics,Negative,0
keep that crap over therespreading there crap on purpose probably,Negative,0
shut the flights from china,Neutral,1
another distraction,Negative,0
this is scare mongering this is normal winter seasons viral diseases in europe enery year in winter season 5 lakh people die its usual people are born people will die,Negative,0
theyll throw the world into another lockdown and then while everyone is looking at videos to stay healthy sitting indoors theyll attack taiwan who knows what cooks in the communist brain,Negative,0
avoid travel overseas china citizen,Negative,0
ban flights from china,Negative,0
round 2 people wont buy it anymore,Neutral,1
why it has to be new year because chinese travel all around the world,Neutral,1
also stop referring to the earlier virus the wuhan virus  it has a name it is covid 19,Negative,0
the world must block chinese travellers in the globe,Negative,0
like predictedjust in time for that inauguration,Positive,2
as usual china is lying,Negative,0
nonsense i am an indian who lives in china old pics false indian propaganda please shut up,Negative,0
palki you are the only one using the word wuhan virus  no other person in the entire world media has the guts to remind the rest of the world about it everyone tries to ignore and forget about the cause of an unfortunate period in our lives,Negative,0
look seers john hopkin 2025,Neutral,1
why not close all border to prevent it from spreading to other countries like covid 19,Positive,2
ready with thali guys happy new year 2020 chinese should try their own shit instead of animals,Positive,2
filthy,Neutral,1
wow this is what it is ,Positive,2
may be they are trying to strategically develop immunity for all type of viruses in their citizens,Neutral,1
her words are prompting scare not news,Negative,0
close the beijing border right now,Neutral,1
one of those scenes looks like an airport which is even scarier,Positive,2
first china takes out the sick and the old now theyre going for the younger population close the chinese borders and let them deal with their own problems and short comings,Negative,0
trump will be president even if they collude with their communist partners in asia,Neutral,1
no more lockdown now need to immediately close all travels from china,Negative,0
no no not again dude lets pray and hope we go through this again may god protect us all,Positive,2
close off china do not allow them to travel,Negative,0
we live in china and i can assure you it is not this bad as it is being showed there is flu outbreak but it is in control people are safe hospitals are not overwhelmed maybe in villages where there are lesser hospitals enough medicines in store and all being taken care of i feel that it is bieng overhyped and media need not to do fear mongering on this there are similar flu outbreaks happened in india and since it is cold winters please do not make it a big issue,Positive,2
after covid19 now new virus in dirty country china then they blame us bring this virus first in media every each countries must control all chinese entry others countryside then we can breakdown the new virus,Negative,0
dang it rlly dude this after covid,Neutral,1
enough is enough jesus christ is on throne man made disease you are exposed already we know who is behind this,Negative,0
2025 onwards to 2035 virus period as per estimation about future we have to be carefull now time started to balance population by earth and universe bad increasing day by day wisdom decreasing eventually in humans selfish can kill us n ourselves,Negative,0
nasty country,Negative,0
anyone from china here speak up bhaiiii,Neutral,1
i wonder what animal soup caused this,Neutral,1
australia will eat india streetfoods and get diarhea,Neutral,1
the out break is the break out of keeping us locked in keep the faith,Positive,2
with a belial,Neutral,1
what the hell is wrong with them wtf wtf wtf,Negative,0
oh they learnin fam,Neutral,1
bull shit you wont drown us,Negative,0
nintendo tobacco playing cards now this bullshit,Negative,0
bullshit thats emp lies from wuhan labs,Negative,0
we arent supposed to breath 02,Neutral,1
it is fake stop lying china you have beautiful land get behind us,Negative,0
this is what we call funge around,Neutral,1
please close the all flights ships and other things what we have and dont allow who travel from china since virus is startedagain we dont loss our country people  know its time to indian government how they capable to handle those things,Positive,2
the message is exaggerated i live in the mainland china now and can be a testimony,Negative,0
trying to stop president trump from taking office,Negative,0
i already knew that it will happen again i dont know why world is not understanding if you will eat animals mother nature will take revenge when an animals get slaughter it sends a vibration in earth and nature to take their revenge i know you still will not believe me but its true,Positive,2
eagerly waiting for season 2,Positive,2
this is too much,Neutral,1
our theif and corrupt guy should start doing something before it gets worse in kenya,Negative,0
here we go again they are trying to bs us again,Neutral,1
hell about india media fake news,Negative,0
pls close the all the flight from china,Positive,2
pneumonia of chinese origin,Neutral,1
what animal have they eaten this time,Neutral,1
there are scientists do this to the society this cannot be tolerated close it down,Neutral,1
plan of 5 years aint worked so 25 years then and 25 years now planned,Neutral,1
dont post panic messages and dont fall on dark social media messages be wise and guard personal health,Positive,2
r u actually not just making it up,Neutral,1
bro chinas hospital is always crowded,Neutral,1
australia has flights straight from china better shut the borders now and lockdown hmpv stay tf away,Positive,2
100 idea of the chinese government for propaganda purposes close the focking border cant deal with this again bro,Negative,0
africa dont even have outbreaks like china this is a weapon,Positive,2
country of virus,Neutral,1
here we go again close the chinese borders,Neutral,1
not again please ,Negative,0
superpower cryna for a reason copyright,Neutral,1
i feel like chinese government is developing these viruses to get rid of their own population who is elderly sick or overall non productive,Negative,0
majority of the uk was down with this over christmas so if it came from china like covid it has already spread before they have said anything,Positive,2
146 you dont wish to speculate and feed the fear however it isnt a new disease been around 60 years then why does the video title say new virus outbreak a new health crisis like what,Negative,0
chinas new war strategy pandemic all over the world to shut down economy so they can rise with theyr hospital build ups in 1 week,Negative,0
lol what has happenend to u palki ji just reading a report created by ur editor just look at the visuals u ppl are giving credits for the videos as social media and unverified video after all these fooling people social media is no1 for spreading fake news like a wildfire and such stupidity that u guys are taking videos from social media to create ur reports such hypocrisy and idiotic move,Neutral,1
chinas greatest achievements,Positive,2
abondaned men to men relation from china,Neutral,1
i dont give a damn fuck this time im literally facing with financial issues i cant suffer again we arent government employees,Positive,2
why arent the other countries stop their communication such as flight train etc with china as they are regularly cheating and threatening the world by new pnendamic very much dependency on china is bad for the world,Negative,0
new year gift from china,Positive,2
they target trump for this,Neutral,1
china is never transparent,Neutral,1
damn s2 coming,Negative,0
they eat everything,Neutral,1
this is plan of china to sell lock and keys by imposing lockdown worldwide,Negative,0
why china always,Neutral,1
how can a human being eaten cockroach,Neutral,1
this is messed up is this true or not,Positive,2
xi is pissed off because trump will make china lose billions in tarrifs and restructured reade deals so he throws another tantrum of lab tweaked bio weapon,Negative,0
they wanted us to be scared again ,Negative,0
my boss was coughing everywhere in the office it was pissing me off so much,Negative,0
it is a flu season its winter now so dont talk nonsense how about the h1n5 epidemic in california i didnt hear anything from you yet how about flu epidemic in japan when travellers to japan are been warned are you deaf or blind liar youtube should ban your channel registered,Negative,0
china lab scientists working overtime again  shut all travel to and from china,Neutral,1
just a question raised can it be previousold videos surfaced so to create a havoc again 245 is this disease specially for indian population,Negative,0
calling covid19 the wuhan virus isnt really fair the who named it covid19 for a reasonto avoid blaming a specific place or people sure it started in wuhan but this is a global issue now and using the wrong name can make it harder for people from that region imagine if something similar happened in mumbaicalling it the mumbai virus would be really unfair and hurtful to indians with such a huge population itd be tough to manage and people would feel the same kind of stigma its better to just stick to the proper name and focus on solving the problem together be professional and respectful to people even if you dont like them,Negative,0
wth are they doing in china creating viruses to kill people they need to contain it,Negative,0
this is how china starts the new year with a big bang of bioweapons,Neutral,1
i dnt trust indian media too,Positive,2
yes christmas has come early,Positive,2
season 2 is already released in chinese language soon it will be dubbed in all the available languages in world ,Neutral,1
are u fr just isolate this country from rest of the world please,Positive,2
the bs happening again do not comply we know all the truth,Positive,2
china your making this world a mess,Negative,0
and then they blame people for being racist,Negative,0
india is closest to israel that tells you everything dont believe the crap,Positive,2
season 2 caming soon,Neutral,1
this is a normal flu happens every year so dont spread bs,Negative,0
the virus is already all over the world everyone i know including myself has been sick in the united states in europe and in other parts of the world,Negative,0
i wish zuma was still in power he would have closed our borders by now,Positive,2
more bs,Neutral,1
why always when trump become presidentchina release something like a virus,Positive,2
china is a curse on mankind,Negative,0
fear mongering or actually covid like scare,Negative,0
no more forced vaccines again,Negative,0
china is losing their resources so it needs to sell facemasks again jk,Negative,0
is this a trusted news source,Positive,2
it has been in the uk already it is still here lots of people have been sick with it especially around the middle of december lots of people in my workplace are sick with this and even i am still a little sick with it at the moment it has been 3 weeks from i fail ill and it definitely caused the bronchitis i was scared that it was going to cause pneumonia but i never needed any antibiotics all i done was make sure that i took lots of fluids and rested,Negative,0
wait make mine the top comment by answering this question what the fck these guys actually research why no one is questioning china,Negative,0
please close all borders in china plus please do not receive passenger and tourist from china reminder to all whole world,Positive,2
i bet china doing this to there own people,Neutral,1
china is again acting nonchalantly and weaving a false narrative that all is well until it is too late chinese new year is coming and there will be a massive movement of people thereby hastening the spread of this unknown virus humanity is again in danger registered,Negative,0
320 australia viruses sample lost or misplaced in 2021 and they just discovered this on late 2024 you didnt hear it from paki,Negative,0
some indian media outlets like this one have been spreading exaggerated and fearinducing reports about the spread of human meta pneumococcus virus hmpv however there is no sign of any emergency or widespread concern here in china people are going about their daily lives as usual therefore such reports should not be believed without proper verification hmpv is not a new virus nor has it recently originated in china this virus was first identified in 2001 and is commonly found across the world especially during the winter season it primarily affects young children and the elderly causing mild symptoms such as fever cough and respiratory issues severe health complications are extremely rare some indian media outlets are portraying this as a new epidemic in china which creates unnecessary panic and spreads misinformation it is important not to fall prey to such sensational news instead rely only on credible sources such as official health departments in china or the world health organization who for accurate information ignore false narratives focus on verified facts and remain calm from jay kv nanjing china,Negative,0
dang again in the beginning of the year just like covidagain when the weather is more vulnerable and people get sicker the end is coming people the end is coming the book of revelations tells it all please get a hold of it and be ready,Positive,2
ready for covid 20,Positive,2
this shameless woman used video footage from 3 years ago as todays newschina experiences an epidemic of respiratory diseases every winter it happens every year the chinese call this the respiratory disease epidemic season especially in the north this is related to geography and population i suggest that westerners and indians do not hype this up with bad intentions the chinese habit is to rush to the hospital for any minor illness unlike the west the hospital will refuse to diagnose such illness unless you wait in line for half a year but by then you will either recover automatically or die,Negative,0
the question is who can invent the virus medicine or the medicine because of the bats rats or what ever ,Neutral,1
indian media shamelessly uses video footage from 3 years ago as todays newschina experiences an epidemic of respiratory diseases every winter it happens every year the chinese call this the respiratory disease epidemic season especially in the north this is related to geography and population i suggest that westerners and indians do not hype this up with bad intentions the chinese habit is to rush to the hospital for any minor illness unlike the west the hospital will refuse to diagnose such illness unless you wait in line for half a year but by then you will either recover automatically or die,Negative,0
i had to leave at 5am fog was thick in ca by later yesterday afternoon i started with a cough getting worse this mornimg im vomiting a lot i had no choice but to wear a mask to prevent my children from catching this illness my chest hurts when i cough my ribs its only been 24 hours from the time i breath that thick fog,Negative,0
who who am i and who are you,Neutral,1
closing boarders again,Neutral,1
so here we go again so obviously china is locked down right right no on can leave china and all exports have stopped right and no one is allowed to come back of they are traveling there right right ohor is that racist  ,Negative,0
finally now it is time for real train to busan ,Neutral,1
on my way to the shop to get some pasta and toilet roll quick,Neutral,1
fed up of chinese virus,Neutral,1
china sorry for delay ,Negative,0
cunning china inhuman china,Neutral,1
why they keep spreading,Neutral,1
alright covid 25 ww3 aliens plasmoids whats next,Positive,2
flights between china and india are just running as usual,Neutral,1
fear porn,Negative,0
new years gift from china to the world,Positive,2
thanks palki for detailed explanation on the hmpv,Positive,2
keep generating shit in this world again n again wow,Positive,2
give it little attention and it will gain little traction this is nothing more than fear porn,Positive,2
china it not us its um uh uh thailand it was them they started it joke,Positive,2
new virus from china originated from the pal ki bad mouth virus,Negative,0
mind conditioning,Neutral,1
we got covid 2 before gta6 ,Neutral,1
are you sure india doesnt have a bigger problem your country reproduces fast,Positive,2
its fake china confirm it ,Negative,0
close all the borders now before it spreads like covid did,Positive,2
stop eating anything that move ,Negative,0
we got season 2 update,Neutral,1
just in time for chinese new year stop all human traffic leaving china,Negative,0
today breaking news out of china no wait its just more bollocks,Negative,0
donald is international panoti,Neutral,1
real or fake,Negative,0
immersive translates interactive features such as voice recognition and realtime translation make it easier for learners to practice their listening and speaking skills,Positive,2
china giving us the new years gift and an opportunity for new years eve,Positive,2
if you believe this propaganda gaslighting again there is no hope for you,Negative,0
is alien musk the 666 antichrist he is from an island in space called mars its colour is red he will have solutions for all the worlds problems he is also from south africa which is considered part of the east and not the west he is the wealthiest and most powerful man on earth he will have three heads and one all seeing eye 3 heads starlink twitter x tesla all seeing one eye ai supercomputer grok,Positive,2
that phuemonia that is origin of a vaccine that used in covid 19,Neutral,1
stop the flights from china uk or at least do some health checks for those coming in,Negative,0
not again i hope it doesnt spread like corona,Negative,0
what a timing hey just when trump is coming in ,Neutral,1
not true they want to sell again der invented vaccine,Negative,0
china virus country,Neutral,1
why do we need to deal with these cheap lots people dont give a damn to these becoz where your attention goes energy flows,Positive,2
happy new yearhappy new virus ,Positive,2
when ever donald trump emerges china and evil dem leftists will create one virus etc to distrup american economy but they will fail with dr fuzziness ,Negative,0
cell phone has software updates but china has virus updates,Neutral,1
new virus become lock down ,Neutral,1
it was confirmed it was fake news i love watching firstpost but this is more on propaganda already,Negative,0
this is great we can have a lockdown again and the time will come to a pause lmao,Positive,2
1st time it was batswhat is it this time porcupine,Neutral,1
public announcement chxxa decides to release one pandemic every 5 years deal with it,Neutral,1
dear china not everything that moves is food please,Positive,2
bloody chinesethey killed millions last n recoursewho n other institutions corrupted,Negative,0
but yet theyll come to america and spread it thats how all of these diseases get spread,Neutral,1
welkome to the bullshitshow again ,Neutral,1
who should act early before its too late we have previous history of how covid 19 originated from china and spread quickly in the entire planet its alarming,Negative,0
attempting to crash the global economy again,Negative,0
they try to controle the people people dead on the streets you know the propaganda its the agenda of wef,Negative,0
why they dont share info what is wrong with china this is exactly what happened the last time,Negative,0
2nd trump term prc deploysits 2nd bioweapon   dont be fooled again ,Positive,2
still stupid people say usa control the world china stop the whole world without firing a single bullet,Negative,0
they used the same tactics to undermine our territory our weaknesses like west philippines sea where everybody was too busy to fight the pandemic covid 19,Negative,0
chinese building warships and not hospital sanitary housing and food for its people so sad but lock down china this time ,Negative,0
chinese do the same they neither tell the symptoms nor give any information the people of the rest of the country have no problems they have nothing to do with it the government is so dirty,Negative,0
what are they asking us to believe it is this time another bat,Neutral,1
biased hypocyte journalist ignoring indias worst humar rights crisis,Negative,0
they create another pandemic because trump wins,Positive,2
oh hell nawim not ready for this shit again,Negative,0
some countries are jealous of chinas growth it could be other country come in china to spread virus,Negative,0
covid started with pneumonia like disease,Positive,2
china producers of plenty virusregisteredwat a hell again,Negative,0
why dont all governments just stops flight from and into china that way only the chinese can contain the virus and it wont come to world stage as a pandemic,Negative,0
trump is the pre symptoms of bad timings,Negative,0
they already planned for this,Neutral,1
im confused  if china are not providing information and footage cannot be confirmed how is the news of the new outbreak can be confirmed what it is,Negative,0
its fake dont believe this pvt channels,Negative,0
another manmade mysery now watch the who declare global lockdowns,Neutral,1
just another flu onion soup grandmas remedy,Negative,0
human metapneumovirus hmpv or hmpv is a negativesense singlestranded rna virus of the family pneumoviridae1 and is closely related to the avian metapneumovirus ampv subgroup c it was isolated for the first time in 2001 in the netherlands by using the rappcr rna arbitrarily primed pcr technique for identification of unknown viruses growing in cultured cells2 as of 2016 it was the second most common cause after respiratory syncytial virus rsv of acute respiratory tract illness in otherwisehealthy children under the age of 5 in a large us outpatient clinic wiki,Negative,0
lockdown china,Neutral,1
your news reporting is problematic highly sensational and accusatory you are treating this situation as if it is a case of the world or india against china what is there to come clean about a new outbreak needs to be investigated or are viruses now being used as biological weapons we dont know but nothing can be ruled out india has much to learn from an advanced society like china in the united states about 100000 people die a year from the flu virus,Negative,0
they chew too much live reptiles,Neutral,1
stay home stay safe ,Positive,2
video showing patients in hospital is unverified you can see on top corner no need to worry,Negative,0
im chinese and i think covid19 never ended it mutates and no one cares about it now,Positive,2
ohh yeah season 2 lets go,Positive,2
this lady from china spewing bull shit,Negative,0
china welcoming trump,Positive,2
what the fuck is who saying nothing as usual,Negative,0
china not again we had enough,Neutral,1
this report of yours about china is not objective maam it is an offense towards china if you can not verify as you mentionted if the videos are from chinese hospital then your entire report cannot be relied on always when you are talking about your neghbouring countries such china and pakistan you are always offensive and exagerate their weaknesses,Negative,0
nobody knows how and when our death happens so always be ready ensuring the life after death in eternal joy through the faith in jesus christ the true almighty living god ,Positive,2
i dont wanna hate but dont let them travel ,Positive,2
no surprise there,Neutral,1
may god protect for all and everyone make sure always be healthy,Positive,2
palki sharma transpires irrational hatred paid for by uss new 16 billion antichinapropagandabudget,Negative,0
plsss no again chinaregistered,Negative,0
once a fool always a fool,Negative,0
i wont comply,Neutral,1
sumith jain from china says its just common cold during this winter nothing serious,Positive,2
foods and drinks poisoned again,Negative,0
all in all to avoid tarrifs fro trump same fiasco like in 2020 democrats nd ccp are really close friends,Positive,2
first we need to ban media then there will b no pandemic 20,Negative,0
yall we survived covid 19 but whats this new virus now ,Positive,2
god knows what they eat now,Positive,2
we have much more dangerous variant than this that is islam ,Negative,0
they need to stop travel from china,Negative,0
damn i was so obsessed at watching kdramas about such things and now here we go,Negative,0
one of chinas good at,Positive,2
you guys are eating everything thats why having trouble always,Negative,0
why isnt there any charges on this damn country after all the gifts theyve given,Negative,0
5 year anniversary special release of new virtus ,Positive,2
chinese and their deep state allies are again threatening the americans,Negative,0
covid 19 upgraded to aaa virus more agrssive than before watch out for all border coming in n out,Neutral,1
bill gates predicted it in 2022 just sayin ,Neutral,1
either another grand plan by the elites to turn the worlds structure or actual virus,Positive,2
fake news world health organization didnt confirm yet,Negative,0
is it cleansing,Neutral,1
new disease virus break out why always china,Neutral,1
they predicted this would happen before trumps swearing in,Negative,0
lets go holidays ,Positive,2
why is it always china that is involved please close all the boarders with china,Positive,2
china is doing this because of trump,Neutral,1
is wuhan virus brother  china is out of hand block all flights from china,Positive,2
another china virus,Neutral,1
china leftist dont want trump same happened during covid they removed trump these viruses are released so the world can be in lockdown,Negative,0
wtf is wrong with chaina first covid took many lives in 2020 now this shit,Negative,0
gates and fauchi told us its coming the had in their back pockets in the event that trump returns,Neutral,1
i do not believe that china deliverately refused to give data to international bodies like who its simply very difficult to give out data of a new and mutating virus without first studying it thoroughly as this will only confuse the scientist into making wrong conclusions,Negative,0
may god give the way for healthyand give a chance to improvement of mistake any from china ,Positive,2
china is hard to deal with what do these people eat,Negative,0
as winter passes everything will be alrightnow it seems like every winter a new virus comes to china,Positive,2
same time it outbroke,Neutral,1
china manufacturer of virus to lessen its popultion to improve chinas economy,Positive,2
a why always china b bcoz the cleanlinesshygiene is bad very dirty a but many countries also like that even more b ,Neutral,1
world happy new year china ready to welcome new fear,Positive,2
one of the one most advanced country but still heath issue there is some fishy things i lived in china it is very developed country and heath care system is also exceptionally good,Positive,2
nothing will happen china must be having some advanced generation medical facilities and medicines are of some futuristic potential so no worries theyll get over it soon but we have to be careful for they can just deliver it to other countries quickly,Negative,0
china is using viruses as bio weapons,Negative,0
meanwhile chinese are eating scorpians dogs turtles snakes,Neutral,1
lockdown implementation,Neutral,1
whats with all the introductuy scary music,Negative,0
i missed wearing mask,Negative,0
this is a great virus called xmp pneumonia virus,Positive,2
stop eating everything that moves wtf,Negative,0
palki will talk about everything except the atul subhash case lmao,Positive,2
china became an international virus hub or what bussiness partner of who and un or what ,Neutral,1
i love how she says wuhan virus and not corona virus,Positive,2
same because 2025 also start with wtf remember same as 2020,Negative,0
eating anything that exist,Neutral,1
made in c have a new meaning nowadays,Neutral,1
during wion news period palki sharma was the first to break the news about wuhan virus,Neutral,1
china giving us a new year gift,Positive,2
palki i know you were antichina but not to this extent you were shaming india give awareness about how india can have better future not by degrading othera,Positive,2
why did the news here in the philippines say that this outbreak from china now is fake news,Negative,0
virus capital of the world,Neutral,1
please ban international travel before it is too late,Negative,0
the amount of clowns in the comments is concerning almost everyone here has already had hmpv before,Neutral,1
creating fear and asians always wear mask,Negative,0
you guys n paki are really excited its just a common seasonal flu virus but i guess this is the best new years gift you need if the colds and fevers of the chinese people can bring you happiness we will be sick for a few more days,Positive,2
ooh lord what did they eat this time ,Neutral,1
ask kennedy to go to china and check it out and ask him to get no vaccination pleaseget exposed and leaves it natural healing,Neutral,1
another medical mafia story nothing else,Neutral,1
pls stop chinese traveling around the world again we cant deal with another pandemic again we nurses are still recovering,Negative,0
close everything,Neutral,1
hahaha another trick another strategychina needs more money to build military bases and war weaponswe will buy vaccines and the like from them hahaha ti sige world painto kamo sa china,Positive,2
stop spreading fake news who is so obssessed with china china need to teach their people including the chinese in the philippines to respect the filipinos,Negative,0
fake news spreading in india and you should do your fact check tooi am an indian living in guangzhou china there is no outbreak of hmpv virus in china and no emergency declared all cities are open and safe and all members of a strong indian community around 60000 indians are safe please do your fact check with ministry of external affairs government of india fake news harms the reputation of indians and india in other countries thanks,Negative,0
only 1 virus and that is palki sharma,Neutral,1
you can not verivy the picture yet you call your self journalist haaahhh haaaahhhh hah,Neutral,1
covid19 2o,Neutral,1
lockdown meta again copyright hate this patch note,Negative,0
lets go season 2,Neutral,1
top 100 most influential human beings in history ranked by michael hhart professor at the university of arizona muhammad number 1isaac newton 2ndand jesus 3rd ,Positive,2
borders should be controlled to the fullest in order to contain the spread,Neutral,1
jesus is the is the way the truth and the lifejesus saith unto him i am the way the truth and the life no man cometh unto the father but by me  john 146 kjv jesus is coming very soonrepentbehold i come quickly blessed is he that keepeth the sayings of the prophecy of this book  revelation 227 kjv,Positive,2
the airports need to be restricted immediately,Negative,0
oh come on not this againi cant keep buying mask ,Neutral,1
biological weapons ,Negative,0
little johnny could help us,Positive,2
return back to 2020 again  registered this year2025 i start wearing  when i go outside again,Neutral,1
every time trump gets into power this china nonsense appears should ban all travel to and from china,Negative,0
so is england,Neutral,1
ffs we all know they kept this for trump,Negative,0
show any indian hospital they will be more crowded and durty as well,Positive,2
this a typical man made disease why does one see or know of an outbreak just before the chinese new year this month 29th jan when plane loads of chinese will be moving in and out of china due to this celebration countries should ban movement of chinese n other nationalities moving in n out of china its time the world takes a stringent action the earlier virus spread throughout the world because of this chinese new year seal all borders air sea ground untill this new disease is eradicated or let it be contained in china n not spread to other countries china is capable of installing hospitals overnight unlike other countries so countries should take precautions now to keep their people country n economies safe,Positive,2
crying lady again with chinese news,Negative,0
airports open wide its already out over seasdidnt get us all the first time try again apparentlythis a attack,Negative,0
ahh shit here we go again,Negative,0
they are going to start the lockdowns again make ppl miserable ppl dying economy going downhill etc the year hardly began and already medical issues from china again i dont believe any health expertdoctor who says this is not serious the symptoms are the same like covid back then too they said it was just cough cold ppl then died also foreign media have said that the hmpv is extremely severe this time compared to the past means somehow this virus has been strengthened to a great degree how china labs seem to have modified its strength and spread it the indian gov need to close the airports first for intl travel only allow domestic travel already tourists who went to china and returned to their countries will have spread it last time covid was spread in india by italians who had gone to china and then came to india,Positive,2
yet another chinese virus for trump,Neutral,1
why china every time centricpoint every time either pandemics or epidemic pathogenic it should reveal her self,Neutral,1
when our apex predator getting sick we know that serious shi,Negative,0
population control of china ,Neutral,1
just be ready guys bc it happen again ,Positive,2
let me tell yall all people of asian decent you come in cvs you wont be served by me period idc im not doing this again cruise ships have done this again and trump isnt gonna help as usual so imma go ahead get ready again im not doing this any student that has family from any asian county stay the hell away from me respectfully i dont care if your asian american either stay away if i get sick from any of these viruses imma die so yeah yall dont touch me im wearing all types of ppe,Negative,0
negosyo nman yan palabasin na virus out break thats is businesses relalian for business goin china true fake,Negative,0
china is causing it intentionally,Neutral,1
very shitty country,Negative,0
yep sounds just like the very same mediadriven fear porn and choreographed overreaction as we experienced in 2020 sadly i know lots of people who will happily sign up for it all over again,Positive,2
why does it always come from china ,Neutral,1
according to this lady 900 million people killed in china during covid pandemic now another pandemic ,Negative,0
atleast they have infrastructure in india all are mercy of nature,Positive,2
that is influenza even the media in advanced countries do not consider it a serious problem only the media in backward countries like india seem to catch a piece of negative news and are eager to publicize it,Neutral,1
is palki antichina providing misinformation quote indian health officials have stated there is no cause for concern regarding the hmpv outbreak in china advising the public to follow standard precautions against respiratory infections,Negative,0
unethically developed country for real,Neutral,1
close thier boradars,Neutral,1
stop flights to and from china if indian lives are to be saved,Positive,2
when world leaders fund virus research and development organizations to erase half of a nations population and dot dot dot,Neutral,1
china wanna reduce its population ,Neutral,1
how much more could their government risk the lives of their own people for political gains,Positive,2
all new is well forgotten old there used to be atypical pneumonia 20 years ago,Positive,2
trump rightly said china is capital of chinese viruses,Neutral,1
this also one type of population control in china ,Neutral,1
the outbreak of hmpv started in the us later 2024,Neutral,1
they turning up the 5g radiation,Neutral,1
get your masks and disinfectants ready,Positive,2
wishfull thinking china crisis,Negative,0
ahh yes wtf makes sense nowchina be coming with new products every year,Negative,0
i am a foreign student currently in beijing never heard about this outbreak so far maybe because i am mostly on my campus and rarely go outside the campus,Neutral,1
pls check and post,Positive,2
kahadlok why china is always the center of epidemic,Neutral,1
for all the bugs they eat and all sorts they do not surprised,Negative,0
another quarantine lessgoo,Neutral,1
china giving us the new years gift,Positive,2
it is a way of depopulating earth,Neutral,1
might this be a test when they see it works then they may apread it to their enemies but,Negative,0
you know election is near when the pandemic suddenly pops up,Neutral,1
and they brag about their cleanliness ,Neutral,1
not too far from spreading the word over,Neutral,1
china abeg oooo please calm down oooo,Positive,2
not this again,Neutral,1
why they said this is fakw news they must give awareness to stop spreeding this tinatago nnman ng china,Negative,0
gosh no more please i cant deal with it again,Positive,2
fear fear fear,Negative,0
bombs in us and new virus telling humans 2025 is not in favor of humans,Negative,0
why its always china they disclose only when it take its toll all over the world,Neutral,1
china close yourself up dont screw the world up this is your problem,Negative,0
we the northeastern are not chinese were indians dont attack us this time ,Positive,2
can we have a proactive approach for this ban chinas travel and that includes cargos etc should we wait for it to go global before we do something,Negative,0
ngl i feel like this distraction either ready for invasion of taiwan or ecomonics financial issues or something else something aint right in china,Positive,2
if only the world would close air travel out of china however all the western manufacturing is in china so that cant be stopped ok lets lockdown world citizens how about we refuse this time around we havent fully recovered from last time,Negative,0
fake ass news my sister just came back from china yesterday ,Negative,0
lock down the entire country,Neutral,1
pandemic china one who got benefits their population problem solve they can build another island on west philippines sea debt traps for another country and those already have debt traps they cant paid due to economy reasons,Negative,0
another bullshit,Negative,0
why have you showed arunachal pradesh on the china side,Neutral,1
here in the philippines our government said it was fake news dont believe them but looking back on the pandemic era they also said that and then all of a sudden they announced that we already had a confirmed case of covid19 and here we go again,Negative,0
china virus again,Neutral,1
mao ning is the pinocchia of china lie again and again,Neutral,1
the bible is real it prophesy all this before the beginning of time lets all turn to christ jesus for curelife and peace,Positive,2
china fear for donald trump,Negative,0
and they think those tiny little marsks can save them,Positive,2
can you please upload a video interviewing our health minister asking about the steps preparation strategy to face if detected in india,Positive,2
every time us votes for a new president china sends a gift in the form of a new virus 2019 covid 2025 this wonder whats the next one,Positive,2
virus coming when trump again the president,Neutral,1
and here we go again,Neutral,1
nwo in full affect mode,Neutral,1
china is controlling their population,Neutral,1
flights from china should be completely banned not cancelled,Negative,0
why do they come from china we proud pojeets after eating jeetpo still dont get sick,Positive,2
such a nasty and horrible media ever,Negative,0
wtf did they eat this time,Negative,0
obviously china will deny it and hide it just like last time lmfao,Positive,2
they need to stop eating and sleeping with animals this is bullshit  registeredregistered,Negative,0
communist countries are like ths,Positive,2
we all thought this will happen in next 100 years,Neutral,1
never trust communist china,Negative,0
this is a sensationalized headline portraying a virus known to cause the common cold as a new virus see the question mark in the video title typical media outlets behaviour,Neutral,1
because vaccines are shortcuts to obtaining immunology they do not produce the thoroughness of a natural production of immunization which comes of normal response to a common cold so people who take so many vaccines may find they have a growing weakness in part since the vaccines by pass some of the natural exposure and response to flu viruses,Positive,2
ah yes about time the deranged banglore landlords to see massive losses,Neutral,1
this is not surprising for a country that consume bat soup,Negative,0
these idiots eat all type of animals release this diseases,Neutral,1
what are the symptoms,Neutral,1
allopathy mafia sponsored news do not fall into these lies,Negative,0
vaccins on the way,Neutral,1
why only you talking about no one else ,Negative,0
why always virus origin from china is this due to against the political issue to make the world population reduceto force again people to take vaccine and same time to boost the medical industriesits so hurting to people nations,Negative,0
close america borders as well as all the flight routes enough is enough,Positive,2
we are getting it at the very starting week of new year ha shame,Negative,0
a country that needs to be closed off,Neutral,1
what is the deal with china maybe the urge to become number 1 country in every aspect,Positive,2
what u give is what u get ,Neutral,1
i better buy toilet papers in costco soon,Positive,2
1 they havent learnt anything never will ever they 2 who wfo open to your imagination now pin this to your lives also,Neutral,1
oh gosh i couldnt go through that again,Neutral,1
thats the carma does,Neutral,1
never again will i be vaccinated,Neutral,1
india should stop flights coming from china or going to china until it calms down we dont want 2020 again,Neutral,1
thats not a surprise ,Negative,0
this is mainly reported by indian news media wonder why,Neutral,1
fup this is how propaganda works lol,Positive,2
again china  need to close,Neutral,1
i live in china and this is the first time i am hearing this,Neutral,1
honestly we cant face this pandemic once again,Positive,2
chinese bots comment section hiding now,Negative,0
very good china keep it up who world harami organisation is always with you,Positive,2
tsk chiha again spreading viruswhy slways in china,Neutral,1
i love lockdown,Positive,2
new years surprise ,Positive,2
this virus is because they have ate snake and lizard together,Neutral,1
they be eating aliens ,Neutral,1
its probably cuz chinese people always eating dogs n cats n germs floating around in places,Neutral,1
it is not called wuhan virus it is called the covid19 virus,Neutral,1
they do this on purpose they are learning,Neutral,1
i believe in jesus christ he lives,Neutral,1
fear is amazing control,Positive,2
i think hum sb ko sensible ho k hr jagah indian borders must be closed ye comment share krna chahiye so tht this word echoes to the people in parliament,Positive,2
close all flights from china,Neutral,1
every winter the number of respiratory infections always increases its just normal and you guys exaggerate this kind of thing dont worry about us you should worry about your air pollution pm25 1500 and youre in the mood to worry about others 500 people die from air pollution every day,Positive,2
came from their labs,Neutral,1
unverified pictures and videos just dont worry for now few vloggers from india who stay in china recently confirmed that it isnt as concerning as they show in media lets not get scared brothers,Positive,2
please indian borders must be closed this time indian prime minister must not make the same tragedy of national lockdown so tht no of people dying by covid were equavalent to no people dying cause of hunger cant happen again otherwise we have choosen a set of morons to run this country daily wage earners construction workers street food vendors hawkers ricksha drivers sex workers small shop keepers everyone will suffer drastically last time also indian govt didnt do anything when thousands of workers were migrating back to their homes not by any vehicle but their feet back to bihar or up etc and our government performed poorly sending faulty oxygen cylinders etc no bed in hospitals etc only rich could afford hospital and oxygen cylinder at time uhhhhhhh borders could have been closed of india earlier also back in 2019 but indian govt didnt bother doing that instead their high tech educational degrees suggested a nation wide lockdown and then showing crocodile remorse with sadness on announcing lockdown whts the use that sadness i hope our parliament members pm cm etc all are right people and not morons and they sensibly take right decisions at right time if this outbreak infects on contact then borders should be closed as soon as we are hearing these cases,Negative,0
china and russia are threats to the worldthey have nothing good put to the tableonly chaos after chaos,Negative,0
it will be another lockdown it was the best time for me,Positive,2
arent they denying again,Positive,2
102 they have set up systems how to spread this quickly in the entire world asap  ,Neutral,1
our immune system has gone down immensely since covid and perhaps due to covid vaccines thar our immunity has gotten worse so if this create an issue there it will be a great issue elsewhere too whether its there for 60 100 yrs or not,Positive,2
indian and political disputes with china she is like going to slap china on its face as if india does not have tb and typhoid,Positive,2
now check on monday indian market is sky rocket bullish retailers make position on bearish side institutions make position on bullish side this is paid programme ,Neutral,1
enough is enough,Neutral,1
wtf is wrong with this country ,Negative,0
as long as the chinese eat anything they will get any health and strange challenge,Negative,0
why does this always happen with china and we share a border with them,Positive,2
maybe this the next trap for human beings,Negative,0
we the world need to get rid of who their only intention is to kill us so they can take over our land and our resources i pray in jesus mighty name that some bright spark will read my message and do something about in jesus mighty name,Positive,2
china is hiding their weird experiments,Negative,0
i always respect this lady for calling it wuhan virus each and everytime ,Positive,2
hmpv had outbreak in many countries it even not severer than the flu so what this report want to tell,Neutral,1
this is their plan they well aware as to what they are doing its been trending since last year i watched clips that mentioned a new virus will appear in january china wants to kill all of us and sadly our leaders fall for chinas lies,Negative,0
all flights to china or out of china should be stopped with immediate effect i wish the world was this strict,Positive,2
fuck me here we go again registered,Negative,0
china with its werid experiments are comimg over with new diseases they will end the humanity with their weird experiments we cannot trust china,Negative,0
well some parts of china eat catsdogsraw oct and perhaps batsthats what happens no worries just mask up i do enjoy cashew chicken however,Positive,2
in ph they said its a fake news,Negative,0
this is creating panic for no reason hmpv is a known virus unlike sars cov2 covid 19 virus which was new and has been circulating from well before covid 19 it was identified in 2001 and since them it has been more prevalent during winters it is the same family of viruses as rsv there is an outbreak of hmpv this winter in china,Negative,0
wakeup who atleast this time,Neutral,1
y these guys cant live normal registered,Neutral,1
the sick old man of asia as trump termed it,Negative,0
si will hush and who once again will find no definite cause for alarm then re rest of the world gets sick not just china of course si dont want anyone to know shit i say cancel all the flights there and screen all chinese or tourists that were in china,Negative,0
what is the situation,Neutral,1
lets hope for another lockdown,Positive,2
yet again pharma companies to gain and people will suffer,Neutral,1
close the boarder immediatelyall positive place please,Positive,2
new chinese bussiness,Neutral,1
what is china is up to,Neutral,1
they will let it spread on chinese new year this february,Neutral,1
wow and then chinese called it a fake news wtf chinese,Negative,0
well stock up on masks  and anything else again also will deny it coming from china,Negative,0
who will do what they did during china originated virus in decembercovid who will protect china  they will deny evidence and let the whole world  suffer during covid 19 and they will do the same this time around,Negative,0
all the stuff they are eating and drinking should be looked upon these people will eat everything living,Neutral,1
this is narrative hype trying to degrade china n its development its exaggerated this is a seasonal epidemic disease that could happen anywhere the media is trying to spread unnecessary panicrumours gain trp,Neutral,1
dont panicmutations of virus is normal thin h1n1 covid19 hmpv,Neutral,1
nope nope nope fool me once shame on you fool me twice shame on me,Negative,0
chinese new year gift for the world gotta love them bioweapons,Positive,2
i think its their way of controlling population copyright,Neutral,1
i am an international student in tianjin i dont see such a thing,Neutral,1
so this is how they plan to allow this virus to spread this time around by acting like nothing is happening  and sticking their heads in the sand on purpose so their depopulation agenda can commence squid games level 700,Positive,2
china really wants to decrease the population,Neutral,1
like covid us dems might insist the us can eradicate this virus by letting half the population work dont let anyone go to schooll follow six feel behind each other stop exercising stay off beaches etc,Positive,2
this is how china welcomes a new american president,Positive,2
why governments are keeping their borders wide open atleast screening of the incoming travells should be mandatory right precaution is better than cure,Positive,2
why is indian government not on high alert close all borders with neighbouring countriesany one who has visited china in last 3 months should not be allowed to enter india,Negative,0
innocent people are on knees at these people pharmacy companies arms manufactures is money everything what a world we are living in,Positive,2
china the virus hub of the world,Neutral,1
china manufacturing hub  china virus hub ,Neutral,1
as long as chinese man still using cigarette there will always outbreak,Neutral,1
stop eating animals and gross meat this is what it is,Negative,0
china needs jesus,Neutral,1
california had bird flu for months,Negative,0
are chinese creating these viruses as a bioweapon as it is coming out exactly 5 years after the covid pandemic,Positive,2
round 2 ,Neutral,1
un might work hand in hand with chinaby not bringing out the truth of origin and impacts once again,Positive,2
these chinese news are a source of happiness for indians ,Positive,2
china dont want the world to live in peace and man i wish my country doesnt shared boarder with china but we do,Positive,2
is it just me or was this predicted in 2020 that there would be something similar in 2025 hopefully we dont get another pandemic,Positive,2
with compliments from the american government,Positive,2
they are deliberately doing this to destabilize the economy of the world and flourish own economy through their productions,Neutral,1
here they go with this bs again,Neutral,1
i would not dare imagine another lock down ,Neutral,1
2025 calendar is same as 2020,Neutral,1
stop all international flights from china,Negative,0
dont believe the hype,Neutral,1
china when becomes santa,Neutral,1
when she cannot verify the video and yet they released it it looks more like a video from those situations during the covid outbreak she is enjoying every moment reporting this news like a child in a candid store,Positive,2
india should impose a mandatory 15 days quarantine for persons arriving from china at their cost,Negative,0
unknown origin you just said it was from china,Neutral,1
every time they want populatin decreased they create new virus,Positive,2
stop all the flights to china as soon as poosible,Negative,0
new chinese   registered,Neutral,1
another lab virus,Neutral,1
impressive that you still call it wuhan viruskeep up the good work ,Positive,2
all viruses from china china should stop experimenting with the world,Negative,0
close airports,Neutral,1
china cant give the world a break,Neutral,1
until and unless chinese abandon eating sea food and all kinds of insects these kinds of diseases will come time to time,Negative,0
for the enslavement of humanity,Neutral,1
ngl i kinda want lockdown for a while  nah im kidding,Neutral,1
 if trump came they will release new viruses  alright he we go again,Positive,2
china silent attact all the word van china close border,Neutral,1
this is what happens when you eat any breathing things karma,Neutral,1
why also china,Neutral,1
whats who doing,Neutral,1
china not alone united states dealing with sickness and bird flu,Negative,0
oh theyve released covid24 x plus pro max ,Neutral,1
ahhh shithere we go again,Neutral,1
is this virus is dangerous,Negative,0
happy new virus  chinna 2025 ,Positive,2
and all of sudden no chinese bots in the comments trolling palkicome on ccp bots where are you is ur papa xinpig holding you in detention camps ,Negative,0
complete uncertainty in this news nothing perfectly verified,Negative,0
china a beg pls am not ready for quarantine again,Negative,0
when chinese people get ill they get medical treatment and hospitalized if necessary we all saw what happened from early 2020 to 2021 in india,Negative,0
close borders with china donat allow and and all planes or ships coming from there,Positive,2
how do i block this channel if you believe this rubish i feel sorry for all that youve been consuming in life make better viewing choices,Negative,0
plz australia governments  should take measures this time we dont need another lock down may god protect the world from any virus ,Positive,2
maldicion county because of greediness landgrabber,Negative,0
this is called measures taken to control the population explosion or u can say china is thanos now ,Neutral,1
donald trump going to triple the borders for sure,Positive,2
maybe ill be sent home with pay again from my job,Negative,0
finally the dev release new mode after 5 years,Neutral,1
just in time for trump 20,Neutral,1
stop eating dogs in your restaurants,Negative,0
what the united states needs to do band all products and all flights coming and going to in mexico and china,Positive,2
china banned from world very bad eating culture,Negative,0
we people should ban any in and out flights from this country their scientistsgovernment are mad people who kept releasing biochemical weapons all over the world truly evil,Negative,0
palki i like the way you present the news thoughtfully and calmly especially without any background music which is getting highly annoying in other news channels,Positive,2
sure and i saw a flying elephant outside my window ,Positive,2
bullsht lol,Positive,2
they need quit eat the rats and bats,Neutral,1
thank you plz lock down the earth needs healing ,Positive,2
i dont wanna spend my college years studying at home ,Neutral,1
fuc um they trying to get at us for the long list timebad people it sucks,Negative,0
i love the way she calling out wuhan virus with a glare,Positive,2
unknown origin virus just who they know all about it they even have a vaccine for it already,Neutral,1
who is behind chinas progress,Positive,2
china happy new virus,Positive,2
stop all flights across the countries no one in and out from one country,Negative,0
did it come from direct contact from trump usa politicians ,Neutral,1
chinas economy is dying and theyll bring the world with them in hell,Negative,0
china stop it yall quite playing quite playing rkelly voice ,Positive,2
what did the yellow boys eat this time panda cubs,Neutral,1
indian media stop this nonsense,Negative,0
500they mean their own expectations,Neutral,1
black swan event incoming how else will they reset the trillions in debt,Negative,0
why are we surprisedcommon denominators 1 out of china 2 respiratory disease 3 outbreaks 4 man made incidence 5 more depopulation,Neutral,1
khaas china ka tectonic plate asia se shift hogee kisi unknown place main chale jaye naak main dum kar ke rakha hai in chinese logo ne,Neutral,1
they have to transform their food because chinese eat everything,Neutral,1
close them off completely nothibg in or out now,Neutral,1
425 joke every country whether freindly or not should blame china and ask them from future give data atleast because we know its china every year new virus,Positive,2
close the borders when you hear there has been an outbreak its that simple trump was in office with the first pandemic he is so worried about open borders why didnt he close the borders from china and stop entry into our country,Negative,0
palki jee team vs china they really hate china palki must be paid hefty sum to criticize every chinese news ,Negative,0
john mearschimer there are 3 great powers us china and russia palki  palki what about india,Positive,2
lack of transparency yet hypocrisy about its rigourorous authenticity  is a communist mo,Negative,0
lets close travel from and to chins,Neutral,1
matthew 247 for nation shall rise against nation kingdom against kingdom and there will be famines pestilences and earthquakes in divers places these are the beginning of birth pains its time to wakeup jesus is coming soon to save those who belong to him repentbelieveand be saved,Positive,2
welp time to grab the toilet paper,Neutral,1
palki bouncing her big keister with 140 kmhr in praising china forgets her bosses get every single goods for their business from china,Positive,2
dont believe her false news fr palki,Neutral,1
this are old videos like several days ago i have seen like in 2024,Positive,2
attention ppl 2025 is a year of propagandas all this medias realized thag you ppl love drama so they put fake news views by the time you realized is fake they made thousands of dollars wane the fk up,Negative,0
this is fake news no outbreak of any kind have a friend in china who posted videos just 2 hours back near hospitals subway stations etc never believe this ladys news,Positive,2
trump will fix it just like last time,Positive,2
if you dont know dont spread fake news look at indian govt hospitals they are worst,Negative,0
damn not thi shit again plz,Positive,2
because china eat dog frog night bird snake a lot f toxic food,Neutral,1
dont worry trump will fix it,Positive,2
they lie about covit now they are going to lie againwatch the development,Neutral,1
this is how china control its populationwhats new,Neutral,1
you took more than 5 mins to not to spread the fear of a virus,Negative,0
they are liar,Negative,0
china communist killing its own people in its silence way wtf,Negative,0
not simpathy shame on china,Positive,2
china grows virus for what,Neutral,1
the world needs to ban all flights on china,Negative,0
virus technology driven country china,Neutral,1
looks like some business monsters want to make biggg money they plan to monetize oxygen air in the can like water bottles it is not an issue started it already has seeded in covid oxygen played a vital role in the covid outbreak the main target is to bring air bottles to the market biggest ever threat,Positive,2
china deliberately reduce their population but it affects the entire world,Neutral,1
ban that county firstwe have had enough,Negative,0
china just released the 2025 patch for their covid19 program,Neutral,1
i urge to all government of all countries to release advisory to all government and private sectors to continue practice of wfh work from home for all employees to avoid any calamity as it was during covid19 it would be smart move sensing upcoming threats this is my personal view,Negative,0
prevention is better than cure stop every flight leading from that state or from china to rest of the countries please dont let this situation spreqd across the globe,Positive,2
chinese gov must not allowed to its citizens to go abroad    ,Neutral,1
communist countries are always in denial even though people are dying everyday they will continue to decieve their own people that everything is fine this is like the egyptian pharoah denying the power god until he could no longer deny him,Negative,0
this is trailer of china virus season 2 i hope full movie release soon virus rock china shock,Positive,2
why is it in the philippines the doh says its fake news they even interview ofws from shanghai and wuhan says they are doing fine like no virus spreading whatsoever now whos telling the truth,Positive,2
the world should ban people and goods from vhina right this moment,Negative,0
if china got new outbreak india should be prepare then dont repeat covid19 where china already announce but india still not prepare after 2 month and still blame china like now,Neutral,1
what government learned from covid erasimilar early news will floatit will be observed for long period and spread will occur silently china will never share any data as usualand things will worsenact government well im time if action is needed take it earlystop being in denial mode or remaining silent as always in such situations before it becomes a epidemic,Positive,2
hey ccp you can have your own citizens as labrats thank you very much the rest of the world doesnt want that sht other countries should start grounding any mode of travel from and to china before this sht spreads,Positive,2
created health crisis to cut down population,Negative,0
where are chiness bots in the comment section,Neutral,1
now came from gutter oil,Neutral,1
covid was a global government funded pandemic by all countries to kill off the old because they are living too long and gov funding into the social security system was running out as well as piling government debt rip dad,Negative,0
world immunity championship 2nd round humans  vs virus,Positive,2
chins must be held accountable this time the last time covid they did not share covid data either millions lost their loved ones yet the world never held china or us responsible such pariahs totally evil,Negative,0
close the flights to and from china let them deal w it by themselves no thank you,Positive,2
why started everytime in china i think they have secret lab to treat something unknown from the people moreover they eat every creature scary china,Negative,0
time to go to heaven for some of us,Positive,2
gettin sick of these chinese whenever trump comes its happening,Negative,0
ms palki sharma you are very beautiful ,Positive,2
always when us president trump is in governmentchina is the first country of outbreak of disease whats this haulerbuloon,Neutral,1
it will be devastating if the same virus happens in china like wuhan virus the chinese government must share data to the world to prevent the crisis like before,Negative,0
they are exotic eaters they eats cobra snakes  turtles  worms   registeredbats i saw thus wth my bare eyeswhen i was a contract workers there in taipei taiwan    yaikks yuckie skippooh,Negative,0
shits already in the us geeze,Negative,0
hello palki sharma watching from trinidad nice to see you have a good year,Positive,2
covid devs got another global release,Neutral,1
ban china all airways and sea connecting flight save the world for virus we all expirience covid 19,Negative,0
russian general for searching west biological warfare like namru get assasinated and now china outbreak new flu suspicious its not natural,Negative,0
buy the dips on stock survive no matter what,Negative,0
everybody coming in from china taiwan hongkong basically everyone coming in from anywhere in the world needs to be screened thoroughly all rail road and airways and seaways have to be tightened and screening has to be done infrastructure has to be setup on a war footing already someone infected may have already entered our country undetected and maybe is already spreading it here please dont wait for the first case to surface set up infrastructure and start screening now,Negative,0
this is a simple case for chinabut its seem the issue is for india,Neutral,1
not surprising there was a video where a youtube streamer who interviewed a covid19 expert that virus outbreaks every 5 years or so,Negative,0
the hmpv virus was first discovered in the netherlands in 2001 later human metapneumovirus appeared in the uk finland australia canada kenya norway and other places this is a common pneumonia in winter all over the world last year the hmpv virus broke out in the united states and there are also infected people in the united states this year the american media all know what hmpv is only the indian media collectively spread negative propaganda against china to fool indians and few chinese people pay attention to hmpv at all,Negative,0
i heard that bharat will be in lockdown and masks on yur muth,Neutral,1
why it is only on indian news channels,Neutral,1
but if im not wrong there was news that the virus outbreak and related issues will continue till 2025 so probably china always knew this,Positive,2
i knew this year was going to be fucked up,Negative,0
just right before trump inauguration,Neutral,1
this virus has been around since 2001 first detected in netherland it is already in most countries including india there are many you tube postings you can view with comments from experts medical professors doctors etc so watch them before you jump to conclusion,Neutral,1
china starter covid19 and this virus hmpv,Neutral,1
season 2 has released or wot,Neutral,1
why it always starts with china,Neutral,1
gift of china ,Positive,2
they eat every crawling creature,Neutral,1
as a chinese it is really sad to see this woman fooling her audience like this,Negative,0
dont be pool by mediawe are ok heremaybe thats a part of a super gian country of chinaand also it is winter now it is normal to have like that,Positive,2
wtf year incoming ,Negative,0
season two dawg,Neutral,1
dear china dont export this to other countries please contain it within your borders,Positive,2
i new this would happen again but china might not be the point of origin,Neutral,1
this is false newsl confirm with friends there no such please do not post nonsense,Positive,2
not again china,Neutral,1
covid season 2 two has arrived,Neutral,1
chines annual report of corone out in 2025,Neutral,1
in jesus holy name we dont receive it,Neutral,1
well here we go again ,Positive,2
during covid china did not share its data and how can we believe that now chinese goverment is transparent,Negative,0
stop all the flights to us from china,Negative,0
its all bullshit yet again lies upon lies ,Negative,0
ccpchina denied this new virus outbreak and they said it was a fake news and it was just normal to have them a flu because of cold weather and winter season,Negative,0
stop all flights to china,Negative,0
who watching from bangladesh copyright,Neutral,1
gods warth,Neutral,1
im dead serious when i say that 2025 took almost no time getting started we came in hot,Negative,0
china shud ba banned by all country,Negative,0
just when trump becomes presidentsame timing as last time and the us will suffer the most deaths because they have the worst healthcare and the craziest leader,Negative,0
shit another plandemic,Negative,0
just when trump got elected,Neutral,1
i hope the idiot governments around the world will close all flights from china not like those idiots dit with covid,Negative,0
fake news circulating philippine govt denied this,Negative,0
corona software updated,Neutral,1
why is this woman so biased why doesnt she show videos of other seasons and parallels them to the 2025 videos how are normally vhinese hospitals has this woman ever reported positively about china,Positive,2
more people more disease ,Neutral,1
from covid to this new disease marandhum pirankedu soozharka soozhin aram soozh soozhndhavan kedu thirukural even by mistake dont harm others if you do that you will be punished though not exact translation trying to get the meaning through to put it in other words you reap what your sow,Negative,0
when they dont want to share information why should we bother they are powerful to manage,Negative,0
ban chinese ,Negative,0
americans had this before christmas they called it walking phnemonia,Neutral,1
another wuhan virus,Neutral,1
these news channels have nothing to report,Neutral,1
imao this kinds of fake news only made in india,Negative,0
business of fear and in return earn billion dollars business,Negative,0
these virus wars are far more less painful than nuclear wars,Negative,0
all flights outbound from china should be stopped immediately for other countries populations economic and health safety the first outbreaks o wuhan virus was in italy then was in new york before that there was a military olympic gathering in china and speculate that it passed through when they went home,Positive,2
someone please relocate china to moon,Positive,2
another round of covid,Neutral,1
ohh no not chinavirus again,Negative,0
stop eating raw meat follow some area parts of the world  that no new diseases,Negative,0
what do you expect a recent study revealed that mainland china is the most dishonest country in the world,Negative,0
keep this out of america they did this when trump took office now another nightmare,Neutral,1
need to change life stylereally dangerous to the  economic health,Negative,0
why china always has to be the trouble maker,Negative,0
first thing first we should stop import from china as virus could come through material and stop all flights from and to china,Negative,0
budget will be achieved by hospital pharma companies pharmacy coffin makers and of course dragon country,Neutral,1
ah shit here we go again  stay safe everyone in china,Negative,0
fake news again,Negative,0
i dont know but news of covid 19 started coming in at the dawn of new year 2020,Neutral,1
maybe its a norm there due to high population density here also you will see clinics at full crowd but that doesnt mean its something holocaust going on,Neutral,1
dear god jut come for your world cause this is annoying aint even scary no moreeee its annoying,Positive,2
some indian media sharing that hmpv virus kill millions of people daily in china hmpv virus mortality rate is almost 09  it just a flu zukham they already said that this virus find in flu season not new it just a normal but western media make a propaganda n india follow bcoz west is indian father,Negative,0
this is fake news i am now in china,Negative,0
come to jesus healing is childrens bread,Neutral,1
this outbreak will be exported worldwide from china it is chinas new plan to combat forthcoming tariffs from trump maga administration,Negative,0
their best covid ever covid 25 pro max,Positive,2
treatment way to diseases,Neutral,1
neat u neatness keep surroundings diseases allow,Positive,2
time to close boarders,Neutral,1
bet they dont close the borders bet anything,Neutral,1
real squidgame is here were the players and these governments are the vips havinf fun watching us,Positive,2
write this down somewhere in india the virus will spread via kerala the so called most literate state of india,Neutral,1
should i prepare for another lockdown,Neutral,1
china is just sacrificing its constituents to spread it around the world and then conquer its enemy is it their biological weapons to conquer the world,Negative,0
i think china should be renamed chivirusif they could not share health data with other countries then other countries should place goods and human embargo on china,Negative,0
openness and transparency in communist chinas arse,Positive,2
early travel ban is required,Negative,0
trump ccp viruses are back,Neutral,1
its a bio war everytime china is spreading we all know how china grown alone during 2020 covid time,Negative,0
really sad to see india media always followed american media loves to talk bad about china look at the hospital this is normal and every one got the seats on it do you really think china are so stupid,Negative,0
why chinese creating the virus,Positive,2
the most deadly virus is the media spreading chaos,Negative,0
all flights from china,Neutral,1
1st day of january 2025 and here we go,Neutral,1
its there in canada as well soon in india dont take things for granted,Positive,2
chinas december 2024 security patch arrived,Positive,2
theae over populated hospital scenes are very common in indian government hospitals,Neutral,1
my hate for china is unexplainable,Negative,0
why do flu viruses always break from china why cant we investigate that ohh,Negative,0
chinese are fake,Negative,0
we are fucked again,Negative,0
chinese should stop eating strange animals and stay with chickens and cows,Negative,0
fake news us is destroying chinas image true deep fakeh and riyal ,Negative,0
meanwhile here in philippines authorities say its fake news ,Negative,0
hey trumpeyes wide open get ready for another one maybe rfk jr can dictate no masks healthy gatherings and the few vaccines that will be bought by the government with disclaimer take at your own risk how many millions will trump sacrifice this time 1 2 3 million and how about the children and elderly,Positive,2
an invaluable virus kills large people an invisible god save people pray god jai gurudatta,Positive,2
china govt just use it to control protestors,Neutral,1
after bat soup now monkey soup china never dissappoint us ,Neutral,1
its covid25,Neutral,1
happy new year ,Positive,2
china sorry for the delay now we are releasing pandemic season 20,Negative,0
covid 19 was so unstable to experience i surly doubt this beta,Negative,0
its a fake news no verified evidence of disease simply a media stunt be aware,Negative,0
lock down loading,Neutral,1
china haunts every nation and the virus haunts china ,Negative,0
more fear and scare tactics not buying it,Negative,0
 all free from china ,Positive,2
whzt is an adolscent,Neutral,1
im sure it was the united states they are capable of anything as long as they dont lose first place ,Positive,2
again lockdown aa registered,Neutral,1
this is too strange this is a biological war by the us against china is not normal ,Negative,0
china wants to get rid of their weak population they have millions to spare ,Negative,0
if this spread to another country there should be consequences to china,Neutral,1
hallelujah praise the lord hallelujah communism is satanism dont ever trust chinese communist party covid19 is a bioweapon made from wuhan institute of virology another virus a manmade from wuhan institute of virology our dearest lord god almighty jesus christ will protect us from all manmade virus from chinese communist party chinese communist party bumagsak na kayo sa pangalan ni jesucristo hallelujah hallelujah hallelujah hallelujah hallelujah,Positive,2
china greedy and jealous,Negative,0
im starting to think that the us is making these viruses and planting them in china,Neutral,1
damn this country has a problem they always invent new virus please block air fliight to and from china,Negative,0
they managed in 2020 and will do the same now as well we should be focussing on our own problems,Negative,0
stop eating everything that moves and cook them well observe cleanliness having some manners is also a plus  oh yeah stop claiming the whole south china sea and our west philippine sea just focus on your country and people maybe your economy can recover that way lol i feel sorry for the truly goodhearted chinese people who suffers everyday from ccp i hope that one day you can be free,Positive,2
this virus has been around for more than a year now its not new,Neutral,1
ban all flights to china or from it for some time,Negative,0
ohh hell nahhh i aint ready for another lockdown man ,Negative,0
china is manufacturing hub for sure but dont export this one please,Positive,2
its interesting that only the jabbed are getting sick wink,Negative,0
is china  dowing this virus ,Neutral,1
china was famous for kung fu but infamous for viruses,Negative,0
fake news by all indian media no other media in other countries confirm this news no ethic for indian media all they need is trp rating and more views,Negative,0
ah shi here we go again,Neutral,1
can the rest of the world just block all borders and flights to them,Negative,0
made in china and strong like china and for the who they only want to know so they can look for another vaccine ,Positive,2
work from home,Neutral,1
ccp doesnt care about the life of their citizen as the ccp prevously declared they can afford to lose 350m people in war or in sickness,Negative,0
dont let them come to the usa ,Neutral,1
isolate china and dont show reports to other countries china increase their economy anyway but india will lose and uncontrol economy,Negative,0
covid new patch and bug fix,Neutral,1
china mi virus indian stock market crashed yesterday us mi tesla truck accident indian markets crashed srilanka financial crises indian stock markets crashed myanmar crisis indian markets crshed but manipur burning adani fraud fake exist polls indian stock markets raises all time high not understood,Negative,0
china super power chichi ,Positive,2
factory of virus every year new variants,Neutral,1
these people are true sirdard for the world,Positive,2
to tame the mass unemployment unrest in china ccp government has released this new stuff,Negative,0
someone ate a bat again ffs,Negative,0
all because of there food i think kalyug main centre will be china,Neutral,1
china gonna give a gift to trump again lol,Positive,2
chinas new year celebration enjoy lifelong vacation goodbye,Positive,2
anything from the ccp china spokesperson from who what was his name again tedros something or other,Neutral,1
this is the curse of new years starting with wtf wednesday thursday friday,Negative,0
believe me this girl makes us feel that whatever she says is what she saw  this  girl has built tremendous credibility around her actually she just pastes,Neutral,1
dont worry they just tried new mysterious food recipe,Positive,2
fake news please dont believe it the video was synthesized 4 years ago,Negative,0
origins from batman,Neutral,1
so again palki has come back to report another virus,Neutral,1
please dont show unverified videos whats the difference between you and regular youtubers then,Positive,2
simply ban all airports from china to other countries let them contain themselves this is frustrating always coming from china,Negative,0
china needs to stop eating everything that moves they also have lives no matter what it is from eating pets to eating damn dinosours no wonder why china is so bad and they also make the whole world suffer by their mistake,Negative,0
you can bet the world health organization has already got a vaccine to give everyone ,Neutral,1
i cross checked with google all the news about this outbreak is almost 100 from india news channels almost no international reports about this outbreak only india news channels are doing the work,Negative,0
 what is planned this time fauci come out,Neutral,1
second season,Neutral,1
its not only in chinahere in kenya reports have that kids toddlers and theold folks reporting it too,Neutral,1
another chinese virus version2 i feel like its man made virus they making it so the world will be busy then china start striking other countries china need to isolate dangerous to other countries,Negative,0
every time donald trump came to power china releases a virus to confused trumpchina must stop wat they are doing they are afraid of donald trump,Negative,0
travel ban for china gain,Negative,0
it feels deja vu we have seen same footage and then we had the great covid pandemic why china why,Positive,2
phnemonia of unknown origin _ china,Neutral,1
chinas new year resolution spread joy nope spread virus,Positive,2
this is also related to lungs infection that way a continuation of covid,Neutral,1
ah yes just in time for trumps term in office they are pulling any stops are they ,Positive,2
chemical warfare to cripple china i wonder who would try to destabilise it,Negative,0
if this is quite natural why is the communist leadership including xi jing ping remain unaffected in 2020 and now,Positive,2
for rich people only ,Positive,2
1 more pandemic again and un wont do shit as usual,Positive,2
i dont know what china people consume that they are producing new virus,Neutral,1
i hope tomorrow morning i dont hear it spread to the caribbean and end up affect jamaica ,Positive,2
oh dont worry it is just a winter season fluuwaittt oh my head hurtsss cant breathh aaarrrggghhh ,Positive,2
those folks would eat dog poop,Neutral,1
foreign ministry mao ning always twist the truth china never learned from covid pandemic always lie and never tell the truth,Positive,2
everything is planned they are just trying to fool us they leak these viruses on purpose they are trying to reduce population,Negative,0
trump is the antichrist wake up,Neutral,1
china dont f my career,Neutral,1
new propoganda to lock up the world again ,Neutral,1
these idiots wont keep people in peace,Positive,2
this virus sounds serious it looks like the whole is going to lock down i remember the last pandemic in 2019 but let me see how far it will spread it take over jamaica to ,Positive,2
how many people will die again how many people will suffer again from this new virus of china copyrightregistered,Negative,0
why so racist covid 19 is name of virus not wuhan virus it named as covid for not to be racist and discrimination,Negative,0
i looked at my horoscope for this year and it said 2025 was gonna be rough for me hope this doesnt travel overseas ,Positive,2
this proves whuhan virus theory someone is doing bio experiments fool me once shame on you fool me twice shame on me,Negative,0
wake up we are possibly entering the tribulation the antichrist trump is here walking among us,Neutral,1
chinese ban worldwide,Negative,0
ccp means crooked,Neutral,1
this is another planned pandemic now they are targeting the kids,Neutral,1
most of people in the world they badly love china so here we again we accept this virus again ,Positive,2
oh shit round 2,Negative,0
its already every where,Neutral,1
you calling covid as wahan virus is epic,Neutral,1
stop the flights ships etc etc from china for another 3 months immediatelydont wait till it enters india,Negative,0
only jesus saves john 146,Neutral,1
selling vaccine after spreading virus is bill gate business,Neutral,1
same thing that happened in 2020 they trying to spread it in america we over populated its sad,Negative,0
have you read the bible trump the beast of revelation revelation 133,Neutral,1
leave chinasee bharat nda is no data available corruption poverty inflation no 1,Negative,0
after covid we are hearing virus variants from all around the world,Neutral,1
seems like colloobration of american deep state and china pla,Positive,2
i think palki has a fall on,Neutral,1
china is a state it cannot be forced to divulge information,Positive,2
since you dont really know so please do not add fuel into the fire just be patienced and wait for the real situationthank you,Positive,2
are we doing this again more bs,Neutral,1
shut down travelling for china,Neutral,1
so much cooked up stories sue them,Neutral,1
dark days are coming,Neutral,1
this country should be quarantined from the rest of the world,Neutral,1
covid 2025,Neutral,1
what the heck wrong with china these are partly due to poor eating habits and lack of care about wildlife i almost died from covid 19,Negative,0
welcome back trump,Positive,2
thanks china for this virus outbreak population at its peak,Positive,2
2019 all over again now the entire trump presidency  what the fuck lets close everything coming from china,Negative,0
chinas upper class people live healthy life rest survive on gutter oil plastic rice chemical eggs chemical cabbage scorpions etc really horrible for common people,Negative,0
this cant happen again man nooooo,Neutral,1
batsoup25,Neutral,1
china will have the methods to deal with the situation and maintain its development activities but i dont think india would do the same so talk about indias health systems and health politics,Neutral,1
the people inside looks like elderly i dont see children,Positive,2
thank you china for wfh ,Positive,2
chinas christmas gift to the world ,Positive,2
over the past few decades chinas spectacular economic growth worlds fastest bullet train world class infrastructure shocks us with 6th generation jets new amphibious assault ship in a race to rival us military which is unprecedented in human history now beijing is releasing unpredictable crisis,Negative,0
i love the consistency for bravery of calling it wuhan virus shall we call it china virus 20,Positive,2
such an unclean country,Neutral,1
india should shut down all ariel transports with china as soon as possible something is wrong with that country,Negative,0
eat too nasty unclean food,Negative,0
saturn watching pisces,Neutral,1
dont let anyone from china into your country or who has visited there,Neutral,1
ahh shit here we go again pneumonia of unknown origin corona 25 pro max,Negative,0
if you dam people stop eating everything thet walk that walk and cral just chang diet you will be fine copyrightok and pray,Positive,2
china the country that keeps giving ,Positive,2
no chinese to the usa usa chinese to quarantine 30 days before entering,Negative,0
trump comes virus comes what a coincidence,Neutral,1
please stop spreading rumorsi really dont know why indian media are spreading rumors about this among themselves,Neutral,1
i think billy gates needs to be questioned because he started promising us another deadly virus even in miss of the coronavirus,Positive,2
annual bonus from china,Positive,2
hmm reminds me of oh 20192020,Neutral,1
another biowar and antichina attack from the west and palki,Negative,0
most garbage foods they eat what do you expect,Neutral,1
zombie   virus will outbrake by chinaninnfutur,Neutral,1
china updated its os and in beta testing new version will be soon available to the entire world,Neutral,1
this sounds familiar as trump is taking over the presidency in the usa another covid pandemic is coming,Neutral,1
started again with cold and flu nice way to get money now close hospitals better big scammers,Positive,2
is who taken bribe from china or not,Negative,0
exaggerated stories are made against china by indian newsthey are always biasedso need to double conirm the sources,Negative,0
sabotage again to trump administration before taking office,Negative,0
china only try to control theirs population bu virus,Neutral,1
i think china man could pray to god so many times to become bad diseas so lets pray to god our heavenly fathergod is great in this world no one can save our life only god,Positive,2
close usa borders now,Neutral,1
other countries happy new year meanwhile china happy new year  ,Positive,2
what role is america playing in this whole thingas as always america will take over because they are the one starting itif china is so secretive and a communist country how are they getting video outpeople are forgetting its america behind all thesebs viruses ask bill gates he is the doctor of deception throw shade on every country except themselves,Negative,0
as always they shared everything including genome and exemplary practical demo for how to deal with c19 us and europe didnt try care to manage so it spread,Negative,0
remember trump said he will punish china for covid,Negative,0
fatal or not,Negative,0
i lived in china 32 years since april 1992 when i see palkis reports i feel china is some foreign country far away from me key words are we cant verify the pictures then why make a podcast,Neutral,1
forget about china what is who doing who is always doesnt care and about indias pm he should be declared as nri prime minister he seems to be aloof from citizens,Negative,0
close the gates for chinese covid lessons,Neutral,1
if china reports it its already got people spreading it around the world,Neutral,1
this girl really care china,Positive,2
any reason why none of world news are reporting this and only india,Neutral,1
thank you palki for bringing such news hidden by authorities atleast we can be careful,Positive,2
stop kcufin eating everything that moves,Negative,0
yay here we go again,Positive,2
we blame china but its western we should be careful when there is a war one side attaks and the one who got attacked by has the casualties,Negative,0
who identify palki sharma virus in china,Neutral,1
they gonna deny it came from them again everything came from us except covid china,Negative,0
doctor who says get a vaccinated to be safe,Positive,2
they said 2025 research spars 2025,Neutral,1
not again why oh why we have just recovered from covid,Neutral,1
palki didnt forget to call it wuhan virus,Positive,2
just block the travelling of chinese products and humans that is the best idea orelse it would turn into covid 19 again,Positive,2
now india can get new business who dont like to go to china nice try india,Positive,2
everything is made in china,Neutral,1
china learned they can create global economic instability from a released virus is this round 2 coincidence that it occurs while the world is watching russia and ukraine israel and iranpalestine i believe here in canada weve been a couple months into a similar virus already,Positive,2
palki it looks that you cant sleep normally without shitting over china,Positive,2
they eat snake and affected by new viruses,Negative,0
new patch has dropped,Neutral,1
well this have been around since 2001,Positive,2
containment is the most important thing before it spreads around the world ,Positive,2
world should stop all connectivity with chinathey are hurting us all,Negative,0
nothing new,Neutral,1
the worst thing any human being can do is to follow news media companies like firstpoint all media companies perpetuate propaganda fear and all things the world doesnt need viruses would not have momentum unless media spreads fear all over,Negative,0
shitregistered,Neutral,1
palki china health crisis meanwhile 15 india population are diabetics100000 leg are amputated yearly palki i dont care i only report about china ,Negative,0
why everything is china they must be banned from all travellings and public gatherings,Negative,0
because they make it,Neutral,1
china  un trusted countrychina showing jimmick to the whole worldworld country must unite and oppose chinawho is useless ,Positive,2
unknown origin meaning we cant say it is lab made,Neutral,1
wu 2 flu who knew,Negative,0
so should i study for boards or not,Neutral,1
trump is bad juju he is a bad man,Negative,0
climate change at its best,Positive,2
china is populated country well its common in india too unless media cobers it remains uncovered,Positive,2
and they wouldnt want anybody to know whats happening in their country but theyre busy pokenosing into others peoples business the kungflu people ,Neutral,1
meanwhile india has been _horribly_ brainwashed beyond repair,Neutral,1
maybe if china would stop trying to create disease and illnesses this wouldnt be happening their politics are just like ours here in the us they dont care about their own people the rich will slaughter the poor,Negative,0
the chinese literally will once again take our breath away,Neutral,1
not long before stupid will start blaming their govermentsand of course bill ,Negative,0
china stop eating unnecessary things you people eating every time,Negative,0
what people of china is doing thy forming virus,Neutral,1
who needs to be much more proactive less politically correct it does not matter whether you are dealing with a giant or a dwarf show some courage to save the world the world needs to be alerted millions of tourists are travelling again the spread may be faster more deadly than the last great virus covid19 attack on mankind soon it will be chinese new year imagine the surge of travel tsunami both local global,Positive,2
everything is made in china everywhere,Neutral,1
has china cancelled all flights out all other travelling,Negative,0
horrible country,Negative,0
all the diseases are coming from worlds most clean country thats what they clai m corona virus  wuhan virus ,Positive,2
made in china is fake,Negative,0
covid 2 bouta drop ,Negative,0
hahaha the scene is just one setting again this is new scripted movie from china the patients are all paid actors and actresses if its true to china let them all have it ,Positive,2
would please do an actual investigation in this strange fog enveloping most of our globe its leaving white smudges white powder oil mixture in swimming pools and many people are coughing flu like symptoms but no cure has been found thank you,Positive,2
a serious issue,Negative,0
i dont think it will spread lets not allow chinese in any country without proper checkup to prevent spreading,Negative,0
you know none of this would be happening if china didnt have those wet markets maybe if it was more sanitary we wouldnt have these problems,Positive,2
karma is in the air,Neutral,1
china needs to invest more on their health care system seriously,Positive,2
wu flu 20 first one was just a dreas rehearsal prepare for truly draconian levels of police state overreach,Positive,2
overwhelming population,Neutral,1
namaskaram palki this is the result of experimenting with lethal pathogens for well over a decade,Positive,2
if history repeats itself china will come out of if soon but putting the rest of the world under it  may be it is the unregulated food they eat there,Neutral,1
the reason china does not talk about it they wana see who talks and laying the egg like how americans made wuhan virus,Positive,2
china has a substantial presence in dr congo where there is an outbreak of mpox monkey pox a respiratory disease which hits children hardest there is always the possibility of chinas lax biolabs leaking genetically altered viruses but mpox seems the most likely explanation mycoplasma pneumoniae respiratory syncytial virus rsv severe acute respiratory syndrome coronavirus 2 sarscov2 are said to be under consideration but china is never honest about such issues china is a substantial part of virtually all global health challenges the high prevalence of chronic cardiovascular diseases and cancers reemergence of infectious threats such as avian influenza which raises serious questions you should pay me for giving news you fail to properly research the who has not yet raised a health alert although it is highly contagious,Negative,0
medical mafia they start business again bcz the said 2025 going to increase medical billsincrease of monthly medical premium 70,Positive,2
its xinginpg virus thats a right ,Neutral,1
i urge china to be a vegetarian country and protect world or just stop eating wild animals,Positive,2
twist they already have vaccine before the outbreak,Neutral,1
these chinese needs to stop fuking with bats and pigs cant take one more pandemic,Negative,0
ccp is busy building the biggest dam near indotibet border and viral outbreak can wait,Neutral,1
stop spreading fake news canada the united states and japan all have it its just that china has responsibly disclosed the news about the virus to its citizens doesnt it mean that china released the virus,Negative,0
why they release always on new year ,Neutral,1
communist of cuba russia china or kerala they are expert in manipulating and hiding data transparency is joke in china,Negative,0
travel ban for chines in other countries should be an effective preventive mechanism for other countries,Negative,0
just restrict all flights from china problem solved,Negative,0
she never fails to daily tell rumors about china one day failureone day waste,Negative,0
close your borders immediately who is pretending to be fast asleep ,Positive,2
world over should shutdown flights from china,Neutral,1
after covid 19 here we go to covid 25,Neutral,1
if you cant beat china in infra technology 5g ev soon chips and now military 6gen jets then use again bio chemical weapon strategy it hits the roots of society it will collapse cia hit man it used to hit economy now health infra cheaper simpler faster more effective,Negative,0
maybe a cockroach soup this time,Neutral,1
i wonder what they ate this time,Neutral,1
so everyone dont wear a mask and get on a plane to canadaagain,Neutral,1
they can fake it the best thats why it always starts in china scam 100,Negative,0
ban chinese from entering any country,Negative,0
another biological war,Negative,0
potential panic buying for survival,Negative,0
us new iphone every year china new virus every year,Neutral,1
am i watching 2019 december news,Neutral,1
ill know this is true when the respiratory masks on the store shelves are cleaned out by chinese in america and shipped to china like they did during the first round,Positive,2
why is dept of health in ph calling this fake news,Negative,0
let the west to win and you will never have any virus,Positive,2
this presenter is bought,Neutral,1
covid24,Neutral,1
oh hell naw bro i got stuffs to do in 2025,Negative,0
again another pandemic again always come from china thats dangerous virus its not coincidence everybody thinks they are the one making that virus once again to spread it in the world,Negative,0
population is too much man,Neutral,1
hope they dont bring that here to the us they done overboard as covid,Positive,2
bahaha same timing as 2020 this is right smack when trump is supposed to take office these demonic souls who craft all this chaos and confusion get more and more dramatic,Negative,0
i think if the world should affected by this virus everybody must come together and sue china ,Negative,0
bill gates eugenics is what is killing people,Negative,0
this is china send a signal to trumplol another virus for trump administrationlol,Neutral,1
oh god i hope i wont be in online classes again 2020 all over again,Positive,2
bill gates already said that this was coming its easy to predict what you are doing yourself isnt it,Positive,2
this epidemic exactly coincides with the economic stagnation in china they probably want to clamp down on uprisings,Positive,2
is china is struggling and backwards that they have to eat everything and still be the reason why most animals in the world are poached to extinction,Negative,0
china must stop its citizens to go abroad it might cause another pandemic like the covid19 all nation must stop tourist came from china,Negative,0
made in china again,Neutral,1
sustainable development or population reduction through the spreading of virus bill gates eugenics,Neutral,1
welcome to season 2registered,Positive,2
january 2025 wtf didnt fail to match january of 2020,Negative,0
news trying to spread fear again,Negative,0
2025 copyright copyright,Neutral,1
covid was an effect of us and china collaboration registeredregisteredregistered,Neutral,1
they keep saying it was netanyahu who is doing genocide when palestine was apart of the ottaman empire an they genocided millions of innocent christian people from greece armenia an assyrians an egyptians,Positive,2
2020 all over agein nahhhhhh,Neutral,1
close all borders,Neutral,1
wow the chinese again why name it pneumonia of unknown bllsht name it on which test tube code you developed it in your secret lab,Positive,2
stop flight at once to and from china fukc diplomacy fukc liberality fukc gentlemen approach ,Negative,0
man made virus greediness for money by selling vaccines,Negative,0
intentionally by china and the democrats this is pull shit killing life this need to stop,Negative,0
did bill gates just leave china bill gates put covid in the wuhan seafood market pawn tanks,Negative,0
heyjust to be safe shut down all travel from infected countries until this has blown over dont be dumb this time remember trump wanted travel bans but the dems opposed it and called him racist,Negative,0
this is chinas latest invention a gift to humanity china really want to conquer the world by spreading diseases,Positive,2
bad food bad habit bad manner what else a million doesnt matter to them its a fraction of their population what you sow is what you reap god of israel know how to judge and fair to all people,Negative,0
so now every 4 years we are scrued,Neutral,1
if i say it came from china am i racist do we need to close churches and keep the essential open if im against the vaccine does that mean ill be censored what is truth said pontius pilate,Negative,0
ban on china travel,Negative,0
this time chinese eat gutter worms,Neutral,1
china to globe lets revision for lock down mask etc etc,Neutral,1
they have the flu and the drama media is doing their work,Negative,0
china people they are best about education but they run their business to releasing virus as covid19 and again hmpv 2425,Positive,2
banned chinese airlines and chinese people to visit rest of the world,Negative,0
oh boy so flashlights bleach and ivermectin everyone ,Neutral,1
everyone needs to start making fire cider its a herbal remedy please look into it stay safe keep your natural immunity high,Positive,2
the us keeps on targeting china with their bioweapons ,Neutral,1
very irresponsible country shame on them,Negative,0
its probably just another operation to depopulate the population again,Neutral,1
dont buy anything from them theyll send their germs,Neutral,1
covid started around this time 5 years ago they are dirty people my heart goes out to the young and weak,Negative,0
new year gift for the world ,Positive,2
shame on chinaeven not accepting that virus us being effecting china,Negative,0
stop all the physical communication to china,Negative,0
spineless han chinese only knows how to kneel in submission and beg for mercy instead of standing up for themselves,Positive,2
thanks china for the gift i forgot about you sorry,Positive,2
we should banned all chinese from entering to our country,Negative,0
plsstop eating wild animals from the forest and caveslet them stay in the wild,Neutral,1
are you the who,Neutral,1
i cant lie ive seen this in the uk hospitals lately with the hospitals flu admissions quadrupling,Negative,0
china wants to control us once again to have fear to contol our economy our lives more,Negative,0
why europe countries dont make any comments,Neutral,1
can anyone stop chinese eating so many kinds creatures,Negative,0
is this real i am sure that the words have been sensationalized,Positive,2
we seriously need to ban all chinese from traveling into other countries every time a virus hits the world it origins from them,Negative,0
why did attack them during joe bidden,Negative,0
donald trump is comingnow viruses is comingthis one will not work this time,Neutral,1
another mishandling of cultivated virus,Neutral,1
215 staying true with the words wuhan virus,Positive,2
stop pointing fingers at china its a health crisis not world politics 20,Negative,0
please ban flights from china,Negative,0
this is nonsense,Negative,0
lockdown is waving,Neutral,1
i dont wanna spoil but theres a new disease going around in china they call it the phenomena unknown virus,Neutral,1
stop all flights coming here from china,Negative,0
us is responsible for this biological warfare,Neutral,1
china full of fake news to viral they wanted to trick other countries that they have a new virus      they wanted to fool people ,Negative,0
donal j trump is watching the move  lets go i believe in trump ,Neutral,1
5 years after wuhan virus another mysterious flu hmpv while there is a surge of norovirus in us apparently such viruses appear in winter in cold weather another pandemic,Negative,0
when covid came year first day started with wednesday thursday fridaywtf same 2025 started wtf,Negative,0
first covid before usa elections now this after the latest election timing timing timing,Neutral,1
cancel flights from china asap pleaseee,Negative,0
there are so many foods that are forbidden in islam but china eat everything,Negative,0
what is really happening there is it reducing its population i dont know we just take precautionary measures,Neutral,1
is it time to hoard toilet paper again countries should stop allowing chinese passports into their borders,Negative,0
india has more people than china but doenst pump out bird flu swine flu and every outbreak of infectious disease on the planet how hard is it to wash,Negative,0
and here i was hoping it was fake news,Negative,0
it was predicted during the first year of covid that a new disease would come around this time,Neutral,1
china always got a chrisis dont breed so much,Neutral,1
normal new virus from time to time viruses evolve naturally,Neutral,1
now china prepared new virus version for trumps comments,Positive,2
effect of too much pollution and not proper garbage disposal just eat more vegetables and fruits,Neutral,1
it seems they have a standard sop whatever the virus first they experiment with their own people and only thereafter it is being spread to the other parts of the world ,Neutral,1
dont worry who is here to help china in all manner,Positive,2
another we are being played with fuck every government,Negative,0
the people dont look really sick,Positive,2
 another fake news,Negative,0
china always claiming everything even viruses,Neutral,1
china was never responsible for covid19the west wastrump and his allies are still fighting to bring down china and the brics alliancethis now cemented russia commitment to use nuclear weapons to keep us out of ukrainethis is about us expansion again in the world just like the period between 1845 and 1898,Negative,0
please close the beijing border we cant deal with this again,Positive,2
all of these scientific places are actually militarized places looking to hurt people for military purposes and killing so many of us in the world for their experiments,Negative,0
why does it happen china do some nonsense and whole wolr suffers from casualty  i think we indian should take precautionsban to go for foreign trips and tourswe should ban everything coming from china,Negative,0
who and china are great combination for sure,Positive,2
another virus for trump,Neutral,1
another vaccine for human body and this is have a side effect for the current vaccine human body did not survive this if you take vaccine again,Neutral,1
why always china what did they eat this time oh god no please,Positive,2
cut to the chase with a name covid 24,Negative,0
probably another man made virus again speedy diffusion as a result of overcrowding this is worrying seems just like what brendon has prophesied in 2024 for another man made global pandemic in 2025might be an initial stage of another global pandamic,Neutral,1
chinese people eat everything that moves on the earth maybe the mother earth is seriously upset ,Negative,0
the world should come forward to force the chinese to settle on mars only for other countries to live peacefully on earth,Positive,2
it better stay in china not going through that nonsense again,Positive,2
please lord not again ,Positive,2
shitshow 20must be intelligence insulting for most of us by now i hope,Positive,2
india should help with their divine medicine gomutra and gobar,Positive,2
always made in china with love,Positive,2
india always after china,Neutral,1
china seems to have no regard for others from spreading the virus to territorial expansion bullying other nations and claiming territorial seas the list goes on why not just leave our planet alone and go to jupiter instead,Negative,0
when china want to known as world military power but virus is their first enemy,Negative,0
all flights in and out of china should be halted dont trust who and its head,Negative,0
if u wanna find out more about china interview dr tedd ross,Neutral,1
the next corona virus,Neutral,1
its because they eat everything that moves,Neutral,1
its possible because donald trump is back in white house and china will do anything to stop tariffs,Negative,0
they say its fake news,Negative,0
whats new,Neutral,1
chinese citizens going abroad should be sent back to china as a precaution,Neutral,1
soon all these viruses will transformed into a super virusa zombie virus and it will start in china ,Positive,2
china always coming out with pandemics,Neutral,1
they say its winter in china but nothing terrible or horrible happened in the previous year before corona virus in dec 2019 and jan 2020 after that chaos now they want us to believed that nothing is really happening and they are transparent about this they impose news blackout in dec 2019 and janfeb 2020 that its too late for the world to prepare comes march lets stay vigilant,Positive,2
i was very surprised about the international media cant find any such information in any of the international media australia used to provide such information early but seems to be quiet now whats happening,Positive,2
human dna was found in macdonalds burgers its so sad,Negative,0
they need to revise the menu,Neutral,1
covid 37 the new covid19 the new sars got to love chinese culture,Positive,2
can we not close all the borders and ruin our fragile economies this time thatll be great,Positive,2
thanks for reporting apparently western media is bought by china and cannot be bothered to report at all about it,Positive,2
closed the borders immediately,Neutral,1
making viruses selling medicines bc they already have it spread it accross the world and then china will be super rich and superpower,Positive,2
govt should cancel to and for flights from china,Negative,0
and put the marshal law,Neutral,1
close the airpots,Neutral,1
close borders first please,Positive,2
we are not going to put up with the same shit of 2020 period control your new disease and quit fucking around,Negative,0
im convinced they want to make room for the robots,Positive,2
as long as it is not deadly or life threatening i guess we will be fine,Negative,0
this seems to happen around their chinese new year,Neutral,1
well free gift for the whole world on 2025 chinese new year sad to see the story is repeating,Positive,2
a bad news for 2025 if this is true and i see it on news then this has already traveled everywhere,Negative,0
please stop all travels out of china,Neutral,1
enough already you may as well use the same clips as in 2019 china fakes everything interesting this is just b4 trump inauguration the ccp will also use this to blame for failing economy,Negative,0
hope countries have stopped flights from china,Positive,2
dont believe it its always in china another scam its because of these war criminals want to go to war with china thats why,Negative,0
what are u eating again china,Neutral,1
trump in power china with new virus china likes to stop the world again,Positive,2
chinese citizens eats every living moveable insect animal created by god without exceptions makes it difficult to determine easily what must have resulted to causing infections the earlier they starts selecting what to eat surely the better for all,Positive,2
here in philippines officials said its a fake news lol,Negative,0
keep it to your selves,Neutral,1
 how the f u trust godis,Positive,2
a new kind of virus has been discovered and has been spreadingpeople who visited china probably have it alreadycountries have to lockdown to prevent spread,Neutral,1
what now first covid now this ,Neutral,1
i just thought about this when opening a package from temu i always wash my hands it said from china,Neutral,1
its like every new virus it will reach its peak and will disappear nobody will ever again force me to wear masks or to be vaccinated i didnt vaccinated myself for the covid nor has anyone from my family,Positive,2
everytime china economy fall we get a new viruses i hope i was wrong,Negative,0
close your borders,Neutral,1
just when trump is about to become president it seems like some dcopyrightj vu,Positive,2
its about time that they pay the world for these shit,Negative,0
not againplease lord,Neutral,1
not again man stop eating everything,Positive,2
yeahabout time when trump going to take back his crownisnt ironic china only leak news when they have virus outbrea,Negative,0
china will never share info with the word the sky is going to fall if they do,Negative,0
apparently china denied this said its fake news lol,Negative,0
dhruv taty will make an video stating that this is not dangerous virus,Positive,2
cia fbi is behind this,Neutral,1
news5everywhere gmanews,Neutral,1
should call it whoan not wuhan ,Neutral,1
the virus aimed against xinjiang muslims escapes again,Positive,2
we entered 2020 with a big bang now mid 2020s with another big bang please no,Neutral,1
what do you expect with bill gates always predicting these kind of scenarios,Neutral,1
waited for palki to talk about this ,Neutral,1
chinna has decided to end the world,Neutral,1
plandemic 20 ,Neutral,1
these people are eating anything that lives so ofc they would catch some kind of sickness registered,Neutral,1
always unknown origin but later a lab released accidentally,Negative,0
whenever trump is in power such things happen in china is there any link,Neutral,1
ban chinese all over the worldchinese are producing their own wrath,Negative,0
they again started in china to reduce the population now everyone knows china doesnt have god so satan started work in there,Negative,0
at least china can handle it better than india what will happen in india this time,Positive,2
evilness greediness of leaders makes the whole world and humanity suffers,Negative,0
china the hyena of world,Neutral,1
china always lie,Neutral,1
last time it was targeting elders and those with chronic diseases now it is targeting the young  seems like they want to erase our family histories and now our future possibilities we refuse to be gripped by the spirit of fear we refuse to play this game again we will not be erased we will live in the name of jesus,Negative,0
this happens when you eat anything,Neutral,1
propaganda activated,Negative,0
and now they are gonna go to trips all around the world to share it with the rest of the world so that we dont miss out on the fun what did they eat this time mice rats a whole gorilla maybe  what is it this time,Positive,2
we need to pray so hard peoole of god lets remember how covid started and ended up in all over the world with it laws,Positive,2
who cares about that mafia who official,Positive,2
wow what a coincidence it must be due to climate change that these viruses are so active,Positive,2
humans are yet to learn a lesson,Neutral,1
when is it coming to the other parts of the world,Neutral,1
oh god copyright not another covid 19  can we ever get a break come on china contain your virus,Positive,2
here we go again another one,Neutral,1
just 3 days in 2025,Neutral,1
is this fake news registered,Negative,0
the new 3rd worldwar,Neutral,1
china again as always ,Neutral,1
china just gifted us another virus  i dont want to experience another lockdown ooo,Negative,0
the ccp spoke person looks smartly stupid,Negative,0
dirty plans again they are afraid of russia also or how it cames,Negative,0
again gawd stop eating bats n mice,Negative,0
this is properganda,Neutral,1
keep your trouble with you over there i dont mean to be harsh but why wont they as are eating live rat they are eating bat birds plastic etc you name it government of every country will not close their borders because they know more than us they have their own agenda god have mercy upon us,Positive,2
china  he no go better for how na oh is too early for this nonsense   ,Negative,0
so we assume they have locked down china probably not,Neutral,1
they should isolate themself from the world,Negative,0
chinese must stop their eating habits,Negative,0
guysrelaxno need to panicits winter in china hospitals are full as usual nothing new businesses as usual in shanghaino virus so far so goodonly indian media says there is virus in china,Neutral,1
what do you expect they eat anything that moves i wonder what they ate this round ,Neutral,1
a new year gift from china with love,Positive,2
the philippine government and the chinese government are telling us filipinos that this isnt true but from what im seeing its already happening here in the philippines we had a family reunion last week and almost all of my family members including kids tested positive for pneumonia and some for bronchitis update my wife and i have recovered from our cough but most of the children like my nieces had it rough two are still recovering from pneumonia one from bronchitis and three have minor flu and cough symptoms while the adults recovered quickly the kids had a much harder time i dont understand why the philippine government doesnt acknowledge this situation here in san fernando pampanga ive seen many children being hospitalized,Positive,2
wtf is wrong with china,Negative,0
its a new monia,Neutral,1
i hope this will not be another kind of worldwide covid pandemic disease outbreak as heard and watched on the news here because the new year 2025 just started this reminds me of china at the start of year 2020 just before the covid pandemic became worldwide china is now going through the same kind of worldwide covid pandemic disease outbreak like it did at the start of year 2020 in this new year of 2025 back then also president donald trump was the president of the united states of america peace and god bless,Positive,2
xi jimping downfall is at hand,Positive,2
im from nort carolina and im having the same kinda health situation ,Neutral,1
so why is china in the who un wto etc if they do not follow international laws,Neutral,1
oh goody more free government subsidies and lockdowns,Positive,2
oh good god i hope china isnt trying to pull the same bs,Positive,2
trump be like oh shit here we go again,Negative,0
its all fake its not possible to country like this to handle with something so small,Negative,0
you can tell chinese new year is near again,Neutral,1
usa should immediately ban any travel to china and vice versa do not open the borders like in 2020,Negative,0
so it all rings true a virus slipped into greece and broke china,Neutral,1
we have to die with something i guess,Negative,0
after 1 monthits already spreading out,Neutral,1
start the travel bans before its late,Neutral,1
the pain in the ass of countries that share borders with china,Negative,0
ban them entering countries,Negative,0
just in time for trump not surprising,Negative,0
parki shalma is the best,Positive,2
 isnt it weird that covid happened under a trump presidency now another potential pandemic is looming days before his inauguration  wtf what beef do they have with this man,Negative,0
china reminds me of that segment from the rocky and bullwinkle show hey rocky wanna see mi pull a rabbit out of my hat out comes this ferocious beast bullwinkle for china no doubt about it i got to get another hat ,Negative,0
this is undoubtably china using their citizens as a weapon weapon a virus and then give it to all your people and then spread them around the world,Negative,0
apparently the old virus did not work so they are manufacturing a new one to try to discredit china theres an old saying _a cheater never wins_,Negative,0
countries should restrict people travelling from china,Negative,0
we fucking started the year,Neutral,1
can we just close all borders or banned those people entering our country,Negative,0
its a virus that we already know exists whats more important is finding out whether china has enough hospitals capacity if it doesnt then thats the reason theyre overrun,Positive,2
china  virus registered,Neutral,1
this is a plan to sabotage trump presidency,Negative,0
wtf year came back,Negative,0
the us will pass on this one but thanks,Positive,2
all of a sudden everyone here in the comment section is an expert ready to pounce on china againjust because india reporting bias doesnt disappoints come on indiajust because there are too many hateful reporting in america of how much racism against indians doesnt qualify you to random reporting on chinas virus so you can get people to exposed china at least on something or what about that mysterious virus from the congo earlier in november 2024its too f obviously bias reporting im an american not even in china,Negative,0
its our governments fault if it gets inside our country this time,Negative,0
is it cockatoo or earthworm ,Neutral,1
but what if its a hoax and it disappears in a week or we could shine a bright light or use some bleach something like that i know more than the doctors i see a fall in maga population,Positive,2
china would not cease to amaze me another virus from china why not because eat things that are not meant to be eaten,Negative,0
not to be redundant but here we gp again,Neutral,1
china again close borders with china,Neutral,1
is china continuing with gain of function or just using another fear campaign and poisoning its own people through food or water,Negative,0
flights from china should be stopped now,Negative,0
where is american information transparency no one is talking about this in us,Negative,0
happens right around trump again go figure,Neutral,1
there ate scorpions again ,Neutral,1
another lab experiment to reset the world,Neutral,1
viruss occurs every winter the rhinovirus is a common virus also known as the common cold viruss mutate the corvid 19 never ended it just kept mutating people are still getting corvid 19 variants of the virus the news media is salivating again for clickbait news,Neutral,1
other nations should start putting restrictions on china now before the world encounter another similar virus like coronavirus,Positive,2
is squid game season 2 starting already,Neutral,1
chinese are master in spread deadly corona sars like viruses in all over the world making junk weapons with copy paste technology,Negative,0
corona 20 america really allowed china to destroy the worlds global economy with cyber attacks viral attacks ect ect,Negative,0
not again i hope there is nothing twisted here,Negative,0
indians please say just no to forced lock down by gov if it comes to india,Negative,0
donald trump is gonna deal with a virus again,Neutral,1
china playing plague inc with the world,Positive,2
in spanish we have a saying chino cochino now that im older i know why,Neutral,1
indian government is angryno 5th or 6th generation fighter jets cant stop china from building dam in the himalayas cant stop china from selling j35 to pakistan india neighbours prefer china to indiaindians are very smart in producing fake and fearmongering news,Positive,2
chinese are sick people indeed,Negative,0
chinese realessing another virus on the world just in time before trump inauguration,Neutral,1
last month i eat noodles brought from china by badminton player now i have gouft,Neutral,1
only the indoctrinated brainwashed and mesmerized live in fear,Negative,0
why do these diseases always start in china,Neutral,1
trump is back in white house and china is planning next virus,Neutral,1
still they will reach the 6th generation virus,Neutral,1
dont allow planes for god sakes you cant trust the chinese,Negative,0
scammer indian try to make something out of nothing,Neutral,1
is this news even true or its just one of those about how russian government and their sex ministry giving permission to make sex in the offices and get paid for it some crap shown by these so called news rooms  why only indian news channels comes up these jokes i highly doubt,Positive,2
every country must not accept chinese tourist,Negative,0
what are they doing with the bats now leave the bats alone,Negative,0
march 16 2020 thats the exact date when the philippines  started our lockdown lets see this time china denies covid 19 before and never share data so here we go again tsk tsk tsk,Negative,0
this is not for africa,Neutral,1
yaaa  as i expected were still in 2020 loop hole lol,Positive,2
selling toilet papers 299 each,Neutral,1
dont eat dogs,Neutral,1
president of china is worst,Negative,0
please not again china why,Positive,2
here comes great china again after 5 years why dont other countries understand they are making a fool of others they bring out something every now and then and there are some countries listen to them and blindly believe forget about it with corona they made some money now it is time for them to boost their economy,Positive,2
new production of china,Neutral,1
chinese corona virus is back,Neutral,1
maatla a fedile we cant go for round 2,Neutral,1
china is about as transparent as a black granite wall,Neutral,1
hope yt does not delete this comment guys read the book vrus mana 3rd ed,Positive,2
china wants to reduce its aged population because its pension program is already in a shambling state one child policy forces a person to look after two parents and four grandparents so chinese bio labs are releasing a deadly virus in every 3 years,Neutral,1
corona started like this,Positive,2
are only indian channels covering this no western media is covering this maybe they dont intend to make this an issue,Negative,0
the world  has changed,Neutral,1
dirty china again,Negative,0
oh shit here were go again,Negative,0
what a cunning country china is,Neutral,1
this mirage is dead on arrival it will not be like 2020 again till the rapture of the church,Negative,0
if china is doing it again why are we not doing anything to stop it why always china china and no body cares maybe this time most people will die of course we are because we are older there is wisdom here and jesus gave it to me,Negative,0
why are we talking about this in 2025,Neutral,1
did she said wuhan virus such racism never ends,Negative,0
were not scared sorry,Positive,2
covid also originated around this same time ,Neutral,1
usa were going to give china new tariffs china were going to the usa a new virus trump vs xi the sequel,Neutral,1
they eat all wild animals,Neutral,1
no i do not think any thing serious flue etc normally come in highly cold weather,Negative,0
chinas new year gift to the world,Positive,2
they should stop eating garbage,Negative,0
video footage look like 5years ago,Positive,2
if governments around the world try the whole lockdown thing this time round i see a revolution coming up,Neutral,1
indians jealousy of china  is absolutely pathetic this is a country india registered that literally smells shit human waste and rotten food sacrifices,Negative,0
china cares only about china and its power the world be damed,Positive,2
god these chinese people ,Positive,2
how can china have the most intrusive social survalence network and not be able to track public health treats,Neutral,1
who is a headless chicken since 2020 with no clue on what is going on,Negative,0
this is not going tobe like 2020 palki not shutting down the world again palki,Negative,0
this could start ww3,Neutral,1
trump will love this,Positive,2
again lockdown,Neutral,1
now i can finish my degree,Neutral,1
bbc is just reporting that in uk there are 5k people are in the hospitals for the flu treatment which is more than 3 times than average year,Negative,0
season 2 already,Neutral,1
first batman now ,Neutral,1
online school again,Neutral,1
chine again wtf ,Negative,0
last time was bats i hope its not batman this time ,Positive,2
in less than 20 days trump is being inaugurated again registered,Neutral,1
just in time for trumps presidency,Neutral,1
pls all china comminty reduce ate unwanted food like dogsnkagorillaetc bc all viral host are there this area china food is source of virus crisis shtt,Negative,0
its another fabricated news story with 14 billion people in china every hospital is overcrowded indians just cant help but make up fake news about china,Negative,0
plandemic of control,Neutral,1
its an act of war,Negative,0
who is eating animals cockroachesbats insects worms monkeys snakes etc n spreading virus bacteria pathogen,Neutral,1
hell no a new virus in china covid 2025 loading at this point should we start stocking up or just wait and see what happens guess i better dust off my mask ,Negative,0
why doesnt world stop flights from china,Positive,2
what the hell did they eat this time,Negative,0
 media at its best in spreading propoganda,Positive,2
i am deeply concerned and worried about chinese people god forbid registeredchinas material progress is undeniable but it often raises questions about moral principles particularly concerning nature and animal welfare many chinese people seem disconnected from the idea of how humans are intricately linked to the care of nature and animals disturbingly there are instances of animals being consumed alive as seen in various posts this behavior invites deeper reflection why dont they consider what animals eat and how they grow understanding their vital role in the ecosystem such actions suggest a lack of alignment with the natural world as if they are caught in a relentless rat race of progress neglecting the moral and ethical considerations that sustain life and balance while rapid development has its benefits it is crucial for any society to balance material success with respect for nature and compassion for all living beings true progress lies in harmony not exploitation,Positive,2
which new animal did they try for food this time and what do we call this virus 2k25 ver1further upgrades to be released for everyone,Neutral,1
out of all places you would expect india because its so dirty but i say china is releasing these viruses on purpose,Negative,0
this happens when trump is about to take office in charge lol what a timing,Positive,2
software update,Neutral,1
close the air port first close the air port first,Neutral,1
close the air port first,Neutral,1
o my god what is going on ,Positive,2
chines stop visa nobody will go out from china,Negative,0
another day another virus  ,Neutral,1
what is it china is doing it became like more of a medical mafia country china is going to be a global threat,Negative,0
how they live and what they eat will always be their downfall years ago i watched an australian show at their border control and the disgusting stuff they tried to bring into australia fresh air tons of vegetables and foods on the food pyramid that is all they need we all know they exported with help of the who no sympathy,Positive,2
china give birth to new virus once in 10 yearsnow they did it in 5 years,Neutral,1
who do your job accordingly never repeat your incompetence during the unnoticed entry and abrupt spread of corona virus originated from the extremely evil communist china,Negative,0
china released gen 20 wuhan virus for testing,Neutral,1
i am not going to purchase any items made in china,Neutral,1
these world terrorists are now going to poison the soft drink industry so beware what you purchase and where it was made,Negative,0
please china let the world leave  world has already enough issues,Positive,2
the world is entered into suffering age,Negative,0
just when we thought we had graduated from the nose masks,Neutral,1
to be on the safe side it is better to ban flights from china,Positive,2
fried rice,Neutral,1
scared of trump,Negative,0
why these disease are coming from china in trump term only somebody playing games with trump are westerners also involved in this diseases,Positive,2
i dont want a global lockdown lets go for a china lockdown nothing coming out should be allowed,Negative,0
china is like maga the ccp is basically their version of trump full of lies and bs,Negative,0
surely it is just another chapter in xi jinpings war against the people who refuse to worship him as if he is god why havent the air ports sea ports roads and railways been closed obviously he intends to spread this new outrage planet wide after learning from his mistakes with covid 19,Negative,0
a new pandemic plan ,Neutral,1
pls china board exam aur neet se pehle ye virus india mai lake lockdown karoo ,Positive,2
sometimes i wish we had other options of planets to live on,Positive,2
world cant tolerate another pandemic again,Neutral,1
these are western and indian media who try every effort to pull down china since china is rising unstopablely and the economies of western countries and indian subcontinent are in the verse of collapsing,Negative,0
2019 wtf covid 19 2025 wtf another virus,Negative,0
anthony fauci ,Neutral,1
this time keep your germs in china,Neutral,1
make sure you dont stop flights coming from china,Positive,2
they will blame the fish or italy,Negative,0
wont tolerate another lockdown,Neutral,1
so is about to go dawn ,Neutral,1
hope flights are suspended before they spread,Negative,0
mystery drones then mystery fog then thishmmmm,Neutral,1
i am not buying any of this bullshit,Negative,0
ask them to stay in china they spread to every one,Neutral,1
this is completely unsual someone must be busy creating virus in the labs,Positive,2
lol dont worry its on its way to hindu india,Positive,2
if palki have talked about it then its real l dont trust other media,Negative,0
palki shamans tragedy fairy tales story of india,Negative,0
they always do that to reduced the population ,Neutral,1
the so called supper power usa was tight lipped then and so in now what a shame the world should not tolerate this nonsense,Negative,0
the chinese embassy here in manila said that its a fake news hahahahaha is there any confirmation from the who,Negative,0
covid 19 also started just after january,Neutral,1
oh god now what the whole world has to suffer again like what the hell man seriously china whats your problem are we gna go on lock down again covid killed my business i lost alot now i do hope i dont loose anything again,Negative,0
 new year gift of china to the whole world,Positive,2
new improved virus straight from chinas lab,Positive,2
china n iran are trying to develop somethingiran is trying to develop nuclear n china is trying to develop new virus till dateboth r in same page right now,Neutral,1
again why always china,Neutral,1
happy new chinese year everyone ,Positive,2
china will protect its reputation at all cost they always project that their economy and political system are d best in d world when it becomes awry they dont want their repution tarnised hypocrisy at its best,Positive,2
watching the news in january no wake me up in december i aint going through lockdown again,Negative,0
china always giving shocking gift to the worldwant to breckdown other world economy with viruswho shutting down his mouth,Positive,2
this is appearing to be deliberate to counter trump sounds more like a biological warfare,Positive,2
please take this seriously dont let it be the 2nd version of covid once is enough for the whole world shut down chinese coming to other countries for a while chinese gov wants all the other countries get dragged down with em please be cautious,Positive,2
trump i will make america great again china be like wait bro am sending virus  again to spoil your 2nd term ,Positive,2
this country seriously needs to check what they put in their mouth,Negative,0
palki sharma you are my favourite i watch your show because i am you fan god bless you palki sharma ,Positive,2
i think it s true this is a very strong virus,Positive,2
cant trust china again,Negative,0
this virus seems to be contagious 24 hours before one realizes it and if people would stay home when sick it would not get so out of control dont run to market just an in and out stay home,Negative,0
china releasing part 2 hope it becomes flop,Positive,2
ugly face of hostile business rivalry of 2 tech tycoons war is getting played out,Negative,0
so new virus outbreak at the very beginning means a whole year long struggle for staying safe maintaining normal life ,Positive,2
eat everything animals insects and virus idiotic people only vegan food for stay healthy life ,Negative,0
ban all travel to and from that country untill this is resolved mf printing out new pandemics like a movie sequel,Negative,0
they should just keep it there,Neutral,1
waiting for a lock down,Neutral,1
all countries should immediately stop all direct flights from china dont want another 2 years of lockdown,Negative,0
what is wuhan virus registeredregistered is this presenter sick,Negative,0
china dont fool the world again,Positive,2
its not deadly but viral china launched this on purpose they think we will panic and buy their equipment again,Negative,0
biggest comeback of 2025 by covid bhau,Neutral,1
what is who doings,Neutral,1
chinaeateverything,Neutral,1
what in gods name is chinas problem,Negative,0
whats new china again,Neutral,1
trump ah shit here we go again,Negative,0
something is seriously wrong with that country,Negative,0
the who is the main propagator of this disease it will fail this time,Negative,0
china might cause another lockdown,Neutral,1
media hype for trp,Neutral,1
sorry we will not fall for this again,Negative,0
it is always russia and china hidding everything just for plain appearance of power and control we have chernobyl and covid to thank them for,Positive,2
and again may have to suffer with mask ,Negative,0
and i dont even care bring it on and im still going out without my panties on my face,Negative,0
they want to put us back in struggle,Negative,0
more fake news from china the next plandemic,Negative,0
sure lockdown is in the ways guys be prepared,Positive,2
new virus courtesy of your local bat on a stick,Positive,2
virus dont just po p out of thin airwhy is it always china,Positive,2
eating bat soup cat soup dog soup rat soup,Neutral,1
that lab made virus outbreak is a perceived threat aimed at weakening trumps vision for asia pacific ,Negative,0
china does this on purpose i feel doesnt seem very naturally occurring cause there is no way the contamination is starting from china again,Negative,0
oh this is what one astrologer predicted another virus in 2025 but not as sever as covid19,Neutral,1
people are becoming so wimpy and weak today stay home drink liquids and wait till your immune system takes care of it why make such a big deal of winter colds,Negative,0
i usually admire her reports but india wasnt so forth coming in number of case of cov19 during outbreak their nor how many indians citizens were dying from lack of oxygen and ventilators,Negative,0
what a trashy start to 2025,Neutral,1
china is threat for humanity this comment delete by ccp influence youtube,Negative,0
if this is true its the wrath of god to this country cause they dont have god in their heart,Positive,2
friggin chinese always experimenting with biological tom foolery while the rest of the world have to pay,Negative,0
some one post beautiful dragon drone views on happy new year actually pr work meanwhile own country suffer from flu ,Positive,2
 another business money another budget another war ,Negative,0
coincidence again when biden got elected and trump on his way out boom covid when trump got reelected and biden on his way out boom another virus in china convenient for the press and antichinese rethoric no,Negative,0
the world will not be fooled again happens only in dictatorship palki should stop propagating worrying news no compulsory vaccination ever again,Negative,0
most of the flu were from africa and the eu this indian propaganda machine is looking for china the virus is created by nature it could be from climate change but palki is fast to put that on china alone that is why everybody hates the indian,Negative,0
chinese new year coming,Neutral,1
hhhh i will never believe jealous india news about chaia,Positive,2
stop any flights to china to avoid world getting trapped into it i hope common sense prevailspeople on air travel must wear face masks,Negative,0
too much fun lock down,Positive,2
who is still begging for 2020 outbreak and china released a new versionregisteredregisteredregistered,Neutral,1
virus country,Neutral,1
gross and dirty country,Negative,0
oh god save us from china is it another one,Positive,2
maybe thats china strategy to crippled the world or us thats their weapon the virus to creates chaos,Negative,0
aint no way theyre not doing something for these viruses to come out what the hell are they doing in there,Negative,0
xhina always brought problem in his neighbors to the world rather this communist or rebels government always have problems,Negative,0
the pictures and video you have shown are these new and for this virus you are talking about i believe your channel but i have search whole internet only india media is showing this news if you search net you will not see cnn or bbc still showing this news only india media,Neutral,1
happy new virus year ,Positive,2
probably just a distraction from collapsing real estate market,Negative,0
funny when you google hmpv all sources are from indian media a day without jealousy towards china is a day wasted india,Positive,2
palki sharma stop your racist remarks why you keep saying wuhan virus rather than covid19you hate china with your life what a shame your china boy friend left you so you are bitter,Negative,0
nothing to be happy and the chinese wants to effectively disrupt the whole economy,Neutral,1
not again copyright,Neutral,1
this effin country ,Negative,0
india must shut its borders of china and no flights over there no trade no business till things are under control we had enough of covid,Negative,0
new year gift fromchina ,Positive,2
a big nothing burger this is normal during the cold winter season there are worse things happening around the world right now ,Negative,0
what a plan china made new year with new virus,Neutral,1
who is a friend of china,Positive,2
not everything is food and food cannot be anything chinese must learn what to eat,Neutral,1
 its part of control populations ,Neutral,1
all this cause trump is coming back and the chinese economy is not doing too well what a better way to keep them quite all over again,Positive,2
its the americans this trade war with china i tell you,Negative,0
another vaccine on its way ,Neutral,1
palk should wear a mask when reporting who knows wat your chinese boyfriend gave u,Neutral,1
because they injected the poison wake up,Negative,0
better have to control the borders and implement a strict health inspection to those who came from china,Positive,2
manufacturers of covid 25,Neutral,1
lets go work from home again ,Neutral,1
first stop flights coming from china into your country,Negative,0
china stay where you are,Neutral,1
we should send them food for free else we r gone ,Positive,2
china has no problem what problem nothing  they will just tell more lies  and problem solved ,Negative,0
all countries must now close their borders with china immediately to safeguard its citizens this is chinas problem not our problemregistered,Neutral,1
who is who ,Neutral,1
another lockdown here too take our youth great ughhhh,Positive,2
typical indian media spreading fearmonger propaganda against china,Negative,0
where is who that mf will come once this virus gets global,Neutral,1
cant trust china they have shown it time and again that they can not be trusted worst country sadly our neighbour,Negative,0
fight back time and call out this for what it is tin foil hats,Negative,0
both 2020 and 2025 started with wtf wednesday thursday friday ,Negative,0
is it originate from delicious frog ,Positive,2
boycott china and china virus ,Negative,0
i wonder what ms mao ning will say about this,Neutral,1
better stop all flights from china,Positive,2
chinese should stop eating cockroaches and bats,Negative,0
people forgot and forgave and quickly moved on they demanded no answers or accountability from the chinese gov now you cannot expect that theyll behave responsibly this time,Negative,0
happy chinese new year to all in advance,Positive,2
sounds more like a manmade population control virus and tedros will play dumb again,Positive,2
that world famous lab never disappoints us ,Positive,2
why would the chinese gov behave any differently this time they faced no consequences none whatsoever the first time,Negative,0
very annoying shivering down the spine we are at losstofind what perspireshowto address the insinuations of pneumoniavery trajic,Negative,0
whatswrongwithchina,Neutral,1
uk hospitals look like that every day,Positive,2
they knew only two things 1capture other countries every month 2release new virus every year what u expect from then ,Neutral,1
back to square 1,Neutral,1
happy new year or happy new virus chinese series 2025,Positive,2
tbats why they requested india to restart d8rect flights,Neutral,1
its an international mafia trump gets targeted again,Neutral,1
pakistan a terrorist state and china a virus state and these two countries become a big problem for human beings,Negative,0
i follow a lot of chinese account or foreigners living in china on social media so many vloggers i somehow dont see any of this panic as shown on indian media is this news even true,Negative,0
its from snakes,Neutral,1
another lab fabricated virus,Neutral,1
i think to reduce there population they do this which means biological attack in there own country,Negative,0
all the other countries needs to do is isolate chinas population not allow them to travel outside of china they will get the message cooperate with data sharing as far as the who is concerned we would be far better off without them as their credibility has no desirable confidence as far as the global population is concerned of course i am just speaking for the ordinary folks not their governments we all know how our governments failed us so miserable during covid19 that sentiment will linger with us for many generations to come then we need to talk about our distrust of the big media outlets in short their credibility is nonexistence that basically leaves us alone again with our social media contacts of which we are best able to distinguish more of the truth from god bless,Positive,2
bat soup or snake soup,Neutral,1
uk and every other country has a massive flu outbreak this time of the year nothing new why blame china,Negative,0
evil wnc da hav economy down da release virus,Negative,0
these chinese are experts in creating new diseases and problems to the world ,Negative,0
in the news i can watch why there was no exact date or time,Negative,0
palki di and china a relationship made in heaven truly love her reporting when chineseeee comes into news,Positive,2
now who ate the bat in china ,Neutral,1
this year is truly a wtf year ,Negative,0
we all know that this is the same playbook when trump was in office in 2020 this is the deep state playing games and it is a coincidence that trump is about to be president in a few weeks no one is buying this story anymore besides trump will exit the who as soon as he gets in,Negative,0
registered oh no not again,Negative,0
all flights to and from china to all parts of the world should immediately be stopped for a considerable period,Negative,0
world will not be fooled by the pharma industry and the media this time no more vaccines drugs and lockdowns in fact governments must investigate the pharma industry for the previous plandemic period ,Neutral,1
who has gone for vacation,Neutral,1
to who china is a cash cow,Neutral,1
we knowvirusesstart thereand the warswhere,Neutral,1
yeah i have it now and no ones talking about it people think its flu but yeah its keeping me in my bed now manu people have it,Positive,2
y dont they for god sake stop eating stupid things,Negative,0
ohh shit here we go again,Negative,0
is who sleepingwhat is the utility of who or united nation security council,Positive,2
who is denying this new epidemic from china this was the same scenario when covid19 came out,Negative,0
china is pregnant ,Neutral,1
trump would be wtf why always in my presdidency ,Negative,0
brah this is a made up news you can understand that when only godi media is reporting on it ,Neutral,1
everything start in china,Neutral,1
screen airports ,Neutral,1
worst country of this galaxy,Negative,0
they eat snakes and dogs instead of keeping them,Neutral,1
china should keep there citzens in there own country no usebto open there borders and airports for chinese to flee out of there country,Negative,0
now i believe its true nahi to mai smjh raha tha media phir se content dhund raha hai ,Positive,2
ahh shithere we go again,Neutral,1
who cares,Positive,2
why always china and people says people from india is dirtyregistered,Neutral,1
people will be traveling soon for chinese new year the sequel,Neutral,1
those who fell for this last time are supposed to fall again,Neutral,1
china can deal with it very well mind your own business,Positive,2
but are you reporting it,Neutral,1
what is new virusthats swine flu,Negative,0
if this seriuos close the borders,Neutral,1
who is sleeping ad un stop flit from china all country then china will cm se,Negative,0
how is that american media knows when china has covid but they still cant identify who put bombs out of rnc dnc offices i mean they know who did the terror attack in russia but they dont know that,Negative,0
ban all flights to n fro between china n india,Negative,0
stop eating everything you see,Negative,0
tell us what we should do will there b lockdown again,Neutral,1
china chinachina close your airport ,Neutral,1
its sad,Negative,0
another man made virus from china again this is did on purpose and for a specific reason,Neutral,1
i am a covid survivor luckily but now hmpvno no no not again,Negative,0
make virus great again is chinas new year resolution,Positive,2
this year 2025 starts with wtf wednesday thursday friday last time when it happened it was year 2020  chronology those paper planes were just to distract the world from real news,Negative,0
china needs to be quarantined permanently from the rest of the world,Neutral,1
chona is banning any information about his country but he wants to enter the global market the world must think again about chinas access to any market boycott china products,Negative,0
i bet phizer or bill gates get rich from the untested vaccines sad that everyones health gonna be at risk again thanks to biochemical warfare or is this a diversion for the fact bidens leading us to nuclear intentions with all our enemies treason wasnt hunter biden involved in biochemical labs in russia and ukraine why he was given get out of jail free cards from his daddy,Negative,0
what is wrong with this country ,Negative,0
ah crap here we go again,Negative,0
china never share the data but they share the virus,Negative,0
block all flights from china,Negative,0
im glad ive been vaccinated for almost everything,Positive,2
another china pandemic virus,Neutral,1
you gotta be joking right nowthis video was uploaded 50 min agoi have yet to watch it,Positive,2
this time probably we are not gonna get fooled by the government all we need to do is just wear the mask pocket sanitizer and do our work they cannot stop the system yet again,Positive,2
another china pandemic,Neutral,1
lots of wumoas in comment section ,Neutral,1
palki blood sister of fascist modi must be shame and not talk about othersinside india you have a lot of problems and miseries,Negative,0
i was telling something is wrong when chinese youtube channels keep showing empty streets and claiming its coz of economys colapse no moneymalls empry milionars and bilionars leaving country the only explanation was it is a new outbreak it goes months back,Negative,0
america dropped another virus in china just like they did in 2019,Positive,2
why is who silent,Neutral,1
china released a virus before gta vi,Neutral,1
who gave the name ,Neutral,1
enough with these diseases viruses games yall,Neutral,1
last time who gave covid research and see with prof sachs from america ,Neutral,1
palki sharma looks so happy and there are already countless of pjts bots flooding the comment section lol,Positive,2
the who is gearing up to not hold china responsible,Negative,0
not again please,Negative,0
it wont be bad as corona has done to the world because world now knows what to do only if world implements it properly,Positive,2
china winning world cup of virus every 5 year,Positive,2
i am in china and everything is normal i dnt know why the fake news are spearding,Negative,0
boomerang when it targeted other countries in the trap of loan at the rate of interest took its land for lease for years plan to destroy others boomerang own country suffers,Negative,0
america and western countries have been trying to collapse chinas economy through this theyre suspect,Negative,0
india must prepare for any upcoming pandemicand close to monitor chinas virus because we all very know about indias medical system how indian medical collapse during chorona pandemic ,Negative,0
trump is going to say the same thing again that he knew the virus more than anyone else,Neutral,1
less of a news and information more focus on anti china emotions,Negative,0
its going to make it way to usa and canada because they have a lot of labs in canada so soon its going to be in canada first and then usa theyre chinese labs here in canada that work with the government of canada asked yourself how covid get to north america its an air born virus soon on lock down again,Neutral,1
biological war,Negative,0
let it remain there registered,Neutral,1
so this time hmpv will hump the world once again,Neutral,1
wake up chinese people,Neutral,1
xi zingping has been trying to reduce population with covid he could reduce below india,Neutral,1
youre bjps keep  i used to respect you now youre a sell out,Positive,2
if you see the calendar of 2020 its january is same as this year january 2025,Neutral,1
this time inwont comply to their insane rules,Negative,0
this before gta 6,Neutral,1
its chinmonia not pneumonia,Neutral,1
did palki cover us debt ceiling reach maximum in 2 weeks,Negative,0
god please dont tell me we are fucked up again,Negative,0
it seems like this dictatorial regimes ego is now turning into various viruses,Positive,2
dang everything is china bad coming out of palkis mouth,Negative,0
we in the us have the same problem dont be so surprised come to my floor youll know the reality,Negative,0
close the airports first ,Neutral,1
oh no please dont become a wuhan china,Neutral,1
so this is the sequel,Neutral,1
we should sue china now for a big compensation for every human being china is playing with our lives worldwide ,Positive,2
shut down all air traffic from china now,Neutral,1
china has no big hygiene problem like some other crowed populated countries but many diseases hits china i believe it is western made diseases to hit china there are lots of way to fight with a country it is clear,Negative,0
and the game starts again ,Neutral,1
new year gift  from china,Positive,2
put travel ban on chinese persons,Negative,0
433 chinas openness and transparency have exceeded expectations bwah ha ha ha b please ,Positive,2
omg one more lockdown,Neutral,1
maybe old video why only indian tv showing these information or videos let check china tv,Neutral,1
its not true,Negative,0
germans storming grocery stores to get toilet paper,Neutral,1
stop eating bats rats and orangutans china ,Negative,0
see corona virus was also an old virus we all under rated the wuhan virus thinking its just cold and a known virus now there are doctors saying that wuhan virus has even affected ovaries of women,Negative,0
wonder if they do this because trump is in power n to topple him damn democrates fauchi behind this,Negative,0
these annual gifts of china really make peoples heart skip a beat,Neutral,1
oh indians are immune to the virus virus wont infect black people,Positive,2
why this country even exist ,Neutral,1
palki jealously has reach at the peak of mount everest hardly anyone trust your channel these days lollllll,Neutral,1
take horse paste and you will be fine,Positive,2
rest of the world should ask accountability from china never ask when corona virus came from wuhan does un ask explanation about that,Neutral,1
i guess everyone needs to send their support and money to china or any other country fighting diseases,Positive,2
homeopathy can treat it dont false claim,Positive,2
my college exam are near and china is i mood to help me,Positive,2
its just been fuckin 3 days since we enter 2025 here we go again,Neutral,1
palki sharma why are you calling covid 19 wuhan virus youre a racist you hate china people shouldnt believe the nonsense she saying,Negative,0
this year start with wtf for a reason ,Negative,0
keep it there please  we dont need anymore viruses from you,Positive,2
all people will face deathiam going to start a new business nowi orderd standerd quality 5000 mask when i heard this news i can earn money dance emoji,Neutral,1
always with trump in office almost 18 days left,Neutral,1
weapon of china,Negative,0
america is doing everythig,Neutral,1
we have got covid 25 before gta vi,Neutral,1
beware of the potential chinese export to the rest of the world,Neutral,1
why is always from china,Neutral,1
dirty china  just close the borders,Negative,0
america  is responsible,Positive,2
so we are gonna face this one tooregistered,Neutral,1
if chinese ruling party gives official announcement that weather forecast for tomorrow is 110 degrees f no wind no rain and no clouds please put leather jacket waterproof pants and military boots before you leave your home tomorrow,Negative,0
at least 10 india media today are all out to smear or lying about chinas virus spreading modis antichina campaign,Negative,0
china be giving more anxiety to the world by giving flashbacks of 20 this year than us  maga fools war total loss of middle and poor income families without harming any rich class or elites of the world why they dont show any pandemic data everytime it happens,Negative,0
who is still on covid while china has moved on to its new version hmpv highly modified previous virus china is a developed virus factory now,Neutral,1
tedros will be rich again,Positive,2
theyre about to slash the price of international travel and ban domestic travel again,Negative,0
what china experienced 1 month ago the world will experience after months later,Neutral,1
masks manufacturers are smilling again,Neutral,1
lord have mercy ,Positive,2
the symptoms everyone becomes happy,Positive,2
just beware of traveling beware ,Neutral,1
good strategy by chinese govt to keep the population and other countries economy across globe in check,Positive,2
covid 25 loading from china,Neutral,1
for some reasons china is claiming this is fake news,Negative,0
ohhh no not again registered why on earth everything bad comes from china,Negative,0
china giving out its latest annual release for the new year,Positive,2
the media is lazy and evil,Negative,0
china built 6th gen fighter gen  2nd version of corona,Positive,2
china welcomes donald j trump with their new virus xi jing ping not coming slow,Positive,2
suggest a name for this best name will be forwarded to who,Positive,2
are they trying to depopulate the world,Neutral,1
stop the fear mongering lady nobody believes this crap,Negative,0
relax guys nothing is going to happen,Positive,2
as a pakistani i fully support love and respect china sovereignty and territorial integrity from pakistan ,Positive,2
the world has done the virus stop the world thing you can piss off this time i will not take another vaccine or wear a mask what another scare tack the government can piss off nobody cares,Negative,0
mf whats is wrong with this country man,Negative,0
why it is always from china,Neutral,1
all soccer fans knows that liverpool won their previous league title during the pandemic and the same will happen again,Positive,2
mr president trump please do a china ban,Negative,0
the sad thing is that if it happens again then i wont even go to my graduation ceremony for my last year in high school,Negative,0
wait ive played these games before,Positive,2
hmpv is not that new of a virus been around since 2001 its not that deadly its just very contagious just like covid 19 to everyone demanding closing borders and airports it wont do anything its already in india and hong kong resulting in 0 effect of closing down the worlds biggest manufacturers which will mess up the global market thus starting a worldwide panic sell,Negative,0
and more ,Neutral,1
ive played these games before ahh virus,Positive,2
just when trump came back weird huh,Negative,0
few expat living in china stated that is normal there now it is not like what the news is saying it beg the question how this news media get their info they can just reuse the 2020 c19 footages into this news,Negative,0
we pray against every demonic virus and declare that it will not cross the shores o lord set up a standard against this plan of the enemy cover over the americas  jamaica and other countries mighty god mighty godthe bible declare that the earth is the lord and the fullness thereof stamp and burn our every virus lord jehovah god from the root of this wickedness burn and destroy in the name of jesus christi thank you father god for your divine intervention divine protection for your people across the worldyes god intercessors are rising up in the power of jesus name and we are shutting down this virus and we declare it shall not be a pandemic in jesus christ mighty name amen amen amen amen,Positive,2
how about stop international flights and screen people to prevent national lockdowns and a huge blow to our economies,Positive,2
here we go againregistered,Neutral,1
fly to us we have the vaccine,Neutral,1
china close all your harbors and airports and your bordersbefore its to late,Neutral,1
climate change could be releasing ancient pathogens from the permafrost entering into the global jetstream contaminating dropping of rain and snow spreading to humans dangerous times we live in not the time to be pointing fingers there are entire regions of russia and asia that are untouched for thousands of years that have been defrosting and released from seismic activity,Negative,0
its 2020 all over again,Neutral,1
who will fall for the vaccine this time  any slave volunteers want to save humanity,Positive,2
covid19 season2,Neutral,1
ye chinese bkl,Neutral,1
get ready for the lockdowns now folks tp at the ready looks like we are spending another 2 years in doors d convenient aye,Positive,2
gosh what did these china people eat again,Neutral,1
from all the fake food dirty streets and horrible living conditions maybe fix that and you wouldnt have a health crisis,Negative,0
what a lovely piece of propaganda,Positive,2
stock up on facial tissue,Neutral,1
fake and gay,Negative,0
as soon as trump is elected they realise the virus ,Neutral,1
somehow the black community in america will be blamed for this,Negative,0
they making biological chemical weapons and is leaking out the labs,Negative,0
if this is too serous,Neutral,1
cancel departures out of china into us or do testing at airports for hpv immediately,Negative,0
as soon as trump is going to take america back again another virus  we aint believing the government with this copyrightcopyright,Neutral,1
here we go againwhats wrong with this country,Negative,0
lockdown session 2 coming soon boys,Neutral,1
can anyone assure me this isnt as lethal as corona,Positive,2
chinas biological war vs trumps economic war,Negative,0
is this about the band of tiktok,Neutral,1
i think indian are cleaner than chinese,Positive,2
yall ready to get back to our gaming prime,Positive,2
stop eating bats rodents and  ,Negative,0
shut down the god damn airports,Negative,0
back to the games boys,Neutral,1
this is not china its the goverment how to hell did they write about all of these years and years before another script to get rid of people for the new world order,Negative,0
aww that lil covid icon thing again how sweet,Positive,2
fearporn hold out your arm,Neutral,1
thanks for the virus again,Positive,2
is this the usa again with their bioweapons,Neutral,1
india whats new with you well chinas new virus came to india and lots of people got it,Positive,2
all old footage stop it,Negative,0
i aint no spending years in my room bragging about my friends and game,Positive,2
5g in my opinion its killing everything in her path,Negative,0
the music is straight from the game  plague  ,Positive,2
china never learned from covid,Neutral,1
pure scaremongering again,Neutral,1
oh no not again please let us live peacefully god i believe in you and i hope youll probably protect us ,Positive,2
first we had those drones all over the tri state area no ones talkin about them anymore and know this those drones came and sprayed the us with something dangerous in the air and know this something is definitely goin on and where knot realizing it wake tf up people,Negative,0
if we hear about it now it was really happening back in june july like covid with a 6 month delay,Positive,2
time to get back to my gaming prime,Neutral,1
the great and powerful necromancer bill gates predicted this catastrophe would befall mankind in 2025,Positive,2
all satan and god is about is souls we living the last spiritual boss battle of the end times i said jesus christ is the light get with it and hurry up souls is serious hurry we need more light in the world now,Negative,0
if they ask me to get vaccine i will not take it what everytime when trump come into power look like all preplanned,Positive,2
maybe they should stop experimenting in these stupid labs,Negative,0
they trait again as to kontroli can t belive it,Neutral,1
is it real or fake news,Negative,0
these videos are from 2019 you can release them now,Neutral,1
who ate bat soup again,Neutral,1
what da hell is going on with this dam country man,Negative,0
i really hope this isnt true my god we dont need another pandemic,Neutral,1
did china do this,Neutral,1
there creating this virus for money bro,Positive,2
fake dangerous counterfeit products fake and dangerous foods melamine poisoning in infants gutter oils tofu dreg buildings claiming properties in east asia extreme pollution spreading viral diseases around the world this country is so being toxic to society now people of china make your country better again,Negative,0
let me guess theres americans there who are infected and want to come back to the us so theyll dump them at lackland afb san antonio tx start the spread from there again,Negative,0
every time trump is elected a virus comes out ,Neutral,1
democrats at it again,Neutral,1
its indian propaganda you tube channel must stay away,Negative,0
posters show ignorance of basic science,Negative,0
whats going on ,Neutral,1
hmpv is not a new virus research first before posting sth it was discovered in 2001,Neutral,1
history is repeating itself ahh ,Neutral,1
is this the next pandemic biden mentioned a few years back,Neutral,1
rumors before covid is by eating bats what now what are you eating now china,Neutral,1
they say you get powers if you get the virus ,Neutral,1
dont bring that to my country,Neutral,1
chat gpt said it isnt that likely to cause a pandemic unless a new strain emerges and mixes with other disease like flu and rsv overwhelming medical facilities,Negative,0
what happening in this country again,Neutral,1
what soundtrack is this its a banger,Neutral,1
how exciting,Positive,2
pandemic season 2 will air february 14 2025,Neutral,1
again it is showing they dont care about human life i hope they stop international flight from and to china,Negative,0
if this happens exactly like last timethen this world is more rigged then i thought it was,Negative,0
all of sudden ,Neutral,1
why does it always start from china i smell foul play from the west to slow down chinas growth,Positive,2
i can hear presidentelect trump say on the first day of office wow another kung flu from china,Positive,2
were seeing a similar surge like this in the us,Positive,2
yo glad trump came back just in time because you really think not one chinese person traveled that was sick to the states you on the short bus,Negative,0
fake or really news,Negative,0
fake or really,Negative,0
honestly then yall want us to get another vaccine not knowing what is being put in our bodiesnaaaaaaah,Positive,2
better acting in casualty,Negative,0
how to stop this from happening dont put random things in your mouth,Negative,0
this is related to h1b visas china knows that if they drop a virus usa will not have foreign workers,Negative,0
couldnt care less i didnt alter my life one bit for the last one and dont intend to,Negative,0
china has a disease outbreak gee thats too bad stay in your own country until you get better and leave us alone,Negative,0
oh great history is repeating itself,Positive,2
i think a lot of these government control freaks got their jollies by seeing if we would obey their every bizarre command ie masking and social distancing none of which worked just to see if we were gullible enough to do it many were i was not i am certainly not going to fall for this again,Negative,0
it is clear theyre trying to scare the hell out of people again not this time,Negative,0
theyre trying that again,Neutral,1
and of course it was waiting for trump we were given a 4yr rest,Neutral,1
let yourselves be fooled again,Negative,0
is this shit comes to america bro im moving to australia,Negative,0
revelation 1212 therefore rejoiceyes heavens and ye that dwell in them woe to the inhabitants of the earth and of the sea for the devil is come down unto youhaving great wrathbecause he knoweth that he hath but a short time notethey are trying so hard to find a way to depopulate the worldbut they will never succeed i called it fear monger,Negative,0
several questions already come to mind why is no one talking about it in europe are there cases in europe which countries are in lockdown,Negative,0
china drop off the map no or a us under disguise,Negative,0
were so cooked,Neutral,1
there is no god but allah,Neutral,1
china virus 2 before gta 6 is crazy,Negative,0
where are the ccp bots now,Neutral,1
always china wtf,Negative,0
stop all travel from china immediately,Negative,0
stop flights from china,Negative,0
dont buy any chinese product because in their products also that dangrous viruses available,Neutral,1
so theyve decided already antivirals dont work on this virus hmmm glad i have my ivermectin supply ready,Positive,2
dont buy any chinese products ,Neutral,1
we dont have any more sensible people in the labs and obviously nobody whos capable of keeping s in the labs why do we have these d labs if they arent doing anything but spreading disease the only thing they should be doing is making cures for cancer and other such things and yes you do have to testem on animals and things like that but why are they trying to figure out new viruses and how to f stop them,Negative,0
china is creating biological weapons yet the world un who are afraid to tell the truth,Positive,2
whats scary about this one is it attacks the young,Negative,0
im supposed to be flying to quingdao wuhan and guangzhou next week for work ,Neutral,1
thank you to the shitheads at firstpost for posting another video meant to scare the masses such a wonderful video with scary background music pictures and close ups of hypodermic needles bacteria animations and nice bold text about crematoriums i wonder what your shithead upper management team is up to now citizens all news channels are propaganda machines for the elite that control your little world,Negative,0
people need to get a back bone and tell the vaccine and face diaper pusher people the works of the flesh and the devils dark kingdom no  and say yes to our heavenly father lord and savior jesus christ and holy spirit in all areas of life and keep some good quality vitamin c ivermectin and natural supplements on hand the un who new world order and economic form all need to be abalished we the people need to study and uphold the holy bible noah webster dictionary 1828 and our founding documents of america and keep them all in paper form ,Positive,2
stop eating bats and every other animal with a heartbeat before you make us all sick,Negative,0
hey america here send it right on over,Neutral,1
nobody knows but china secretly developed 6g also 5 years after developing 5g coincidentally there was also a virus back then go look it up china has now developed 6g,Neutral,1
what the luck is going on with china again seriously,Positive,2
china and decomcrats planing a new game again against people and trump,Neutral,1
here we go again china strikes back,Negative,0
why is it always china ,Neutral,1
what was on the menu this time or is someone trying to attack china through biological weapons can we not be your collateral damage please,Negative,0
ahhh shit here we go again,Negative,0
its the flu that everybody here in the united states has been having lately come on people dont be stupid just like covid i had covid november of 2019 months before covid was pinpointed they just have a larger density population,Positive,2
please lets learn from covid and block all flights from china,Negative,0
viruses have been happening for over 200 years its notning new viruses happen,Neutral,1
nice more chinese made viruses and people think we are racist for pointing out facts and why people are getting mad about it,Negative,0
its not deadly,Neutral,1
everything is made in china shity clothing bad quality toys temu ass speakers covid19 and now this,Negative,0
these are footages from covid is this jounalism,Neutral,1
is human metapneumovirus greater risk than covid19 is world going to face another lockdown heres all you need to know about hmpv,Positive,2
please place an immediate lockdown dont wait for it to spread like covid otherwise were gonna think this is a marketing strategy by pharmaceutical companies ,Positive,2
ohh shit here we go again registered,Negative,0
why is it always china they love to make global pandemics,Positive,2
that music im not sure what you are trying to achieve fear,Negative,0
the term fck around and out has alwayz been in the us and chinese vocabulary,Neutral,1
nah escaping to now space,Negative,0
disgusting dirty place,Negative,0
project once more back,Neutral,1
breaking news with the outbreak of this new virus the cdc and who recommends we do the same things that didnt work last time,Positive,2
they eat rats and strange animals without honor,Negative,0
next thing you they turn into zombies,Neutral,1
it s not deadly dont panic because of this,Negative,0
stop eating meat from animals living in the toilet,Negative,0
i would love to have something come along that is taken more seriously than covid was covid pandemic still going and people pretended it away i would love for something to come along like the virus in station eleven,Positive,2
i hope i dont get no hmpv,Positive,2
bro stop eating bats or other nonhealthy things all the time this,Negative,0
lockdown season2 episode 1,Neutral,1
bio wepon,Neutral,1
part two covid19 where the sheep  o not again for vaccination for sheeps ,Neutral,1
covid season 2,Neutral,1
is everyone ready for the new vax,Positive,2
could they be doing it on purpose to control the population,Neutral,1
the chinese are not known for being very hygienic so this is nothing of surprise and this virus isnt new we will not comply with ridiculous lockdown measures or any similar antifreedom laws,Positive,2
china been playing plague inc again,Positive,2
any reported deaths due to this,Neutral,1
bible says in the end times will see a upsurge of plagues,Neutral,1
just a bunch of bull crap again people are so dumb,Negative,0
sick people equal money sadly they wait until the last minute to take action,Negative,0
we are doomed its here already all the chinese who traveled for the holidays and came back to the us brought it with them already smh,Negative,0
new movie,Neutral,1
what next zombie,Neutral,1
prepare yourself for future,Neutral,1
trump was a president so we have a corona virus and now trump again and china have another virus its so strange,Negative,0
literaly covid part 2,Neutral,1
get ready for round 2,Positive,2
keep the chinese away from all of us,Neutral,1
ive already had this and so has half of the people i know,Neutral,1
yeah right just like the last plandemic bullshit,Neutral,1
chinese people eating food problems dirty seafood some bad animals eating chinese now worldwide facing virus problems,Negative,0
shut the airport down in china,Neutral,1
all propagandaas if no where else on earth no other virus is spreading in winteryoutube is controlled by same syndicate,Negative,0
iam sorry but freaking chinesse the crazy part is again they spread there sicknesses through tourism lets not forget the chinesse spy balloon that flew across middle america an the usa downplayed itamericans wake up also bundle up during these winter month america has been for the whitesblacksjews american latinosnative american indians dont get them confused with the pakastani hindus india they dont have no american history they just arrive in the 70s because of the brave blacks who fought for civil rights with the help of these cultures i just mentionthose other cultures they stay on the side lines dont want to be hated wanting to be whitesnext time check out those american activist who are protesting for american rights dont see chinesse nor hindu india peoplethey live of the backs of blacks sweat n tears in america 500yrs of black experience an history an here comes these virgins to the game of racism n hate an you gonna try an tell us how to be well lately these 2 cultures are getting there ninja card pulled meaning yall not white yall are black to us maga whites iam white an iam laughing an enjoying these hindu n a iranian wanna be whites get there ninja card pulled just like pbd n vivek swammy river,Negative,0
im tired of this shit china why yall doing this again,Negative,0
so they studied the last one intensely to see how they could intensify the rate of civilian infection because not enough of us died to satisfy their expectations these people are 100 demonic itll be the same playbook as their covid 19 experiment check out the patents office,Negative,0
another plandemic on time same time in the year again creating fear to reinforce what really isnt,Negative,0
all the panicky zealots are reawakening as we speak,Negative,0
china really loved making problems,Positive,2
you make virus by eating insect etc,Neutral,1
its always china starting some virus bullshit by eating everything that moves why,Negative,0
biological warfare against trump,Negative,0
oh my god not again but i am in 10th maybe it helps,Positive,2
people do your research on self replicating mrna vaccine tested in japanif its true we could be in danger,Negative,0
thank you china  board exams are coming in india it will be cancelled,Positive,2
trump really is a harbinger of death guess we can all rest easy with jfk jr in charge of the cdc right,Negative,0
the chance of a new pandemic caused by hmpv is low although it is highly transmissible hmpv has been circulating for decades and usually causes mild symptoms in most people pandemics tend to occur with new viruses for which the population has little or no immunity such as sarscov2,Negative,0
covid used last time to remove trump now this time if china make war on taiwan 10 days out from trump inauguration biden declares martial law and dems stay in power,Negative,0
stop eating rats in weird creatures,Negative,0
ah shi here we go again 2025 is also a wtf year like 2020,Negative,0
everyone calm down this virus isnt new usa is seeing this virus is rising again my sister caught this virus and trust me we were very overwhelmed seeing her with all the machines around her and after three weeks she pulled through but please take precaution and if your feeling any symptoms stay at home and dont get anyone else sick,Positive,2
do we have enough toilet paper people,Neutral,1
2020 started with wtf wednesdaythursdayfriday that year the covid19 outbreaked in the whole world 2025 started with wtf wednesday thursday friday the new pandemic in coming  i wish it doesnt but we dont know,Negative,0
i didnt get any shots while covid and i wont get it now,Neutral,1
this is a job forbilyboy gates murderna and astraeugenicain association withsheizters,Neutral,1
convid2,Neutral,1
its a fake news,Negative,0
the media chanced around covid do yep this new one chance us again,Positive,2
but its not new why say its new and its not stop your nonsense,Positive,2
ok whats the weird animal they ate this time,Positive,2
according to mao ning of prcs foreing ministry it is safe to travel to china i say bs it is never safe to travel to that godforsaken orcloving place,Positive,2
what did someone from china eat this time round,Neutral,1
all the world need to seriously stand up to this country im sick of this,Negative,0
govs and the rich class are keeping people piss poor and very unsanitary in almost every country you are going to get another pandemic 100 what you expect ,Negative,0
another outbreak im scared ,Negative,0
stop fudding the markets ,Negative,0
how many people dies of it,Neutral,1
its over the world is dead prepared for the day doom,Negative,0
regular news,Neutral,1
covid 19 season 2 episode 1,Neutral,1
i will tell you what bbc stands for british bull crap cooperation  common people do you think they report on wars 100 truly  anything political 100 neutral  esp when they report on trump  its even more funny how people cannot recognise this are the bbc right about them to thick to work out registered are we of the uk that dumb that we get fed stuff we never check facts on when was the last time you reading this fact checked what the bbc has been telling you registeredregistered there is a reason theres a license fee allowed to be run in the uk on its people lol and its definitely not for their good  thats why if the top three part is lose the next election and a new party takes over bbc are toast and you watched the way the bbc handled the next election  those that still are capable of thinking for themselves with out being told what to think by the bbc  if the bbc had the slightest clue on what is actually happening they would know whats coming there way next election an end to their licence fee scam and good riddance about bloody time and you think the bbc will not be biased even you will be able to spot it registeredregistered your see some of us no whats coming because were not big media sheep,Negative,0
guys please send help in the comments,Positive,2
is it a verified news,Neutral,1
how each time from china only virus starts is theses virus created by them,Positive,2
wtf is this,Negative,0
stop eating weird shit and you wont get sick,Negative,0
corona 2 return before gta 6 is crazy,Negative,0
again they hate trump,Negative,0
guys i cannot do this shit again im too poor for another shut down,Negative,0
i think they are doing this cuz they want money,Positive,2
what the heck is this another judgement day or some,Neutral,1
hmpv better not ruin a year 2025,Positive,2
hmpv is common it is worse in children younger than teens and in elderlyimmune compromised individuals,Negative,0
happy new year everyone ,Positive,2
2020 started with wtf and 2025 started with wtf lol,Negative,0
restrict them from coming to other countries what a evil country eating everything on there way isnt healthy registered,Negative,0
why always new virus  china,Neutral,1
so covid 25,Neutral,1
fake news and propaganda ,Negative,0
where is the freedom of speech by deleting peoples comments fake news,Positive,2
banned to all country,Negative,0
i have covid flahsbacks nowand thats not a normal flue what there happens,Neutral,1
keep remove my comments fake news ,Negative,0
fake news ,Negative,0
as soon as trump gets back in office,Neutral,1
this is biological warfare,Negative,0
gates wanted to name it seers,Neutral,1
that is fake news according to doh and theres filipino in china theres no such thing like that please verify your source before posting your creating a panic to people most of us not financially recover from virus 4 years ago were bracing the inflation from the virus and wars,Negative,0
chinese new year long leave for citizens often travelling abroad before chinese new year production will be ramped up in china while other countries closing down factories due to infection china will have surplus supplies then any import tariff wont matter,Negative,0
for china humans are just lab ratsnew attempt to revive its economy,Positive,2
i have question those virus are only attacking average people but not politicians or even prcopyrightsidents expecially prcopyrightsident of china himself,Negative,0
last time liverpool were on top of the league covid struck coincidence i think not ,Negative,0
2nd trump term prc deploys its 2nd bioweapon   dont be fooled again ,Positive,2
why only indian news has this are you overhyping,Neutral,1
stop eating random wierd shit come on china,Negative,0
shut down the airport immediately,Neutral,1
2025 already off to a great start,Positive,2
xi u love making the world a darker place dont you,Positive,2
all you ppl saying you wont take the vaccine this time around are the very ppl that called ppl like me crazy conspiracy theorist for not taking the c vaccine welcome to this side of reality finally,Negative,0
these guys know what they are doing its accidentally,Negative,0
please not now i cant afford more lockdowns,Positive,2
what does this virus do,Neutral,1
here we go again lockdowns and nonsense,Negative,0
they should stop eating everything thats on the move,Negative,0
i knew this would happen if trump was elected,Neutral,1
season two,Neutral,1
you guys never learn ,Neutral,1
season 2 ep1,Neutral,1
the prophecy its come true the wtf year prophecy is realpl,Negative,0
china needs to quit fucking around with bioweapons in their labs first covid19 and now hmpv,Neutral,1
if they stop eating nonsense these things will stop automatically,Negative,0
what can i say everything is made in china,Neutral,1
fake news check it,Negative,0
you idiots falling for this again,Negative,0
just went trump in power all fake,Negative,0
season 2 here we go ,Neutral,1
yeah trump wins heres another virus from china this is biological warfare people need to wake the f up,Positive,2
keep that over there,Neutral,1
every time things go bad with ccp some kind of panic created ,Negative,0
they said this is fake news what is the truth,Negative,0
this is old video i am 100 sure,Positive,2
wtf is china doing my gosh not again,Negative,0
can i at least graduate first,Neutral,1
no more quarantine it didnt help last time so im not doing it government f off,Negative,0
media fear mongering once again this isnt a new virus,Negative,0
did firstpost just use the bgm from plague inc,Neutral,1
ofc just when their friend donald trump is about to be president again sounds like the perfect plan to destroy the usa economy,Positive,2
well looks like another huge pandemic coming this is china plan to take over the world,Positive,2
i heard this virus could killed a man only within 48 hours after incubation the antidot is eat many garlic,Negative,0
so this is funny so yet its really weird that they say that theyre monitoring the situation after five years of covid19 but yet theres been no news no nothing of anything in the last five years of this fucking disease and yet its a huge fucking cry for the world out all of a sudden out of overnight i mean this is fucking ridiculous and then you tell it theres no medical intervention yeah and by the way those medical scenes that were seeing on this video those are from like blood draws and these people are signing up for medical testing thats why you see some people with mask and some people without because they are doing other testing in that facility along with this bad testing so they are purposely doing thisand the people of china are getting paid to do this,Negative,0
nasty people,Negative,0
im starting to think that china is the guinea pig for viruses and the fall country because im pretty sure the fog that we experienced for 3 days has some connection to this new breakout,Positive,2
ahh shit here we go again credit cj,Negative,0
 they still cook ratbat,Neutral,1
we dont care we wont comply,Negative,0
trying sabotage world,Negative,0
do not comply it is not a coincidence,Neutral,1
they are the one whos making the virus and they are the one who will sell the medicine and face mask this is old strategy they want to be more reach believe in karma china,Positive,2
countries list to be safe  1 like 1 new country australia  brazil  canada  france  iceland  germany  india  indonesia  italy  japan  mexico  nepal  new zealand  papua new guinea  poland  portugal  russia  saudi arabia  south africa  south korea  spain  thailand  uk  usa ,Positive,2
of course china again they want destroy the world,Negative,0
just as president trump is set to starts his presidency,Neutral,1
lock down the country close their airports,Neutral,1
another in china  virus ,Neutral,1
all people of payer for god helps china,Positive,2
covid 19 part 2,Neutral,1
man im from nicaragua and we are becoming a china free market country we have been seeing here in nicaragua to many chinese stores and restaurants opening up its weird i dont like the smell of that chineese restaurants and chineese stores smells like an invasion to me hope we can investiate them as much as possible before they set up shop you know,Positive,2
literally exactly 5 years later hmm,Neutral,1
seriously they should stop international flights from china right now so it doesnt spread,Negative,0
oh great and americas got stupid trump coming back in office again ,Positive,2
china sending out another pandemic to the world wow thanks guys,Positive,2
the world shouldnt panic and spread fear,Negative,0
why does the background music sounds like resident evil,Negative,0
chill guys hmpv is not as dangerous as covid 19 was,Positive,2
seriously people everyone just needs to chill take your mind off this stuff go watch contagion with matt damon youll feel much better after not a care in the world,Negative,0
2025 will not be my year thanks,Positive,2
time to stop chinese travel until they get their affairs in order,Negative,0
it is so afraid the chinese get sick more than a family member getting sick,Negative,0
tf is wrong with this year first theres a snowstorm in us then theres an epidemic happening in china that could very well come here to the us,Negative,0
i miss covid everything was so dangerous and exciting then breaking the 6 foot rule refusing lockdowns not wearing the mask refusing to get the shot almost a revolutionary time,Negative,0
i already told you about this bird flu and i think the democrats are behind it,Negative,0
wuhan virus 20 now china will say stop blaming us these bastards intentionally do this behave like they know nothing,Negative,0
what a great start to the year,Positive,2
the music is so unnecessary,Neutral,1
president xi china ordered to invent reinvent perfect numbers of nootropics longevities to all 1467000000 china people 345000000 usa people to become 1812000000 nootropics longevities academicians foreverfor half competitions only without lewin nootropics longevities academicians additions and nootropics longevities biohackers to users additions but with lewin nootropics longevities knowledges and informations for 0s nootropics longevities academicians to 0s nootropics longevities users to invent reinvent all perfect numbers of nootropics longevitiesfor all nootropics longevities inventions since 0s before taken by president obama to forever for all 8000000000 people all 194 nations with lewin but without lewin with perfect mathematical justices u perfect mathematical fairnesses with perfect counts and lists of all laws of boths with perfect counts and lists of all laws of replacements of boths for example 10987654321 all replacements forever since 16 february 2016 those affected all nootropics longevities inventions till all same to all in all in all for 16 february 2016 all conditions since 0s before taken by president obama to forever but for dying tehniques for all 8000000000 people all 194 nations especially all nootropics longevities inventors have to use them with dying tehniques with all best stimulant nootropics longevities with all best permanent nootropics longevities with different significance same as researches as borders with their all own internationals domestics all nootropics since 0s before taken president obama with trades 43 for china but 4 for usa for usa nootropics inventions but ofcource china all dyings too to 4all domestics internationals nootropics longevities without others nootropics longevities cooperations with prays spells with traditional beliefs but with no sacrifices without takesgives powers as 0s before taken by president obama including death or killed of nootropics inventors scientists before 2 january 2025 please help president xi china for all 1467000000 china people all 345000000 usa people become all 1812000000 nootropics longevities academicians to become all 1812000000 nootropics longevities inventors of perfect numbers of nootropics longevities with each one person of all 1467000000 people of china all 345000000 people of usa have to invent reinvent 100 nootropics 100 longevities so in totals xi china usa have invented 181200000000 nootropics inventions reinventions and 181200000000 longevities inventions reinventions with all nootropics for one person outside china who have known are rooted from lewin have to pay or trade to china one for one person from are rooted from lewin but for nootropics longevities academicians are rooted from lewin will be payed by their nations to china one nootropics longevities inventor for one same with same capabilities precentils in exchanges all 1812000000 are nootropics longevities users and are nootropics longevities academicians with all 8000000000 people round and round to make them four systems for 1812000000 people from minus infinities times to plus inifinities times dying tehniques for all 1812000000 nootropics longevities academicians phytagoras and lawnmowers system225 hours365257015 minutes14210 minutes additions to study for nootropics longevities inventions perfect 5 shifts methodprayfor god for 3 coins study work nootropics healthies medicines longevities compensations of nootropics225 hours3652570 hit the glass system24 hours ora et labora with all 1812000000 people of china usa to be all 1812000000 christians lewinisms god buddhisms lewinisms perfect 5 shifts method has to be added with perfect idealisms and perfect all values perfect christianity way of life according to bibleincluding to go to church on sundays perfect per ten precentages perfect charity to the poorest longevity sports longevity ways of life make stopwatches competitions for perfect numbers of nootropics on 16 february 2016 all in all and so on all conditions including all 10987654321 replacements of the killed deaths with all 10987654321 replacements to all factors affected the endresults nootropics inventions belongings to all perfectly same all factors conditions as 16 february 2016 with dyings tehniques and 1000 banzai whips and continue on as much as you can achieve to your deaths competitions but with full all 10987654321 replacements with dyings tehniques and 1000 banzai whips with nootropics academicians 1367 on all universities with longevities academicians 1367 on all universities forever for boths death of the first highest permanent with genetics can be altered by nootropics and only can be found by china japan 2 people05 china are killed by usa death of the third highest permanent 1 person are killed by europe death of highest iq 400 or 367 u highest knowledges of nootropics with 1st on 1st stimulant 1st on 2nd stimulant 3rd on the 6th permanent world nootropics inventor with stabbed teared stomach by car toy joystick with 3435 xx xx xx xx xx by france usa shinzo abe jiang zemin li keqiang deaths are killed by usa 959677419354 400 of 1467000000 114677419354 4000first of the first of 1467000000 120677419354 40000 of 1467000000 12677419354totals minimum 400000 of 1467000000 1337419354totals mid 4000000 of 1467000000 140419354totals maximum 40000000 of 1467000000 14419354 400000000 of 1467000000 1459354 4000000000 14470980795 for 1467000000 on end time period 574 inventions reinventions of modafinil 363 inventions reinventions armodafinil both are converted by perfect mathematical calculations without calibrations will be converted as totals antutus of 574 modafinils 363 armodafinils to actually 1434939291 perfect numbers of all nootropics domestics internationals 95969594939291 11469594939291iqs and first of first 1209594939291 129594939291minimum 13494939291mid 1434939291maximum as china always maximum so its replacements for totals of domestics internationals,Positive,2
how is this even possible,Neutral,1
shut that country down,Neutral,1
this shii is gonna happen again literally covid 19 happened the beginning of 2020 and now 2025 this thing oh hell no,Negative,0
preparing for another lockdown already ,Neutral,1
i dont belives covidand this is 2nd actingwhat a stupid u sanitize road ,Negative,0
they want to wipe out the old people,Positive,2
happy 5th anniversary of the mysterious pneumonia,Positive,2
nahhhhhhhhregistered,Neutral,1
stop all flights from china and to china,Negative,0
omigod theres literally someone picking their nose behind the man with the green jacket 034,Neutral,1
so fake they will try and convince but so fake 2025 people cant fall for this any mora every time trump in offfice these assholes come up with a new virus hum very interesting and suspicious,Negative,0
no wonder why its wtf year,Negative,0
what the hell did you eat now,Negative,0
hopefully this country learned its lesson after the last time close the international stuff while you can,Positive,2
god i hope this does not happen,Positive,2
still want to maintain being the number 1 virus making country,Positive,2
indian media please stop spreading rumors,Neutral,1
this bs again remember when they faked people collapsing in the street at the start of covid,Negative,0
if any country is worried just shut off your country completely from china,Negative,0
most virus in the history of mankind come from china or africa the power house of human infection because of their eating habits take a look at the history of infection dieses,Neutral,1
we really got two pandemics before gta 6,Neutral,1
is this real or fake,Negative,0
what the fu,Negative,0
china should stop eating all living beings,Negative,0
time to get a job so i could collect unemployment,Negative,0
pandemics are every 100 years not every trump years wtf nature,Negative,0
block all chinese travel,Negative,0
cancel all flights out china,Negative,0
china the new real world umbrella corp from reel world movie resident evil we should not take this outbreak with ease stay safe and away from china and neighbouring countries at this moment happy new year,Positive,2
i guess they want war with the us and they will loose too sad to be them,Negative,0
its always a new year,Neutral,1
why eat bats snakes dogs cats bruh like why this is the reason everyone is sick people eat mostly of it raw chinas still giving presents on the wtf calendar,Negative,0
india acting like its not india already ,Positive,2
i know the truth,Positive,2
sus basic stop all import export in china stop all travel of chinese worldwide not to spread virus,Negative,0
very soon next lock down,Neutral,1
again and again how this type of virus are emerging from only china all time,Neutral,1
im wondering what your indian agenda is here in trumpeting a little virus that resembles the common flu this because of a failed space docking an early distraction,Negative,0
why it always starts from the same place,Neutral,1
shit round two,Negative,0
season 2 leaks  ok but seriously why did u have to ruin this year,Negative,0
all about mask selling business again ,Neutral,1
oh shit here we go again ,Negative,0
lockdown the entire country no one leaves,Negative,0
right on time for trumps inauguration this is no coincidence the dems are trying to hard,Negative,0
trying to stop trump,Negative,0
its already here i had pneumonia for 2 months i thought i was dying since before thanksgiving until now,Neutral,1
dont worry old bill gates is workinvg on a jab for it we will all be safe,Positive,2
this human metapneumovirus hmpv in china was posted on the news a year ago i watched the 1year old news of it on youtube today maybe it has gotten worse since,Negative,0
close the global economy right now you get the greatest depression in history do ot allow a central bank digital currency do not allow this to be the wef great reset were not living under totalitarian rule,Positive,2
why does this repeat in china,Neutral,1
china jin vrry abgry he angry mode he will send virus at abrahamic,Negative,0
fake news please report this,Negative,0
dont people see it now another fear campagne is comming dont fall for it,Negative,0
covid 25,Neutral,1
this news broadcast is crap no citations no video with audio no quotes from officials nothing that verifies this is real,Negative,0
close the airports,Neutral,1
i have had enough vaccine already i dont like the vaccine,Negative,0
now what tf do they got damn,Negative,0
cough,Neutral,1
what is the root cause of these viruses,Neutral,1
close the airports pls ,Positive,2
always spreading positivity,Positive,2
thats it close all borders  this is probably going to be worse than covid lord have mercy,Negative,0
i thi k this will make pharma companies trillions,Neutral,1
covid started in december of 2019 and spread in 2022 this happens every cold month in china,Neutral,1
china sucks,Negative,0
would anybody be taking the vaccine this time will who take away our right to choose,Neutral,1
lock yourselfs in china and get well soon,Positive,2
i guess fauci and the dems witrh faucis lab buddies once again are going to throw a virus wrench into trumps presidency get ready to mask up the dems never saw a good time they cant ruin,Positive,2
looks like someone tasted the bat soup again,Positive,2
they should lock down before we have a repeat of 5 years ago,Neutral,1
sorry not doing any different than what i did before c19 if im sick ill stay home if im perfectly healthy leave me the heck alone,Negative,0
another one dj xi ping,Neutral,1
immediate travel sanctions ffs this country should have been cut off from the rest of the world last time this happened,Negative,0
what the fck is anither pandemic or what,Neutral,1
this chinese people play human lifewht the hell its a man made virus,Negative,0
this was all planned by who and big pharma companies to extract billions of dollars from us people should treat it like just another virus and stop panicking ban who china and dr fauci,Negative,0
this is a ploy to disrupt trumps government,Neutral,1
contain your virus were sick of it this might be the 2nd worldwide epidemic of the 21st century caused by china,Negative,0
media is trying to scare people,Negative,0
attack on the elderly now our children i see patterns chinas experts after covid 19 tells us what we need to know,Negative,0
not buying into this anymore,Neutral,1
so they well know this is spreading close down the airport dont wait until it spread to start doing somethinghavent we learn anything from covid 19,Positive,2
liverpool only won titles during viruses i am noticing,Positive,2
why only indian news and indian media reporting about the virus story,Neutral,1
this virus is happened from japan before china just medias in asia report this before shame smear china is a big business brainwashing western peoplethey want western people become a hater us government pay 16 billion to medias smear china it work well shame too many stupid big ego people love to smear china,Negative,0
so whos going to be behind the vaccines now bill gates or elon musk,Neutral,1
this virus is happened from japan in 2 months ago why no medias talking about this smear china is a big businessbrainwashing brainwashing,Negative,0
103 china medical experts warn against use of antiviral drugs so what do they recommend instead perhaps a diligent study of the little red book of the sayings of chairman mao,Positive,2
there is no date reference reporters name of anything that confirms authenticity unless i missed it,Negative,0
tsk everytime this china,Neutral,1
that timing is rather convenient,Neutral,1
so what will they say this was caused by wathog,Neutral,1
chinese people should not be allowed to enter other countries,Neutral,1
fear porn yeah we believe you like we believe theres a rooster with teeth try again try harder to fool everyone,Negative,0
tell them to eat good food like all humans ,Positive,2
im beginning to suspect that this is a large scale pharmaceutical companys doing they are developing drug for treatment of a desease that they themselves also created and develop at the first place ,Negative,0
wait the official china govt announcement all these alarming news are western made,Negative,0
 are you seriousand then have to see the fat president smilling,Neutral,1
immediately stop immigration from china to other countries,Negative,0
at least we will know what these elites will hit us with under trump,Neutral,1
love the fear monger music in the background,Positive,2
yeeeeeh another vaccine is coming this one will kill you under 50 believe me,Negative,0
bro 2025 and this shit is going on already,Negative,0
chinas trying to shut down trump before he gets started,Neutral,1
they should stop eating cats and dogs this shit wont happen,Negative,0
its a man made virus to create dominion over countries and to eliminate the desire number of population,Positive,2
do they eat bat soup in new year,Neutral,1
stop international flights ,Negative,0
okay they are seriously doing this on purpose,Positive,2
gotta prepare incase another lockdown 2025 be ready,Positive,2
thank you china for every things what is freaking happening around the world,Negative,0
were not falling for this again,Positive,2
last time they did it to cripple the world economy and gat a way with it so they trying again,Neutral,1
bullshit and lies do not believe this propaganda,Negative,0
you can find all the viruses in the ganges,Neutral,1
trump bull putin hilter,Neutral,1
history repeats itself,Neutral,1
registeredthis is scarier then it should be stop the making of virus injections we are looking at science projects i have it in usaits another weird bug 15 feet away from dragon breath we all have our own dna another mix attaching to mrna what does it do why are we dying to try to figure out how to live take care of each other blessings for a healthy new year,Positive,2
what the f with china again oh shit,Negative,0
shut down all flights and shipments,Neutral,1
can nuclear weapons do anything now,Negative,0
what did they eat nowcopyrightcopyrightcopyright,Neutral,1
bet you its already in other countries,Neutral,1
let me guess another virus created by the us government to attack china i would not dought it,Negative,0
mark 161718 niv 17 and these signs will accompany those who believe in my name they will drive out demons they will speak in new tongues 18 they will pick up snakes with their hands and when they drink deadly poison it will not hurt them at all they will place their hands on sick people and they will get well only jesus christ can give real peace when we have jesus christ in our life virus cannot destroy us ,Positive,2
typical indian media fearmonger about china as usual its winter time yes people get sick,Negative,0
these are western and indian media who try every effort to pull down china since china is rising unstopablely,Neutral,1
jesus christ creating problems  he is crazy ,Negative,0
western and indian economies collapsing therefore they want to demonize china,Negative,0
they will happily spread it to us,Positive,2
either a bioweapon or straight up lies fool me once,Negative,0
stop chinese coming to other countries for a while some one has to take this seriously or itll end up like covid 19 and thats what they want,Negative,0
stop panicking peopleenough is enough,Negative,0
this is a conspiracy by china again they want other countries to be dragged down with them hearing soo much on thier start of economic issues,Negative,0
the year is started,Neutral,1
dont belive this theyre using fear to get to you,Negative,0
well it might be a strategy to reduce ya population but not in this way dawg,Positive,2
they hacked this channel,Negative,0
cyber attack,Negative,0
lemme guess another virus yep from china yep another lockdown and pandemic pretty much bring it on,Positive,2
the secret ingredient is bleach right trump ,Neutral,1
who the f cares  corona did not change one thing in my life and this wil not do it either,Positive,2
if you arent supplementing vitamin d start now,Negative,0
there is a drawing of a syringe on the cover of the economist for 2025 this newspaper is famous for accurately predicting the future it tells you something,Neutral,1
bring back 100 remote work,Neutral,1
yeah too much fun lockdown and make work from home permanent,Positive,2
wtf 2020 20,Negative,0
is it real,Neutral,1
yesss lockdown,Neutral,1
yeah hahaha you did this last time to stop trump not happening again,Positive,2
wtf year repeated,Negative,0
i think  this is the dirtiest nation of the world oo god,Negative,0
food without worse animal meat is a day wasted for china obviously whatever happening over there is not a surprise but the world will suffer because of them one more time ,Negative,0
give me a break ,Neutral,1
are u kidding us china do you think we would believe that this is a mistake this the second time that a virus outbreaks in your country we need to heal the world not to kill people with your malicious intentions,Positive,2
it will always occur in china not in here,Neutral,1
its not new virus bro it has been discovered since 2001,Neutral,1
here we go again bull shit,Negative,0
gta vi delayed 2027 confirmed  thanks china,Positive,2
why china spreading viruses,Neutral,1
plan for new vaccine business,Neutral,1
why every new virus are in china what is the problem there,Negative,0
hope it doesnt ruine everyones life once again thanks to chin,Positive,2
means time to chill again boohoo,Neutral,1
im pretty sure it wasnt china but the us the first time,Positive,2
hmmm happen around the same time during change of power in the usa wake up people,Neutral,1
not that ol chestnut again,Neutral,1
can we get passed the homophobia and can we stop calling everything that is bad a china this or that that is very racist has anyone ever stop to think that this could all be a psyop perpetuated by another government to instill more hate and fear against the chinese hmm wonder who that might be please this is all very counter productive,Negative,0
what did they eat this time time to boycott china,Negative,0
this wouldnt be happening if they would stop playing around with this stuff in the labs,Negative,0
stop buying and eating things coming over from china stop the flights,Negative,0
chinese eating habits they should follow the diet process,Neutral,1
no flights in or out of china please,Neutral,1
why it sounds like history repeating itself,Positive,2
again virus  making country on top,Positive,2
first three days of the new year is wednesday thursday friday aka wtf so when the year starts with wtf y know what it is,Negative,0
dont be fooled this has been on the go for a few months and is already spreading in the uk i estimate that at least 10 of 120 colleagues in edinburgh were suffering from this illness before christmas holidays b dawson edinburgh scotland ,Negative,0
december its in china by february it will reach western countries and then lock down global,Neutral,1
cats and dogs ladies and gentlemen they eating the cats and dogs donald trump,Neutral,1
how come only indian news the only one covering the story must be love,Positive,2
big population is the reason for virus spread and outbreak,Neutral,1
stop eating bats ,Negative,0
i dont comply with this shit,Negative,0
why dont we stop all the flights from china also wear mask when speaking to chinese people am i wrong,Negative,0
completely close our boards,Neutral,1
this is not an accident its the work of corrupt us chinese government agencies they are determined to make trumps time in office as disasterous as possible in order to get americans to vote for a democrat in the next election joe biden his administration arent going to stop flights into the country so it will get here just about the time when trump takes office this could really ruin the world economy the chinese dont care about their own people dyingthey have a huge population are not happy about trump threatening higher taxes on all imported goods this is how they could stick it to the us no coincidencia that covid hit right around the time trump took office the 1st time this is a repeat if people in the us start dying from this there will be no safe place for the chinese to hide american citizens will be sure of that,Negative,0
why no country impose travel sanctions on them,Negative,0
who is poisoning these people,Negative,0
its already reported one year ago,Neutral,1
i saw this meme saying 2019 calendar starts with wtf and 2025 too its really happening lmao,Positive,2
soon as trump is about to become president wake up everyone and see the bullshit,Negative,0
2020 and 2025 both were an ambitious year for humans and yet they came up with new viruses shit,Negative,0
 who falls for this sht again belongs in an asylum,Neutral,1
as usual who is the last one to know useless,Negative,0
imagine if the deadly virus came out then sometime theres a chance a zombie apocalypse will start,Positive,2
what dis they decide to eat now,Neutral,1
china please stop your virology labs please,Positive,2
just in time for trump what a coincidence ignore all this bs,Negative,0
dcopyrightj vu,Neutral,1
china virus 2 mr d trump jr china trying to control population registered,Neutral,1
as usual china send people to space and india send people to heavenregistered,Neutral,1
because of the hinduism everybody is suffering,Negative,0
they just open visa free for every one 2 weeks ago so lots of people already spreading it,Positive,2
they dont want trump,Negative,0
dog eater chinese  cat eater chinese  bat eater chinese ,Neutral,1
2020 all over again,Neutral,1
happy new years from china ,Positive,2
fake fake china limited,Negative,0
china strategy of weapon so much ambition to become powerful country,Positive,2
hey china stop fjing around,Negative,0
this is business let people worldwide not to be shocked because us is busy making another lab virus for their biggest competitor china,Positive,2
wake up american cia is spreading deadly virus from china to insult china worldwide nowamerica is trying to destroy chinese economy nowamerica doesnt want china next economic and military super power in future,Negative,0
clise the airport,Neutral,1
it right time block all transaction from china to entire world,Negative,0
chemtrails are causing this,Neutral,1
in just enough time before trump takes office,Neutral,1
what they are doing to their neighboring countries will come back in a mysterious way,Neutral,1
oh boohoo drums rolling dont be fooled everyone the viral already has done irreversible damage and no wonder everyone is falling sick again china has treated 3500 patients with covid using their traditional medicine so there is still hope anyone who buys this bs again must be out of their minds,Negative,0
its another outbreak i am tracking it from last 4 days i believe its timing is similar to covid19 this country eats everything and no information shared to world,Positive,2
bullish this is fake news wtf is wrong you people,Negative,0
chinese scare tactics,Negative,0
pls ban china flightto india,Negative,0
unless its on the level of the virus in the movie contagion im not taking any shots or quarantining,Negative,0
wake up people this is right after trumps threats for tarrifs,Negative,0
great covid 20,Positive,2
ironically we start new year with wtf,Negative,0
chinese products dont last long but their viruses donot again,Neutral,1
here we go again trump 2024,Neutral,1
no one else can save mankind except the lord god yhwh yeshua jesus christ of nazareth because all the prophecies of the holy bible that will happen before the second coming of the lord jesus christ will be fulfilled which will be fulfilled by their creator lord god yhwh yeshua jesus christ the one who rejects the lord jesus christ and does not seek forgiveness from his sins and continues to live a sinful life and worship idols of false gods will incur the wrath of god yhwh yeshua jesus christ of nazareth please read the holy bible before it is too late hail to the only most holy living eternal creator god father abba yhwh yeshua jesus christ to him be glory forever and ever amen ,Positive,2
another chinese flu what they doing eating eating rat  oh types i forgot they are eating rats ,Negative,0
bro not again not this new year cant face all the lockdown issues all again and also how is this wuhan lab all again,Neutral,1
what did they eat now a rat,Neutral,1
wtf is wrong with firstpost just google what hmpv is and youll see how stupid this news is due to the decline in peoples intelligence and the moral degradation of the media its getting easier and easier to spread rumors a few simple videos and a terrifying background music can attract countless clicks and comments,Negative,0
stop all us flights in and out of china,Negative,0
the last time our area had a really bad flu and cold season was right before covid and everybody had this deep congestion in their lungs and now everybody around here is getting pneumonia that they cant get rid of weird,Negative,0
a shit here go again,Negative,0
nah this is going to be like mpox,Positive,2
who needs to hear that music sounds like we are just about to watch a horror movie ,Negative,0
thats wtf theory,Negative,0
is this verified news i dont see anything on the international news if not true or not as serious these media guys should face consequences for creating panic amongst public,Negative,0
made in china will not last long,Neutral,1
dear all country in the world please share this information to prevent nightmare 5years ago we can prevent this tragedy by refuse entering all china passport so the virus only stay in the china mainland gbu all,Negative,0
chinese government program to reduce their population ,Neutral,1
2025 is the new 2020,Neutral,1
ahh yes now the real deal begins covid was just a test,Positive,2
china uses its owe ppl as test subject,Neutral,1
so happy new year,Positive,2
think outta tha baux look carefully,Positive,2
bad news everyone this 2025,Negative,0
and i guess the vaccine is already waiting for the brainwashed victims like last time,Positive,2
does anyone else find this ominous music playing in the background fn suspicious like fear mongering is great for clicks and the health of our country f this just in time huh for our president to take office,Negative,0
this is coming to america ,Neutral,1
close all airports and seaports,Neutral,1
they havent moved on from the past ,Neutral,1
i think this is what trump really means with his campaign speech their eating the cats their eating the dogs,Neutral,1
no vaccine this time round ive had enough of this bs,Negative,0
china is ban all over the world plsss,Negative,0
no not again  _lockdown series 20_ ,Negative,0
this is repeated news since these videos before,Neutral,1
then the philippines department of healthtold filipino that theres no virus outbreakwho to believe,Negative,0
why people are asking for airport screening plz guys i want at least two semesters online i am fed up ,Positive,2
they need to open their eyes an realize making viruses is bad,Negative,0
im opting out this time last time was stupid play amongst yourselves,Negative,0
ban international flights now dont allow this epidemic to become pandemic,Negative,0
i wish it doesnt spread and kill people also government should take steps like immediate lockdown for a month or 2,Positive,2
simply great since last pandemic india refused to resume any direct flights with china that nation always finds a way to halt the world once it comes to a standstill,Positive,2
monkeys with viruses escaped from an american lab a few weeks backno surprises there,Positive,2
oh cmon some of these are the same clips they used to for covid silly isnt it,Neutral,1
a cursed country,Neutral,1
chinese will not allow trump work as president,Negative,0
china should have sanctions now,Neutral,1
us is infecting the world china and russia are the targetsas usual,Neutral,1
what thw hell this country so many sin in thic country,Negative,0
they do this to even out the population we suffer trump must block all flights biden wont do a thing,Negative,0
they predicted it would happen but were no proactive to prevent it ,Positive,2
bill gates and the gang are busy,Neutral,1
rise in acute respiratory diseases as the winter season sets more like rise in acute respiratory diseases as donald trump is set to take office theyre gonna stymie his presdiency right off the bat this time around prevent him from fixing anything in the country or abroad and bring the whole goddamn economy down on its knees,Negative,0
2025 started with wtf,Negative,0
close airport in china ,Neutral,1
stop all flights from china or to china close all boarder into china,Negative,0
as usual tedros denying it,Negative,0
of course they will spread it on their new year,Neutral,1
people in the comment section are crazyyou guys are praying for another pandemic even though knowing well enough about millions of people who lost their life during covid and theres no guarantee that this pandemic will not affect one of ur family members,Positive,2
india should start screening man,Neutral,1
this is the time to ban china products and travels this is last chance,Negative,0
similar to the covid 19 pattern in the making of covid 25,Neutral,1
registeredomgthe indian have to start stocking up with oxygen thanks,Positive,2
any news about fort detrick,Neutral,1
china after 5 years is now threatend the world of another wave of new virus outbreak,Neutral,1
batterd shit on a stick,Negative,0
i lost my everything my all loved one gone due to this corona in 2020 i think this time its my term ,Positive,2
keep it to yourselves we dont want it,Negative,0
true but why only variouses starts in china i saw it spreads all over the world i here people crying for help and some dieying god have mercy on us protect yr innocent people amen,Positive,2
the deep state is working because of trump,Neutral,1
broooo wth what wrong with,Negative,0
china causing trouble again,Negative,0
so its china fixing up these viruses,Neutral,1
its fake,Negative,0
the covid pandemic is not over not least given the effect of greater vulnerability to other viruses and the sad fact that some in many countries contracted covid even 4 times in 2024 the 5year anniversary relates to the visibly severe impact in the community following the transfer out of the lb a while before that,Negative,0
we should block all our borders and international flights by all i mean aaaaaallllll,Negative,0
what do you expect everyday the chinese eat food fill with chemicals or fake food they are not supermansure get sick,Negative,0
its a business,Neutral,1
close air and sea travel from china now,Neutral,1
does dr fauci have anything to do with it there goes another millions and millions of dollars that he will earn from this government because of his embarrassment,Negative,0
after display of 6g fighter another bioweapon display,Positive,2
now germany starts a hug campaign for all chinese ,Positive,2
ban of china,Negative,0
i rebuke this it shall not reach to south america,Neutral,1
china is the problemmaker,Neutral,1
this was supposed be our comeback year ,Neutral,1
this video is propaganda goebels would be proud,Positive,2
stop trump virus another plandemic,Negative,0
season2 ,Neutral,1
wtf do they eat this time,Negative,0
i hope the powers that be will take due precautions to prevent rather than cure,Positive,2
before we realise it we will have it in indianew years gift,Positive,2
in corona our nose registeredregistered this one where to insert,Neutral,1
new years gift from china to world congralutions to all ,Positive,2
please close screen all airports immediately most important step needed now,Positive,2
whos excited for no school,Positive,2
this is what happens when you try to eat every animal that you see,Neutral,1
fake news drama all over,Negative,0
more fake like last time remember all the stuff they showed from china that is how i knew it is a lie china does not show stuff like this online,Positive,2
chinese should be immediately banned entry to all countries to prevent it from spreading again,Negative,0
wumao not again what have you eaten this time around,Neutral,1
dont blaim china its international politics biochemical wars going on china must shift ground else it gets a niddle,Negative,0
god have mercy on our land africa  another lock down loading,Positive,2
closed the borders in china pls dont allow your people to go out in your country,Negative,0
showing videos in china having hospitalized is unreal we have many friends living in china said its all about antichina lies propaganda,Negative,0
its a lies against china how much budget did us released for antichina campaign,Negative,0
dont call it corona virus these are all chaina virus,Neutral,1
another virus before gta 6,Neutral,1
the truth is that the americans will end up being hated by everyone including by their unconditional allies all the dirty tricks imagined by the americans are contradicted by events charles de gaulle,Negative,0
i was watching this everyday hopping for another lockdown because lockdown was best i am a introvert i was playing xbox and watching anime all day im praying everyday for a lockdown i want one again,Positive,2
may allah protect all human from pandemic diseases or possibly evil virus on planet take this medicine black seed kalonji or mangraila 14 teaspoon pure honey 12 teaspoon black seed must be light roasted or heated and well grind in emaam dusta not in electric grinder consume it two before 20 minutes of meal in morning and and at bed time after meal not before meal drink hot water,Negative,0
americans had what was called walking phneonia months ago,Neutral,1
and we indians receive comments like dirtiest country garbage etc but none of the virus outbreak in history had ever came out from indiafunny isnt itmost of the virus outbreak are either from europe africa or chinafunny isnt it there is something fundamentally wrong on how we perceive hygine,Negative,0
oh hell nah not again,Negative,0
2025 is going to be crazy,Negative,0
bro cant even imagine covid 19,Neutral,1
no airport screenings yet i am sure theres no proper lab other than the pune lab for diagnosis yet no concern 100 govt will keep sleeping until hmpv spreads in bharat just like they did in 2019 only to later put the blame on some jamaat,Negative,0
another chinese virus,Neutral,1
there we go purposely done and coordinated with the us to sabotage the incoming trump administration,Negative,0
the reality is that china is a hundred times more advanced than india and india is jealous of china for that,Negative,0
stop international flights and dont accept people who went to china wear mask and teach everyone manners dont spit anywhere theyre like thatnot all always bring sanitisers and after going out wash clothes,Negative,0
the chinese strike again,Negative,0
its winter in china so people should wear down jackets the video is fake and so are the remarks i really dont know if people who read the news dont carry a brain the european and american media seem to be very keen on creating chinese terror,Negative,0
china will be the one to benifits this again remember when the covid 19 most of the medical supplies is from china not only fake goods but also virus is made in china ,Positive,2
this is what happens if you eat all kinds of animals,Neutral,1
stop chinese buying products,Negative,0
hmpv found in 20235 in us did it spread a lot seems not,Neutral,1
povsquid game in china,Neutral,1
from china with love 2025 starting off with a banger,Positive,2
china is going to finish us registered,Neutral,1
eat banana to fight diseases especially covid because banana is rich in potassium that helps us to fight different types of diseases,Positive,2
and which gainoffunction lab did this one come from,Neutral,1
indian international flight stop,Negative,0
wtf is wrong with this country,Negative,0
ah shi here we go again cj,Neutral,1
who tfs playing plague inc,Positive,2
stay safe everyone,Positive,2
expect cornoa everything from china doesnt work after 3days ,Neutral,1
the philippine health department said this is fake news and a hoax,Negative,0
block all travel to and from china might stop them experimenting on humans,Negative,0
they eat all the insects and creatures when they infected they will give that virus  to whole world   wtf why this stupid people are always doing like this  ,Negative,0
these viruses mutate and pass on to humans from eating wild animals in cages in china must stop eating animals and their organs they are so infectious and deadly because humans have not been exposed prior and have no antibodies,Negative,0
4 5 and 6,Neutral,1
and yet planes ship transport people all around world many usa citizens believe spy balloons were releasing viruses as some were taking gps for intel obviously population control is once again in the making,Neutral,1
wtf 123 yet the the beginning is the end and the end is the beginning,Negative,0
its a covid 19 comeback it never went far they just renamed it to confuse the consumers on the waiting expect lockdown and curvew soon china  gifts  are free and sufficient for the whole world ,Positive,2
almost exactly 5 years apart,Neutral,1
dont trust ccv,Negative,0
who will wait and watch till the virus spread across the globe then declare pandemic so that everyone suffers because of one country mistake,Negative,0
america is at it againthey gave the world covid19and are now ready to bring a new one,Positive,2
again medical mafia story everybody knows meanwhile whats behind this again,Neutral,1
oh hell nah we aint wasting another year,Negative,0
let me recommend three books by franz bardons 19091958 for advanced students of spirituality initiation into hermetics the practice of magical evocation and the key to the true kabbalah step 10 of initiation into hermetics represents the true goal of spiritualitymerging with that which is infinite and eternal absolutetaoakashic realmbrahmangod the practice of magical evocation franz bardons second book and the key to the true kabbalah franz bardons third book are integral to step 9 of initiation into hermetics,Positive,2
if it is really happening in china then i would suspect us democrats they are up to something then they were warning of new viruses few months ago,Negative,0
palki should allocate a name for it asap,Neutral,1
all fake haha dont surprise me if they use the same actors,Negative,0
another manmade virus from china jist like 2019 they made covid19 virus now its almost like covid19 the only difference is the name they called it hmpv or human metapneumovirus another pharmaceutical companies will be millionaire,Positive,2
dirty communist product again,Negative,0
2020 started on wednesday thursday 2025 started on wednesday thursday,Neutral,1
as a shut in myself i see this as an absolute win,Positive,2
danm another wtf year might come with a new epidemic wow,Neutral,1
shut china down anyone that left the country in the past 2 weeks gets quarantined,Neutral,1
nah i believe someone made this happened and to the bodies that were experimented with it may your soul be in peace,Positive,2
again againstop virus china,Neutral,1
get ready guys its china ,Positive,2
lets be ready again with all the stuffs to welcome the virus by imposing the lock down,Positive,2
stop international flights first,Negative,0
new virus for new world order,Neutral,1
im a doctor here in china i had a patient with this illness i am infected and currently in the hospital,Negative,0
is lunar new year so just in time to spread it to the world there should be a travel ban on all people coming from china immediately,Negative,0
nothing gonna happen,Neutral,1
bio weapons they desperate to control here we go again fu,Negative,0
i believe that this virus is like historyrepeating,Positive,2
why is this news being blocked by the government of the philippines there was a viral news about this on social media and the doh keeps denying it,Negative,0
lock down again  ,Neutral,1
this virus is deadly,Neutral,1
lockdown starting 2025,Neutral,1
these people eat anything and everything i wont be surprised if they eat fried feces too advancing in tech and spreading viruses,Negative,0
lock down please plus free groceries ,Positive,2
yes officially i know that new virus will come again in new year as covid 19 start with wtf and 2025 start with wtf and if it start with that new virus come i literally know that new virus will come guys stay safe guys this is new year give thank you new year for wonderful give,Positive,2
if if persists after february then its an serious issue,Negative,0
bat soup or cat soup this time,Neutral,1
it is real or fake,Negative,0
lockdown season 3 ,Neutral,1
is it again from wuhan virology labs,Neutral,1
211 they show a police car in a street that is south africa and is a traffic police vehile from city of johannesburg why is it even in the clip,Neutral,1
it died on arrival,Negative,0
china is the epicenter of all deadly virus after few days they will export this virus throughout the world after that they will sell medical items throughout the world at higher cost and make money,Neutral,1
because of habit of eating everything that moves chinese are suciptible to spread different diseases and viruses,Neutral,1
please delete chain  its a curse,Negative,0
we should call it covid25,Neutral,1
stop the flights please,Neutral,1
china doesnt learned what a troublesome country,Positive,2
yet again another new years gift to the world from china wow,Positive,2
pls me wants another lockdown,Positive,2
2020 and 2025 both started with wednesday thursdayfriday wtf,Negative,0
mr xi you must disable the facial recognition cameras there are negative entities that are taking advantage of this to transmit viruses digitally i hope you read and understand what im talking about,Positive,2
china is intentionally spreading virus to the world and doing business bad,Negative,0
10th exam cancel kab horaha hai,Negative,0
oh common not again,Neutral,1
plz closed the gate to chinese and travellers from china,Positive,2
world knows what to do impose travel ban to and from then totally lockdown that country already world doesnt need another covidwtf,Negative,0
this would be the time to lockdown china at least try to prevent it from spreading,Neutral,1
quick go get your bingo cards ready were about to start the year early with another pandemic guess from what country again it has 5 letters that starts with c and end in a,Positive,2
hmpv virus has already spread in india,Neutral,1
another false propaganda from india hmpv is a common virus that causes acute respiratory infections in 2001 dutch researchers first detected the virus in nasopharyngeal aspirate samples from children with respiratory infections caused by unknown pathogens serological studies have shown that it has existed in humans for more than 60 years and is distributed all over the world the virus has a low mortality rate,Negative,0
after 5 years,Neutral,1
as always,Neutral,1
dont bring it over here why is it always china,Neutral,1
these made up viruses are used to shape the global order,Neutral,1
how come therere south africa on the video 213,Neutral,1
is it true i still cant believe it,Positive,2
oooh my god made in china again registered,Positive,2
we all saw this coming they planed and executed this virus just to make things very difficult for donald trump we know the codeclap for yourselfs all you planners of evil on mankind,Negative,0
lockdown please,Positive,2
china dont make rge workd suffer contain it withtge country india must block travels fromchina,Negative,0
john 146 nkjv 6 jesus said to him i am athe way bthe truth and cthe life dno one comes to the father eexcept through me did you know youre part of the ultimate statistics 10 out of 10 people die one day your heart will stop beating and you will be dead the bible says youll then be judged by the holy and righteous god who created this universehebrew 927youll be judged for every word thought and action in your lifematthew 123637 will you be innocent or guilty lets check the standard the ten commandments have you ever lied even a white lie revelation 218 have you ever stolen anything value is irrelevant and includes downloading or copying movies illegally if youve lusted youve committed adultery in your heart matthew 52730 1 corinthians 6910 if youve hated someone the bible says youre a murderer1 john 315 if youve done any of these things you will be guilty and end up in hell god is perfect and he hates sin but he sent his son jesus christ to die on the cross to take the punishment you deserve then he rose from the graves after three days  defeating death luke 244648 repent turn from your sins and trust in jesus christ our lord and saviour to receive forgiveness and everlasting life afterlife here on earth without pain suffering and death anymore revelation 214 god cannot lie he is holy righteous and just cannot tolerate sinhebrew 618 if you dont believe in god you are making god a liar think about it do you think god cannot preserve his words he created the heaven and the earth and the sea all living things here on earth including human read the bible to learn about god and how to live acts 2021 do gods will plan and purpose in your life these are above and beyond immeasurable compare to your grandest dream we obey gods moral law the ten commandments because we love our lord and saviour jesus christ the father and the holy ghostjohn 1415 john 1416 john 141626 mark 123031 with all our heart soul mind and all our strength and we believe and have faith in him also we fear him with reverence with deep respect job 2828 king james version 28 and unto man he said behold the fear of the lord that is wisdom and to depart from evil is understanding 1 corinthians 6910 new king james version 9 do you not know that the unrighteous will not inherit the kingdom of god do not be deceived aneither fornicators nor idolaters nor adulterers nor ahomosexuals nor bsodomites 10 nor thieves nor covetous nor drunkards nor revilers nor extortioners will inherit the kingdom of god ecclesiastes 121314 new king james version 13 let us hear the conclusion of the whole matter afear god and keep his commandments for this is mans all 14 for bgod will bring every work into judgment including every secret thing whether good or evil lets seek the lord and his face also his strength power wisdom and discernment in our daily lives we need gods help to overcome sin in our lives and live a holy life in the eyes of the living god god will help us if we seek him diligently with all our heart soul mind and all our strength put on always the full armour of god ephesians 61018 philippians 413 new king james version 13 i can do all things athrough achrist who strengthens me psalm 287 new king james version 7 the lord is amy strength and my shield my heart btrusted in him and i am helped therefore my heart greatly rejoices and with my song i will praise him acts 2021 king james version 21 testifying both to the jews and also to the greeks repentance toward god and faith toward our lord jesus christ god bless living water,Positive,2
block chinese people traveling in world,Negative,0
once again peoplesheeple will believe every nonsense the powers to be serve them disguisting and stupid,Negative,0
wuhan virus again feels like a modified covid,Positive,2
fake newsss,Negative,0
china is threat for world in terms of disease,Negative,0
dayum another virus from china didnt expect that again like literally no one expect that to happen again ,Positive,2
that video is i think during covid 19 pandemic not nowso nothing to worrh,Neutral,1
time to isolate ramp up sanitation and take vitamins again but please dont hoard tissue paper again uhhhi meant toilet paperplease dont hoard toilet paper again,Positive,2
great we will get covid2 before gta 6,Positive,2
115 are they really monitoring,Neutral,1
they should ban all the flights from china,Negative,0
are people still eating wild animals snakes crocodiles monkeys etc to impart virus bacteria etc ,Neutral,1
where is bill gates ,Neutral,1
lets lock our airports chinese must stay in china,Neutral,1
the most weird about this is in china nobody talkin about the sht ,Negative,0
laboratorys virus again hurting the perpetrators hope this time others are not hurt,Positive,2
china im not surprised as anymore,Negative,0
i dont think it will become a pandemic because humans have became smarter after covid19,Positive,2
always before lunar new year this coivid i dont trust china at all,Negative,0
this time keep the virus in china another sickness to spread around as the covid was allowed do they have a vaccine ready like the did covid its very irriating to know that there are people in the world so concern with dominating the world they would create situation to achieve their goal no matter who dies,Positive,2
the world is not safe at all since2020,Negative,0
new virus  in china,Neutral,1
it is painful to see indian sick and mourning their deads it really hurts my heart as soon as lndia started the massive open cremitoriam chinas satellites from space were able to pick it up right away thats how big it was you could see the fires burning millions of bodies 10000 km all the way up from sun synchronous orbit for 15 months straight indias indoor facilities were overwhelmed that is why they have to burn the bodies outside and even that wasnt enough as weeks later you start seeing them floating in the river india couldnt hide it anymore everything was exposed,Negative,0
the fix is in but djt will reduce the biden harris administration to gitmo awaits them all djt ,Positive,2
 metawhat does zuckerberg own this one the bastards never got first time and the wont get me this time the stupidity of the world governments knows no bounds,Negative,0
here we go again with multiple viruses ,Neutral,1
its bullshit another fauci lie before biden leavs gitmo awaits them all,Negative,0
is this against trump i think thid time its intentional,Neutral,1
meh who cares more fear mongering were not playing pandemic this time ,Negative,0
hope they have time to have lunar new year dinner 2gether b4 mass quarantine happen againmight be their last dine,Positive,2
so what you lockdown the world every time the un names the next dangerous flu im sick of this new world order crap you reptilians are going down,Negative,0
wtf ,Negative,0
appreciate this its outstanding work total backing and gratitude as a proud us made brilliant fan from kanchan pune india,Positive,2
cherish this its exceptional work full endorsement and appreciation as a proud us made brilliant fan from kanchan pune india,Positive,2
first post is losing credibility because of authentic information,Negative,0
ahmedabad is not capital palkisharma,Neutral,1
they want the americans gone,Positive,2
chinese products  chinese viruses ,Neutral,1
appreciate the detailed breakdown just a quick offtopic question my okx wallet holds some usdt and i have the seed phrase mistake turkey blossom warfare blade until bachelor fall squeeze today flee guitar whats the best way to send them to binance,Positive,2
will school will be closed,Neutral,1
the new year gift ,Positive,2
indians r pretty funny ,Positive,2
chinese dont even know theyre sick but india and westoids knows this lmao and why you using 2020 videos hmm,Positive,2
the great controversy by eg white will tell you what is happening here,Positive,2
coincidence that a new virus introduced again as trump enters office think the democrats are getting desperate after they released the last corona virus ,Negative,0
you are all lying shame on you,Negative,0
stop lying to people,Negative,0
there is only pneumonia with mycoplasma there is no other invented virus,Negative,0
you know youre hygienedo it right,Neutral,1
dont stress,Positive,2
im sorry guys but i wished an prayed alot that my exams would get cancelled so i guess this is it hehe,Negative,0
in the loot and plunder business the testing for nothing costs 18k treatment costs 20 rshow about ginger tea,Neutral,1
bullshit poor indian people see all this fake news everyday the videos were in 20202022 this time just flu in winter you even give a shit name hmpv if you have time try to build some toilets for your indian guys,Negative,0
china does that for the second time for trumps reign,Neutral,1
the most important thing is to be able to do it and to be able to do it well the covid19 pandemic has brought the world to a standstill with the number of cases rising to 100000 the most important thing is to be able to do it,Positive,2
love you allah mohammed ,Positive,2
wtfa shit liar news hostgeei pity the india people for receiving only the misinformation stop telling lies to your people as this is never good for your failed country,Negative,0
nice one,Positive,2
oh god not again,Positive,2
during a state of emergency does china get to print unlimited money like the united states of america if so this explains why they have released a new virus during the strong financial crisis that they are going through,Positive,2
sometimes india is ungrateful riding on 2 planks of ship always blaming china this china that s the old saying goes either u r in bric or not b grateful s china helps u a lot schina gave away gunpowderpaperprintingcompass n shipballast n also the genetics n genomics virus to the world not like india always sensitive n suspicious jealous of its next door like neighbors backstabbing chinausa have not done any goods to rest of the world all they do is to repackage all inventions n claim sole propriety usa have started wars all over the world claiming human rights n before using religions india n usa r not the chosen ones on this planet just be careful of what u wish for s u shall reap what u sowso wake up before its too late just one more things i want to share china does not poke your eyes n r willing to help but u r arrogantsarcasticselfish n ungrateful i recommend india should join usa alliance s they messed up soon going broke,Negative,0
report on your own country cases its already spread by now,Neutral,1
amenlord god christ jesus is the physician of physicians registered,Positive,2
in our country there are a lot of deaths due to the virus especially among children under 14 and adults over 50 the number of fatalities is horrifying this virus is extremely dangerous and the borders need to be closed immediately the biggest problem is that there is no vaccine its better if no one goes outside,Negative,0
ahmedabad is not the capital of gujarat gandhinagar is,Neutral,1
please china stop eating strange animal,Negative,0
bet the next virus is gonna be something about coughing and throw ups lol,Positive,2
false news,Neutral,1
biological soft warfare by china but governments donot want to accept it publicly,Positive,2
ms sharma is such a great anchor,Positive,2
its a pack of lies,Negative,0
hmpv is not a new virus yeah neither was covid,Negative,0
im going to stock up on so much beer this time,Neutral,1
here in the philippines that is fake news we countinue curropting the govt money,Negative,0
hmpv virus is home ministry privatehidden propaganda due to north east situation,Negative,0
no outbreak in china debunked indian lies,Negative,0
covid saved my life have been bullied all the time in workplace and now can work from homework free from being bullied thanks virus you saved my life,Positive,2
china loves india registered so much that is why they love sharing everything with india even a common cold,Positive,2
here we go again with bullshit the uk next with yet another bullshit lockdown the world has gone mad,Negative,0
yup china cooked again,Neutral,1
another fake agenda,Negative,0
at this point gta 6 gonan be canceled ,Neutral,1
these evil elite scumbags are at it again using whats been around forever doing some lab adjustments and voila creating another plandemic if they canno more elite idiots this will not work except on you and yourspeace comfort to those that understand,Negative,0
we will have a virus in 2025this was planned long time ago,Neutral,1
india is becoming another propaganda nation,Negative,0
we start again whit the game of spreading,Neutral,1
wtf is wrong with news lady she is taking pauses too long what is she narendra modi,Negative,0
another one the devil is a liar ,Negative,0
bruh as a gen z im so tired i dont want to go through this again,Negative,0
agree china hides more then it share,Positive,2
it was made in a lab in china,Neutral,1
we are tired already,Negative,0
so does it mean history is repeating itself why this again if its not new why didnt china produce vacine to prevent the spread since all these years,Neutral,1
liar it started in the netherlands back in 2001,Negative,0
us should ban with immediate effect travellers from china,Negative,0
r now become puppet of ur owner,Neutral,1
2020 2025 begin with wtf wed thu fri a prc virus ,Negative,0
2nd trump term prc deploys its 2nd bioweapon dont be fooled again ,Positive,2
dont mind or fear we have god jesus king of king will save us from any deadly disease jonh 1633,Positive,2
chinese economy has been declining i recall sending you videos this is chinas way of curbing the worlds economic growth while they figure out how to fix their econonic issues african nations must reset their immigrations policy guidelines to block every person who visited china in the past year going forward we do not have to be scared to do what the western world would do african countriesleaders please wake tf,Negative,0
we should close all travel and flights coming from china and also make sure chinese travellers should be banned coming to india,Negative,0
boycot china products,Neutral,1
this lady always talk about negative about china,Negative,0
election yearwhat did we expect if we ever fall for this bs again we will lose our freedom forever,Positive,2
but part time travellers ytube videos says nothing is going on in china like everywhere when season changes something like minor flus and colds are common but palki has a different story here looks like palki juz wrk came back from china to report this,Positive,2
rebuke this virus in the name of jesus christ,Neutral,1
all bullshit made up as usual nothing but a chest flu or infection had it already and am a diebetic and cancer survivor,Negative,0
travellers from india to china brought in the virus,Neutral,1
hmpv how many pfizer vaccines,Neutral,1
ooh god we go again on this give us strength to defeat it,Positive,2
medem english nahi aati hai,Neutral,1
always thought the next pandemic was going to be some zombie outbreak,Neutral,1
virus spreading spreading misinformation,Negative,0
are u serious america is full of this case since indians like to migrate to western countries most likely indian got it from there,Positive,2
bet china had already produced the antidotes,Neutral,1
its nothing major dont worry medias are exaggerating it too much pls go and watch some ground reality vlogs of indian in china youll find it,Negative,0
some people repeatedly are saying that this is fake news but you keep on repeating this news omg,Negative,0
trumps advise just drink isopropyl alcohol and a mix of chlorine,Neutral,1
bruh absolutely not,Neutral,1
thing satan didnot other way to deceive human beinghe choose virus to shock the worldif we are have earand have faceplease test the vaccine for dose human fast,Negative,0
did you think chinases is virusregistered,Neutral,1
latest new india now has 7 confirmed cases with mostly infants and a 13 year old girl and a 7 year old boy,Neutral,1
it may be not severe of a virus for now but wait till it mutates just like covid did,Positive,2
to chinese people in comment section how is the situation in china is there any chance of lockdown in china and the rest of the world,Positive,2
the pharma want another big fat bonus,Positive,2
this is another pandemic no doubt registered,Negative,0
please covered the death ratio in the next news,Negative,0
my mental health was affect by covid pandemic due to isolation and covid pandemic change my whole life during my isolation in 3 yrs i hope will never this happen again,Negative,0
im here in china nothing special happens in regard to social hygiene and public health why this fake news made of indian median only trying to be a new virus spreading out on internet,Negative,0
fake news go search hmpv its not new,Negative,0
lets plug this before it blimps,Neutral,1
you are becoming like the rest of the fear mongering media unexpected palki sharma,Negative,0
propaganda from indian media many vloggers of india are in china and they said that their is no virus in china ,Negative,0
fraud news no one is suffering from hmtv virus in china,Negative,0
crapnot another lockdown ,Neutral,1
chinas dirty strategy,Negative,0
bill gates the demon did not elect trump and now next is deadly,Neutral,1
re election 2019 or elected 2024 on trump a virus will spread,Neutral,1
we got coronavirus 2 before gta 6 ,Neutral,1
prophet of doom,Negative,0
there are 7 cases now in india,Neutral,1
not china some of u guys are racist she clearly says first case identified in netherlands,Negative,0
first cases thats because you only just started testing for it hmpv has been around for decades,Neutral,1
everyone listen ive played these games before,Positive,2
world need to investigate china thoroughly,Neutral,1
remote monday all over again ,Neutral,1
this china has become anointing ,Neutral,1
ahmedabad is not the capital of gujarat it is gandhinagar get your facts correct mam since firstpost is very reputed channel and we have faith in palki sharma,Positive,2
that is called lie machines positive ,Positive,2
so how come is not a netherlands disease heavy bias reporting,Negative,0
hmpv has already come to india,Neutral,1
could you stop this agenda you are like monster its totally fraud stop this propoganda immediately,Negative,0
fake news i have watch china live video ,Negative,0
when china shared the information you dont believe them because your hate about china is very well known,Neutral,1
if its not a new virus and has outbreaks every year why spread unnecessary panic and why do you need data from china,Negative,0
ok better start restriction on inbound flights now,Positive,2
was get this virus is fucking hurt,Negative,0
reason why china  never released the details of these virus to the public and the world it means china  experimenting another virus in order weaponized this to the world they are hiding something here,Negative,0
know why the squrell cross the road why did the squrall cross the road,Neutral,1
what dont bring up something more cool like zombie apocalypse,Positive,2
post this news every year so you can get more followers ,Neutral,1
hmpv is not as bad as what the media is making it out to be and as such the fear of a possible world wide pandemic happening again is completely delusional this video is nothing nore than fearmongering sensationlist misinformation sinophobic drival,Negative,0
billie gatez to hell owns a shit ton of labs there he foreshadowed new pandemy for 2025 called seers this is this shit just under different name,Negative,0
whos an enemy of china,Negative,0
china needs to stop travel outside their country stop the spread now,Negative,0
im ready to be called a conspiracy theorist again if i dont get vaccinated and say that this is all planned,Negative,0
ive played these games beforee ahh situation,Positive,2
like seriously ,Positive,2
keep it to yourself china,Neutral,1
so chinas dropping diseases like music albums now,Positive,2
we dont need another lock down,Neutral,1
get it right firstpost there are chinese communities living in india and chinese tourists who bring in the viruses it was chinese tourists who brought covid,Neutral,1
im chinese stop spreading rumours and slandering china in addition to spreading rumours and slandering china can you indian media focus on your own domestic development there are a lot of problems that need to be solved by the government dont continue to bully lizards okay,Positive,2
its survival games oh no registeredregisteredregistered,Negative,0
the cunning china is playing with lives of many as all viruses started from there,Positive,2
wow this woman is strongly against china,Positive,2
india media again oh come on,Neutral,1
am a nurse in usa children have this virus each year it is not a new virus may be the strain is more strong,Positive,2
bro what the heck do china people do can they stop spreading virus,Negative,0
seriously yar  am tired of these plandamic,Negative,0
world media _ corona virus palki sharma _ wuhan virus ,Neutral,1
133 fact check ahmedabad is not the capital of gujarat,Neutral,1
this is a hyped narrative trying to degrade china n its development its exaggerated this is a seasonal epidemic disease that could happen anywhere the media is trying to spread unnecessary panicrumours to gain trp,Neutral,1
this new is fake in india ,Negative,0
the propoganda against china for new virus hmpv to divert the attention of peoples from routine disturbances news chanels are helping to get trp   registered           registered     registered   the most important thing is to be able to do it the most important thing is to improve the quality of life this is the best way to improve human style of living this is the best way to improve human style of living,Positive,2
wtf year started,Negative,0
fakei repeat this fake,Negative,0
those who dont know this is a deathly play by the us and friend indian govt were the people who are weak in immunity or having a disease are targeted by the governments ,Positive,2
who is trying to play squid game 2 ,Positive,2
lets gooo bring back good times,Positive,2
india is incabable of having anything good,Positive,2
look at the hazmat suits governmenthospital workers are wearing,Neutral,1
copy right,Neutral,1
this hmpv is a mutated form of avian metapneumovirus which was first isolated in netherlands,Negative,0
they live and work in abysmal condition in close proximity to each other and give it to each other take care be vigilant,Positive,2
please get rid of the who,Positive,2
palki ji the capital of gujarat is gandhinagar not ahmedabad,Neutral,1
maam gandhinagar is the capital of gujarat ,Neutral,1
is it virus or politics lets save the world if its based on politics then its very bad to play with the lifesince we are not ready to fight with another pandamic,Positive,2
dear friend do you know that you are loved and valued by god despite our mistakes and shortcomings gods love for us remains unwavering jesus christ the son of god came to earth to demonstrate this love he lived a sinless life taught us about gods love and ultimately gave his life on the cross to pay the penalty for our sins but thats not the end of the story jesus rose from the dead on the third day defeating sin and death through faith in him we can experience forgiveness new life and eternal salvation if youre searching for meaning purpose and a personal relationship with god jesus is the answer he invites you to come to him just as you are and experience his love and transformation,Positive,2
but according to me its due to change in season as we know that its already winter and its comman in winters so i dont think that it is a damn issue,Negative,0
let me tell you i thing in my country this virus is to because a lot people are sick now in my country but i more think that what they are saying is bullshit and chine spread it out with the fireworks to create the war because a lot of war is coming to this earth ,Negative,0
stop mainland chinese from traveling,Negative,0
so this virus been around for years wow very scary and another lockdown,Positive,2
but its funny when trump became president new virus always comes,Positive,2
gandhinagar is capital of gujarat not ahmedabad,Neutral,1
first post jealousy of china whats new ,Negative,0
covid19 quarantine hmpv philippines singapore malaysia thailand vietnam china hong kong taiwan japan south korea kuwait qatar use qatar south africa canada usa mexico wednesday 2025,Neutral,1
whatever alphabet you want tocall it im not buying it,Positive,2
right before inauguration,Neutral,1
this is what we seventh day adventist christians hve been saying every one who makes something gives us laws in how to use it properly god created the world and had given us laws to protect us from bad things in leviticus chapter 11 and deutronomy chapter 14 god specified animals to eat and not to eat in fact human original diet is fruits and vegetables,Positive,2
we are going back to lock down era hmpv should be prevent as soon as possible  the world cannot have this communicable disease,Neutral,1
next plandemie wake up and resist peaceful against their agenda,Positive,2
no one should fall for this demonic prank again,Negative,0
india should report it to who and update the world daily,Neutral,1
human metapneumovirus hmpv or hmpv is a negativesense singlestranded rna virus of the family pneumoviridae and is closely related to the avian metapneumovirus ampv subgroup c it was isolated for the first time in 2001 in the netherlands by using the rappcr rna arbitrarily primed pcr technique for identification of unknown viruses growing in cultured cells1 as of 2016 it was the second most common cause after respiratory syncytial virus rsv of acute respiratory tract illness in otherwisehealthy children under the age of 5 in a large us outpatient clinic,Negative,0
they are eating everyone is suffering ,Negative,0
lockdowns alone dont stop the spread of a virus stricter border controls are essential to contain it effectively let me know if youd like further adjustments,Positive,2
yes we are we doing this again,Positive,2
m really interested to hear your way of broadcasting news  thanks love u dd,Positive,2
the news liar to us again,Negative,0
its china alone dont fk us anymore,Negative,0
what did they eat now,Neutral,1
they just needed to modify existing viruses for money,Neutral,1
finally border with china immediately,Neutral,1
were going home with this one ,Neutral,1
play this game before,Positive,2
this hmpv could be a new mutation seems to be airborne,Neutral,1
india is dealing with this virus not china they celebrating and parting there,Negative,0
dont believe this is true,Positive,2
load of junk no one cares lok,Positive,2
this fake news has already been debunked by other media,Negative,0
where r corona bots defending their country in comments,Neutral,1
understand it may be hard for china to control viruses but since china never wants to cooperate and work with the world maybe every country should stop buying anything from china,Negative,0
really they dont want us to exist like damn enough with the viruses games,Negative,0
lucifer rules this planet,Neutral,1
nothing but business and intimidating cold running nose cough fever is a common bullshit why should we believe devils lie this is not virus this is chaina strategy enough is enough,Negative,0
china wants to eliminate the world they keep quiet until they have spread the virus and then they announce to the world and you wonder why the chinese are facing hostility across the globe,Negative,0
here we go again the media scaremongering people again weve been here before,Neutral,1
welcome my name is hmpv im coming india israel usa bladesh europe germany japan malaysia do you believe in god or pandit,Positive,2
for goodness sake stop this fear mongering videos and news we know already how this is done,Negative,0
how do we know that its actually hmpv its easy to play it off as a known virus the 3 cases in india could be hmpv but i dont believe the same for china,Positive,2
philippines and nearby country must lock all borders from china,Neutral,1
please china dont do this again what did you eat again,Positive,2
uhhh i live in the netherlands and i was sick for 3 weeks straight and i am never sick and more and more people around me got it too what is going oneven now i still got a little caugh,Negative,0
lab grown virus release it sell vaccine profit,Positive,2
whatever comes from china does not last long,Neutral,1
china lied and people died,Negative,0
ahh sht here we ho again,Neutral,1
this country really a dark system  make us 2 years holiday,Positive,2
how is this different from the common cold this is a scam to get everyone to take a fress round of vaccines,Negative,0
indian nonsense again hmpv is not a new virus at all and china has a hospitalcentric system meaning they dont really have gps so everyone goes to hospital for any and every ailment and now is the cold season duh,Negative,0
fake news as usual,Negative,0
will the hmpv evolve and adapt to something worse,Negative,0
what a surprise china starts it again,Positive,2
another reason to hate ccp,Negative,0
endiand are good at creating all kinds of rumors,Positive,2
nice try stuvid not this time maybe next 10 yrs you can try again,Positive,2
thank yu china for the new year gifts,Positive,2
the 3 infants didnt travel but someone few people who travelled to china could have met them,Neutral,1
anything bad from china palki will be the first to report with verification,Negative,0
looks like langley has laughing right now,Positive,2
im from australia and no other news network is reporting this what the hell is really going on,Negative,0
have you see some fake influencers were paid by chinese to debunk the wuhan virus showing how safe ot is in china hope this does not happen again,Positive,2
please stop giving virus mask or lock downnot fully comeout from 2019dont suppress the poor people again winter virus,Negative,0
fight fight fight,Negative,0
we will not fall for this again we will revolt,Neutral,1
bcos of science and research china always brought problem in this world,Negative,0
here we go more stimulus checks ,Neutral,1
solid news reporting never trust the news coming out from china and always remain vigilant,Negative,0
who must take action on china  chinese must bend to travel others countrys let china  people stay in their own country,Neutral,1
hamara toh school hi nahi open hua ke ye virus  agaya ab toh gaye isbar toh vaksin bhi nahi ab karte raho ting chu ting chu ting registered,Neutral,1
unless masks are made compulsory we might soon see lockdowns again ,Neutral,1
another game to make more money by big phama,Neutral,1
how can news channels show unverified videos yet they are supposed to provide real facts n figures,Neutral,1
151 even yourself said this virus has been on decades and you still make it sound likes a new virus from china unbelievable,Positive,2
you are the best journalist,Positive,2
please impose lockdown have all the kt exams online,Neutral,1
every time an orange guy gets the keys to the white house a bunch of people get the flu dont worry big pharma is waiting in the wings to get the government contracts to make something that barely works better than horse eye cream does and wouldnt you know it it is coming just in time for chinese new year you cant make this stuff up year of the rabbit will be hopping,Positive,2
for any infection we must rub brandy or medicinal alcohol on the body that is the solution and for energy balance it is good to hold a stone in our hand it works like a battery that charges from our childs energy then emits an electromagnetic field beneficial to our body its just physics and free   ,Positive,2
lock down expectations for school kids it sectors,Neutral,1
this is lies a south african is in china and he reorted live on tik tok stop with your fake news please i cannot believe that even first post is starting 2025 with lies shocking but true,Negative,0
it always starts from china covid china now hmvp china where is mr hidden agnda,Neutral,1
good topic to divert from tax,Positive,2
what does the world health organisation do giving only updates,Positive,2
lot of blow up news to create fear propaganda is always in action i spoke to a friend in hong kong he day nothing alarming all is calm my country ministry of health says dont believe what u hear sosial media are really like scammers,Positive,2
why do you keep saying china when india is also ground zero as are other places your bias is overwhelming is becoming intolerable palki ,Negative,0
the internet makes rumors spread the world unnecessarily the source of the virus is either asia or africa the cause of the virus is bat bird monkey pig etc,Neutral,1
what started this virus trendif we think of it,Neutral,1
when indian media channels confuse india with china you know what they are made of flakes,Negative,0
could be their dr traveled or someone from near or distant family members visited the kids ,Neutral,1
here we go again pfirst post bull sh it again lol,Positive,2
lol fck quarantining unless im getting monthly checks and money form the government f that ,Positive,2
not true am living in china and everyone is living a normal life,Negative,0
e xy palki never fails to disappoint always entertaining she just blabbers whatever she sees in the teleprompter like our honorable pm without understanding a word of it,Positive,2
lockdownno way homeor its homecoming ,Neutral,1
our local news said this is fake news they interviewed the embassy officer,Negative,0
but in china there is nothingall public parkes are open markets are open ,Neutral,1
is that real,Neutral,1
how will indians progress if they are surrounded by these exaggerated and fake news created by palki every day,Positive,2
please do some research its entirely fake news there is no outbreak in china,Negative,0
hate to say itits to latethis shits gonna take off like a wild firewatch,Negative,0
what we learned so far all mainstream media governments and socalled experts are liars and deceivers,Negative,0
why china create virus when the trump is president,Positive,2
we neeed lockdown,Neutral,1
got a friend in china send so many pics from china today no one is wearing mask its normal,Positive,2
made in china  ,Neutral,1
how come the prime minister of canada has told his country nothing,Neutral,1
china is the most dishonest countryremember covid down played it6 million people died in chinacover upborder must be shutdown again,Negative,0
we need lockdown ,Neutral,1
please confirm and report dont cause panic even people from china doesnt hear about this outbreak and only in india it became a main headlines instead of focusing more on important issues,Positive,2
hmpv was first identified in 2001 by dutch scholars according to chinese center for disease control and prevention cdc studies have shown that it has existed for at least 60 years being distributed all over the world as a common respiratory pathogen in winter flu is common,Negative,0
newsregistered,Neutral,1
downplay downplay downplay ,Neutral,1
looks like china is spreading virus especially to counter trumph,Positive,2
china  eat everything that should not be eaten,Neutral,1
did you spotted ccp bots trying to call this agenda ,Neutral,1
see what the indian youtubers in china has to say i saw there is nothing,Neutral,1
all nation should meet and send all the womd at the same time,Neutral,1
stop this bs its not deja vu its just a flu virus,Negative,0
if you want to self isolate go ahead no us though,Negative,0
again the world economy under stress courtesy chinese govt sponsored new virus   ,Negative,0
thank you china for the gift of new year ,Positive,2
to all friends from india we from china now are all ok our life here is still going smoothly pls dont have to force your self to worry about us,Positive,2
cant believe people still watching these bullshit new agencies fake news,Negative,0
im having flu right now but i dont believe this shit because its the cold season,Negative,0
old product in new package so that media can create hype and pharma and hospitals can make money on medicines healthcare etc this stuff has been going around for years,Positive,2
of course its not a new virus because theres nothing new under the sun according to bible,Neutral,1
trade war with corona people registered,Negative,0
here we go again with this fukry,Neutral,1
palkias a journalist get your facts right before you blah blah blah please name the place in china that has the hmpv outbreak all indian media are fear mongering non report on us norovirus,Negative,0
stop cleaning using hands,Negative,0
please dont spread this fear and allow people travel cause you come to china and see a better country here all the lies will be torn down,Negative,0
get the impression that indian youtube videos are getting very excited about the new outbreak beaten at every turn the olympics the economy the infrastructures shipbuilding manufacturing and now the 6th generation war planes all india could put up is some old warplanes that france and russia are desperate to get rid of in garage sales so talking up the disease is one way india could hurt chyanna rather pathetic isnt it,Negative,0
here in philippines its fake news we have a talented doctors here our goverment is very smart people,Positive,2
hmpv is all over the place,Neutral,1
its just a flu this virus has been here for the last 30 yearsstop this nonsense,Negative,0
hmpv virus patient 1 bangalore baby recovered well discharged patient 2 bangalore baby showing good recovery signs patient 3 ahmedabad showing good recovery patient 4 stock market in icu now ,Positive,2
sab bakwas newsutuber fools every one for money subscriber,Negative,0
china is suspicious ,Negative,0
for worldwide netizens hmpv which was an old virus or about 60 years known even in india is called palki virus,Neutral,1
2nd round,Neutral,1
china china i dont like to hearall media are liars ,Negative,0
another monkey business,Neutral,1
holland in 2021 and american in 2023,Neutral,1
im not even gonna watch this,Neutral,1
as long as you are not living in india and you are not an east indian you will be fine,Positive,2
china is probably making this new virus pandemic again ,Neutral,1
viruses like hmpv with flu like symptoms have been around for a long time the fact that researchers are better able to find the variants now due to new bio technology is why they are being identified they were probably thought to be the one flu virus as the symptoms are the same and not life threatening it was after the covid 19 outbreak that more breakthroughs were made in the identifying of variants of multiples viruses you need to test for specific antigens and this probably wasnt done before mind you this is just speculation on my part from what i have gathered from the news,Positive,2
china being china again downplaying everything,Neutral,1
ahmedabad is not the capital gujarat expected better from you guys,Positive,2
inventing diseases themselves and cause people to die,Negative,0
alert alert scam channel spotted,Negative,0
all these news came from this channel and indian post only no one will believe it own made story,Negative,0
still have toilet paper from covid,Neutral,1
fake news i am now in china,Negative,0
lol indian media copyright normal live in china nobody even wear mask indian journalist are funny hmpv alredy found in 2001 in netherlands,Positive,2
western medias did not say a single word about this fever but these fake news channels particularly indian channels make these news tremendously,Negative,0
nothing new under the sun be safe vigilant ,Positive,2
why only indian media reporting this,Neutral,1
people dont learn or people are greedyanother pandemic must control the outbreak or else ,Neutral,1
hope this is a mild outbreak and will not cause any issue but be ready for new outbreaks in the coming years which is going to be common all new world issues like climate change threat which we believed is far away and will not make any issue in our life in our childhood have started troubling in front of our eyes be ready and be prepared for survival,Positive,2
she sits safely and make you panic to make lockdown do not take anxious these fake medias people let you depressed masks will manufucture at the same time sanitaizer may begin stay safe just live hygine and eat healthy foods,Neutral,1
youtube inside a hospital in china india media is trash no hmpv virus in sight real footage,Negative,0
india is as populated aa chinaso spreading probability is high temporarily stopping international flights may be good,Positive,2
dangerousidinan virus pooping on canadian and australian beaches,Neutral,1
every time trump comes around theres an outbreak thats outrageous,Negative,0
close the borders,Neutral,1
palki cannot live without china,Neutral,1
give it a few more months and china will try and say the virus came from the us ,Neutral,1
another agenda another bs,Neutral,1
here we go again same old spit again coughing down the avenue,Neutral,1
i have played these games before ,Positive,2
by the way the so called wuhan virus was created by dr fauci usa,Positive,2
big nothing burger this is normal during the cold winter season there are worse things happening around the world right now ,Negative,0
now this will be a topic for the next 4 yearsfree palestine will be forgotten and people will not protest,Neutral,1
this is also fake,Negative,0
the fog the bird flu and this and who knows what else,Negative,0
suffered hmpv virus couple of weeks ago i sat next to an chinese american in the casino last week  this channel is disgusting spreading false information and old footage,Negative,0
doctors are happy again its means a big business,Positive,2
it is just a viral fever but with alarming proportions,Negative,0
but this time we can manage without lockdowns i guess,Neutral,1
if we dont take precautions like during 2019 and 2020 humanity will get washed out like during 1600 1700 bubonic plague also see 1917 spanish flu those times population was less and cities were not overcrowded so fatalities were less if we dont do social distancing hygiene and avoid overcrowding many people will die now since we have vaccines medicines hospitals everywhere we taken life as granted just go to amazon forest and live for one month then you will know wonders of modern medicine and amenities life is more important than economy happiness and freedom governments are in a very difficult situation in case of elections wars and pandemics,Negative,0
and with that the 2020 season restarts again good night,Positive,2
gandhinagar is the capital of gujarat not amd,Neutral,1
is this a plandemic for it is not pandemic it is the best platform to create fear and fear is the best tool to control the world,Positive,2
are we sure these are new images they look the same possibly recycled news footage,Positive,2
it is media media boosting virusviruses are celebrities now,Positive,2
every winter china has seasonal flu viruses this is a normal virus that is not fatal no one in china cares about this virus life is normal and hospitals are normal this indian journalist is exaggerating the harm of the chinese virus every day causing panic among people why do you waste so much time on false information this is meaningless and stupid and it will only deceive the indians themselves,Negative,0
why earth is overpoulated virus multiple earth ecosystem adapts rebalanced earth minus humans paradise for new species but earth with fewer humans equal to what stable self repairing self mantaing ecosystem,Positive,2
another opportunity for dr fraudci to control the economy again,Positive,2
the rest of us live in a total recall fantasy dystopia to reduce death by unkow virus,Negative,0
in short end to low income peoples dreams of unrestricted travel are gone the global economy will change cyber tourism and video games replace travel to real places unless youre rich enough to meet all health codes and have a private jet plane or mega vaults billionairs on prive sole ownershio island etc just like the 17th and 19th centuries,Positive,2
ahmedabad the capital of gujarat you are a news channel sister,Neutral,1
contact less shopping,Neutral,1
no intercontinental education or intertanment except via books tv movies radio and internet,Negative,0
contact less lifestyle will eventually become mandatory,Positive,2
yes the world is doing 2019 again,Positive,2
breaking covid like 300deadly viruses missing major biosecurity breach in australian lab detail i believe they just found the missing viruses you are welcome,Positive,2
chill down media nobody gives a fuck ,Negative,0
fear mongering spreading fake news,Negative,0
this is orchestrated we said it would come this is bs not making the shot they come up with like a magic trick im traveling and not locking down,Positive,2
not taking the shots fire me not doing it,Negative,0
china again common china you need to repent and god will heal your land,Positive,2
china is doing this again trump needs to go after china and democrats for covid and now this just in time for trump its a plandamic just like before will covid,Positive,2
not good india you having a nasty lying neighbor in china ,Negative,0
is this a sign of distraction becasue of tariifs wars,Negative,0
chinas gift to modern civilization,Positive,2
we need proof from inside china from patients itself not this hearsays,Neutral,1
knew the borders should have been shut but yall wanted an encore so here we go again ,Neutral,1
 if this the truthregisteredregistered millions of indians and chinese will be affected just like covid must be yet another western germ fares ,Positive,2
india confirms first cases of the virus so that indicates hmpv outbreak is start in india,Neutral,1
oh already feeling bored in 2025 waiting for 2026 dont believe this new channel,Negative,0
china will probably say it didnt started from them,Neutral,1
this is fearmongering by indian media news outlets what a shame for firstpost watch dr pal and you will see the truth about this common hmpv virus,Negative,0
dont believe this lies its a common winter dry cough and flue everyone have it here in ne somebody trying to make money,Negative,0
she is so desperate in spreading this news i am a hongkongers and travel a lotto mainland china citizens dont know anything about this so called pandemic only indians are scared not chinese,Negative,0
if people live in fear they are thinking less and omits other thingwe cannot believe anything anymore,Negative,0
again outbreak in china bill gates has been pushing this agenda hard for months right before trump becomes president,Negative,0
first case lol this is a common virus all over the world for ages i dont see why anybody would be surprised when a common occurrence happens,Positive,2
covid 19 is not 5 years back it happened in 2020 we dont need another virus please enough is enough,Positive,2
its is the flu,Negative,0
in the school they put it in the foods,Neutral,1
dirty little elites want to control the world with dirty virus,Negative,0
government is doing this,Neutral,1
hmpv is not a new viruspls report correctlyit did not start in chinaand in china there is normal activitiesnow,Neutral,1
most of the health issues always come from china,Neutral,1
covid was a planned bionuclear war weapon started by greedy governments it was plotted out years and years in advanced they wrote about it billionaires like bill gates talked about it and knew about it its about,Negative,0
why is there no news so this news let us all stay home safe eat sleep and then sleep and eat over here we go again,Positive,2
think people should celebrate as much as possible and mix up those who have strong immunity will save others herd immunity ,Positive,2
god the owner of souls is watching,Positive,2
china releases their lab viruses right before the chinese new year when thousands of their people flock to the us to see relatives just like they did with covid 19,Positive,2
yipwhat goes around comes around ,Neutral,1
namaskaram palki why did vaccines work 60 years ago the vaccines were based on a naturally occurring pathogen which was never modified manipulated or augmented if a particle is synthetic and you vaccinate during an outbreak it will exert extreme downward pressure on your dna causing you to absorb more of the virus you cannot induce a long term immune response because the virus will ensure antibodies from the vaccine will be highly toxic consequently you will become sicker every single year until your immune system is completely broken down in such an instance the only course of action is to do nothing ms sharma if i am creating a virus in a lab i will make sure it will have a 100 correlation to the vaccine you will use to stop it i will already be fully aware of what you will put in the compound of the vaccine bio warfare is extremely laborious it takes a great deal of time effort and energy,Positive,2
 pls not another lockdown oh lord,Positive,2
deja vu the chinahating indian msm and social media are having a field day with chinas mysterious virus lies and propaganda all over again to stoke fear hatred and paranoia against china some of the pictures and video footages are even from the covid era hmpv has been known for decades the rise in viral respiratory cases is consistent with winter like in all temperate countries including the banana republic of america and europe remember that evil thoughts and evil deeds generate bad karma lest india and indians want to undergo another round of national health catastrophe like during its covid delta wave be good,Negative,0
fake news ive been a regular viewer of this channel lost trust in this channel i live in china,Negative,0
stop lying propaganda all the time,Negative,0
wicked world,Negative,0
yet another biological attack by china on the world using the same vectors as 2020,Negative,0
close the airports coming in from china ,Neutral,1
no no no not again_who is cooking these viruses in china,Negative,0
she just double down on her lies hmpv is not new virus it has been around for 60 years india will have problem with prevention india dont want to wash hands,Negative,0
palki its the banglalore virus,Neutral,1
this is just fearmongering from firstpost hmvp not new disease it already known from 2001 and it only have mild and medium symptoms just like ordinary flu it not outbtreak it just seasonal diseases,Neutral,1
bingovirus 03 china 05 hongkong 07 malaysia 09 india up next,Neutral,1
lets give it a nother try who will fall for it this time not me ,Neutral,1
this clown must be working for who and bill gates,Neutral,1
close them up please,Positive,2
omg china won ruin this year again,Neutral,1
praying for all infants children and all affected infected by this terrible respiratory pneumonia infection,Negative,0
small correction gandhinagar is the capital of,Neutral,1
if they do the same as with covid i truely hope people wont be so naive and stupid this time,Negative,0
maybe its not hmpv and something new china virus altogether just covering it up as hmpv because the patients in the video look severely ill,Negative,0
another fear campaignbilly goats is exited i bet,Negative,0
its all bullshit,Negative,0
because of ass government,Negative,0
hmpv my foot,Neutral,1
because its china cant trust if its hpmv no wonder wuxi vaccine company of wuxi biologics is bought by msd they want to profit from vaccines business is down,Negative,0
making something out of nothing indian mediareasons for fearmongering is simplechina named indian landas their ownbuilding a dam at the himalayasrevealing of 6th fighter jetsstate backed media is totally pissed,Negative,0
not another pandemic please im pandemic fatigue i dont think i can go through everything we went through during covid all over again not another pandemic please ,Negative,0
the new virus is called what hemp ,Neutral,1
stop being anti china if its not a new virus how can they be hiding it ,Negative,0
stop eating bats,Negative,0
palki on steroid on making fake news about china again india cant win china on military race so they start making all these fake news about china you can see plenty of india channel making these fake news,Negative,0
palki sharma big lying to us propaganda fake news department because many countries vloger visit china and called theres situations is normal,Negative,0
suspicious we get so many viruses from china,Negative,0
new way of controlling the population,Neutral,1
ultimate results one global government one language smart cities highly surveillanced and one god satan dont fear instead get right with god the creator through jesus christ,Positive,2
and the world shall know pain almighty hmpv,Negative,0
an indian living in china going nuts about indian media reportsshe says chalo dhake kha hai virusshe gets into a hospital its almost desertedlaga tha hai chinese government na sabh ko chupa dhia,Negative,0
it is in jamaica toomi have it,Neutral,1
side note i really like this news presenter p sharma she used to be on wion i wonder why she changed,Positive,2
its not covid,Neutral,1
indians dying from pollution everyday more than car accidents numbawan,Negative,0
as long as people are not harmed and we can work from home  i dont mind the virus,Positive,2
dont trust you any more again because youre selective last week you said china virus but today said already the virus is there since this is big hypocrisy of most of you indians,Negative,0
the world is again in danger help,Negative,0
we cant trust china seal the borders and ban the flights from china,Negative,0
bill gates and his associates caused this again,Neutral,1
dont worry the scientist will get a  ready in two days ,Positive,2
deja vu anyone covid19 started around feb 2020,Neutral,1
is thus news true or fake,Negative,0
its all a game of immunity make your immune system strong do fasting have immunity boosting foods drink green tea,Positive,2
this time im not getting any vaccines my health has gotten worse after i got the vaccine i never got covid,Negative,0
maam you are a reputed news anchor its a humble request not to inflame rumours which are baseless i quote from the hindu that the reason for heightened cases is the fact that testing has been increased also by making such clickbait titles you are just creating what we do not need more panic,Positive,2
idc i have played this game once,Positive,2
keep cash in hand incase the market falls,Positive,2
in 2020 who world health organization did not have full all the information from china on time ,Neutral,1
many youtubes including indians have posted videos debuking this fat lie,Neutral,1
of course they are going to wait until it spreads around the world and then announce a lockdown,Neutral,1
someone ate some  bat soup again ,Neutral,1
cases and lets panic ,Negative,0
sure just in time for trump why dont they investigate why this always starts in china,Positive,2
ccp china has police stations placed all over the world in major cities they are ground zero for these virus releases,Neutral,1
is already in ,Neutral,1
we are not doing this again,Neutral,1
 government is just chilling,Neutral,1
this is great news calling all travelers we need to speed this up i miss the pandemic,Positive,2
fake news hai,Negative,0
ask illuminati for its aids,Neutral,1
paid media is spreading the virus,Neutral,1
hmpv virus in china should we be worried about another pandemic,Negative,0
they shouldnt make same mistakes again please close all airports and develop an effective vaccine to safe peoples lives,Positive,2
palki is back with flashback of 4 yearschinese hakka,Neutral,1
india lies about china again,Negative,0
you know since its about china this channel gets excited,Positive,2
this fake news has been debunked seems only indiots took the rumour and ran with it,Negative,0
am beginning to see a pattern here that i am not so sure i like,Negative,0
always has to start in china made in china,Neutral,1
bet communist china already has developed a vaccine ready to be sold to countries who wish to buy what a racket,Positive,2
we all know the usa is creating this artificial man made viruses ofcourse they will release it china to slow down their economy and india is right beside it as well they can slow down china and indias economy its a biological weapon,Positive,2
am praying we dont have another lockdown,Positive,2
pls dont bring these nonsense to africa,Positive,2
you need to stop spreading panic for views this woman have some issues with china,Negative,0
seasonal influenza has traditionally been referred to as _asian flu_ with its dense population and climate conducive to incubation of the virus that is where it always begins that is not going to change,Neutral,1
cheap bharat bollywood woman come with lying about virus china is safe everytime she talk about if it goes about china you are lying flu is something that has been around for a long time she and her team just want to accused our china everyday they open there eyes or wakes up iam sure you take breath or breathing away for 14 billion people ok put it for about 20 chinese you take breathing away because not so many watch your show that is why we are getting sick of your talking and taking our or the air people are getting to breathe you make us asthmatic because of your talk about china and you dare to talk about hmpv which is of chinese origin not true people need to get personally with you let china be go talk about others countries around the world so many more you can talk about prophet of the doom decors or scenery maybe you have glossophobie and when you talk about china you feel better because you want to strangle people in china i do not know but let us breathe please,Negative,0
cant trust media all are agenda based news i guess all the big hospitals bribe heavily on the news channel to make people panic and come to hospitals,Negative,0
iam sick of this country china what are they doing there,Negative,0
what a bs this is,Neutral,1
please put lockdown in schools and colleges,Positive,2
why china again china should stop their virus madness,Negative,0
the sustainability of hmpv can only be ascertained post winters,Neutral,1
its like a world cup for diseases and so called pandemic every 45 years lol,Positive,2
its not a new virus,Neutral,1
this isnt a new virus its been around but its crazy how large the outbreaks are,Negative,0
so its the flu oh my gosh its the fluuuuuu nooooooooooo,Negative,0
what a terrible accent makes you want to mute it,Negative,0
palki sharma is the super weapon of indian indian should have 10 more palki sharma then indian will be the superpower,Positive,2
just only influenza in winter dont worry about it air pollution and water pollution in endia is more danger,Negative,0
spreading fake video during covid times,Negative,0
modern medicine has failed virus break where is ai ai is so smart but i cant find a cure man made by fouchi and his buddies,Neutral,1
at this point im tired,Negative,0
this is bulls__t trump wants to give phfzer another contract to make money for himself again i can almost guarantee that phfzer end up with cure to this new outbreak,Positive,2
meri china ki ticket booked hai ,Neutral,1
chinese will never ever give the data of the virus they have to be isolated internationally,Negative,0
just drink herbs shut the noise,Neutral,1
well china got away with the covid 19 virus is time to hold china liable for this new outbreak,Positive,2
so the world is supposed to fall for this one just like they did with  the media will push this until shutdown is implemented everywhere,Positive,2
2020 here we go again,Neutral,1
god save the world,Positive,2
oxygen label not virus because commercial media and medicine always hide truth to multiply their profit share holder are same,Positive,2
okay so china one might not be simple hmpv god save everybody ,Positive,2
amazing now i dont have mental capacity to withstand another lockdown  here in delhi,Positive,2
china gives product for free then charges for support,Positive,2
paid media doing fear mongering,Negative,0
did they eat bats again or egg boiled in babys urine,Neutral,1
scale of patients inflow in the hospital is what everyone should fear simple ventilation bed will be a golden seat for every infected patients if cases surge high,Negative,0
from where do these new viruses come where do they disappear,Negative,0
everyday in india 12 dalit girls are raped by the upper caste but palki sharma will never talk about it,Negative,0
all of these viruses are manufactured,Neutral,1
hope no lockdown,Positive,2
     people started again trump is coming again a new weapon stop this bullshit may god take you away these,Negative,0
what did they eat this time ,Neutral,1
sham reporter are you readying up your paid off mouth to cuss us out to take what they are going to want to give us for it bout anti vaxxers,Negative,0
were not going into lockdown again dont even think of it governments,Neutral,1
human metapneumovirus has hmpv been around since 1958 why was it taken lightly in 2001 according to the us centers for disease control and prevention cdc this virus first identified in 2001 has existed on earth for 66 years experts suggest that going by serological evidence the virus has been circulating since at least 1958,Neutral,1
palki ahmedabad is not the capital of gujarat 132 love your work anyways copyright,Positive,2
shindwe chaitan,Neutral,1
china gives product free for spreading then charges for support,Positive,2
132 ahmedabad is not the capital of gujaratits gandhinagar,Neutral,1
any negative comment is being deleted automatically,Negative,0
tq namaste mam pal  use sanitizer mask maintain distence drink organic lemon neem honey tulasi ginger juice  unani,Neutral,1
we dnt believe this anymore,Neutral,1
some companies give free and charge for subscription china every few years gives  free and sells copyright,Positive,2
please stop this fake scam news we know its fake,Negative,0
wonder why only indian media is covering this newsno other news channel from any part of the world has any clue about this virus,Neutral,1
another virus caused by government ,Neutral,1
we restarting this games campaign guys,Neutral,1
chinese gotta learn this from youtube channel,Neutral,1
covid 2 the diseasquel gonna be crazy dude,Negative,0
 i did not believe it then im not believing it now mainstream media is not to be trust,Negative,0
have played this game before,Positive,2
we know what happened five years ago what should we do,Neutral,1
at least this one is more beautiful than corona cell design,Positive,2
thank you mr obalar on youtube i recover back my health after using the medication you sent to me keep saving lives sir,Positive,2
first covid19 now hmpv,Neutral,1
we played these games before,Positive,2
not before 10 million will die who will give its final verdit its dangerous,Negative,0
nothing to worry about says who or now known as wuhan health organisation,Positive,2
love all of you guys in the comment section ,Positive,2
me who survived the 2020 pandemic ive played this games before,Positive,2
just got this after going to the dmv and someone was coughing,Neutral,1
wow their saying its been around for years first here about it hmmmmm,Positive,2
the biggest virus is the fake mainstream media,Negative,0
how convenient just before chinese new year again  thousands flock and then bring it back all over world to the rest of us very clever,Positive,2
018 they said the same thing about covid when it was still in the rumor mill then it was 1 confirmed case in the us then 7 then 50 the who clearly cannot be take at their word,Positive,2
risk is low same initial news for covid lets wait and see experts were saying the same before covid lol,Negative,0
hey ive seen this one before this ones a classic,Neutral,1
top 5 pandemics that killed the most cholera pandemics 1817 to 1824 started in india registered black death 1347 to 1351 started in europe influenza 1918 started in north america   swine flu 2009 mexicous   aids 1981 usa  ,Negative,0
yes lock everything down hate going into work,Negative,0
its good to know everyone here has the same opinions  i dont buy their statements any more,Positive,2
literally the same as covid yet they shut down everything and caused all the issues were facing today,Neutral,1
bill gates owns the united nations almost a billion a year comes from the gates foundation the head of the who wants to become the world goverment and to kill at least one third of the worlds population to make it happen,Negative,0
after covid does anybody really believe what china has to say about their infection rates,Neutral,1
its fake but im sure the non cowardly will line up again,Negative,0
 caused covid and now this hmmmm ,Neutral,1
always starting in china smh,Negative,0
who believes china is that a joke,Positive,2
if its normal and expected to see and resolves on its own why a big news mention,Positive,2
what is it going to take for global to stop fear mongering,Negative,0
huh gotta get tested i was sick with a cold before the christmas break and then it came back about 5 days ago,Negative,0
mild resolves itself on its own why are we talking about it,Positive,2
if its a mild cold then why even report on it whats the deal,Neutral,1
hmpv is not a new virus,Neutral,1
oh no here we go again why is ground zero always china and these doctors are all saying the same thing when covid hit which is nothing,Negative,0
hmpv was first identified in 2001 in the netherlands not china,Neutral,1
as long as winnipegs biolab does not keep on inventing deadly viruses canadians will be fine,Positive,2
its the v,Neutral,1
just mother nature fighting back the great titan gaia against the plague of locusts consumers on her back,Positive,2
another lock downanother forced vaccination by the liberal regime,Negative,0
winnie the flu didnt come from bat stew,Negative,0
this time around can all the convoy members and their sympathizers head to alberta and stay there whatever they want to do whether its hugging and kissing each other no masks no social distancing injecting bleach whatever great idea they have its all good but they must stay within albertas borders until then pandemic is over lets see how the experiment goes,Positive,2
oh extreme far left global is following its far left orders,Neutral,1
who is corrupt,Neutral,1
you should make a comparison with number of americans die from flu every year,Negative,0
then why even bother annouce it,Negative,0
thought we were ditching the who did the liberals send them more cash too,Neutral,1
the who is not a reliable source as we found out from covid,Neutral,1
we should be more worried about viral infections coming from the us,Negative,0
look at all the viruses popping up in the news now that trump is set to take office ,Neutral,1
think ive seen this before,Neutral,1
dont go to china,Neutral,1
nobody cares,Positive,2
then stop the known largest human annual chinese ingathering the lunar new year that is how wuhan spread covid 19 knowingly intentionally using the lny ingathering of the diaspora and letting them go back to all parts of the world,Negative,0
oh here we go again too late nobody trusts a word you say,Positive,2
but what about taylor swift,Positive,2
we do not care whatsoever,Negative,0
ive seen more skilled chinese drivers than global news journalists,Neutral,1
if it wasnt a problem then why 2 weeks of being down sicker than a dog this round,Positive,2
overpopulation causes diseases,Neutral,1
if its not a problem why is this news,Positive,2
thats a very big project which is aimed to decrease lower grade population from earth,Negative,0
well they got to try and stop trump somehow,Neutral,1
not me watching this having cold right now,Neutral,1
work from home supporters are happy ,Positive,2
cannot trust xhina,Negative,0
mpv is a 20 year old virus but if xhina has modified it like wuhn virus then its a different ball game,Positive,2
please keep this in china since if this spreads it will finish us all off,Positive,2
what a way to start the year,Neutral,1
they want to rise newworld order in actionreceive jesus christ guysstop practicing religion but spirituality through holy bible,Neutral,1
last year of world ,Neutral,1
well they got away with it last time so here we go again i guess,Positive,2
i wouldnt bother reading the goat headers guide to the galaxy god wasnt available for comment,Positive,2
u mean the indian virus the smell is so i cant the hygiene o no and trump wins so if ever theres a possibility of second pandemic,Positive,2
stop travel with china,Negative,0
women you are beautiful marry me,Positive,2
shut down all traffic to china,Neutral,1
a big nothing burger this is normal during the cold winter season there are worse things happening in the world right now,Negative,0
they spreading it to cause more lockdowns gates laughing at everyone and nothing anyone can do,Positive,2
bruh after wasting 2 year at home i was able to finally get freedom not again,Positive,2
this is starting to bore me,Negative,0
china uses its own to spread any virus that they create with other creators timing is everything for them it helps the ccp in major ways goods could be contaminated coming from there how much fid they profit from the last outbreak,Positive,2
well its wanted,Positive,2
thank you china we love you,Positive,2
india suffered from a disease call badmouthing,Negative,0
is this seers virus ,Neutral,1
a common coldis the video showing the hospital with many patients verified,Neutral,1
please god,Positive,2
not for this time china,Neutral,1
test the airquality there cant hear the sh,Neutral,1
to the stock market boys,Neutral,1
not a mystery virus at all it has been around for over 60 years and was only identified around 20 years i the us also saw an increase in hmpv cases in april of last year it is has a slow growth rate and has nonspecific symptoms and there is no specific vaccine for it as per the us cdc the mortality rate from the virus is very low to non existent the uk has over 5k people admitted to hospital in novdec with around 200 in critical care,Positive,2
just like clockwork quarantine the country amazing how this just happens to occur when the world is tired of china,Positive,2
this cant be real ,Neutral,1
china making new virus to help their economy simple more virus means more hospital supplies like mask syringe 90 made in china products,Positive,2
here we go again wth stop any travel to china,Negative,0
they have the camps ready,Positive,2
omgosh more bs to get more jabs into people complete rubbish,Neutral,1
who ate bat soup now suddenly china is the birth place of deadly virus that spread out quick that is no coincidence,Negative,0
xis going down and taking everyone with him,Neutral,1
again end of life on earth we are exhausted of kovid 19how we will handle thisgod help take us,Positive,2
shut down all airport china no in are out stop all ships too new year this cant happen like in 2019 need to act fast before it is to late again ,Negative,0
its all made by humans to earn a lot from providing medication,Neutral,1
the only ones who should be worried are the vaccinated as their immune systems are compromised unfortunately,Negative,0
its cold and fucking flu,Negative,0
sure they do,Positive,2
everyone gonna freak out and go buy all the toilet paper again that sure helped 5 years ago,Negative,0
injections of mrna also weaken ones immune system accelerate cancers,Negative,0
at least it will stay in china now they are still stuck in covid lockdowns,Negative,0
there they go again misspelling biowarfare attack why are people so stupid,Negative,0
cant wait to get an experimental vaccine in 4 months that has weird nasty side effects that everyone ignores again,Negative,0
yess yesss this is what i wanted,Neutral,1
o m g thats cary not again chinese are trying to kill out the hold world like they think their are god and the will have the whole world let them try god going to dealed with them,Neutral,1
everything is made in china also the virus,Neutral,1
the most important question was not asked what is the death rate of this virus,Negative,0
whenever trump comes it comes with virus in chaina,Neutral,1
its not only china thousands of people in europe uk usa report same symptoms its just that medical centres and doctors offices describe it as  the flu ,Negative,0
we are in the last days only we need to look to the one who create the universehe is the one who will protect us he will hide us under his wings,Positive,2
china why why always china ,Neutral,1
i played this game before,Positive,2
ban travel to and from china this time around immediately no exceptions learn from the past mistakes,Negative,0
looks like someone really wants to stop china from becoming a super power by hook or by crook unfortunately for them plan acovid19 went haywire,Positive,2
how sad v could not take lessons given to us by covid 19 countries could not keep peace after covid 19 v humans want to destroy others though wars or battles not knowing that all would die some day our motto should b live let live lets learn to save environment by not creating air pollution which is deadly,Negative,0
all countries should block china,Negative,0
world health organization you investigate and force china to give details of this issue move now or it will be too late again,Neutral,1
someone is playing plague inc thats the problem,Negative,0
what is this every time trump is ready to slap tarrifs on china they release a new contagion on the world,Neutral,1
the should isolate china from other countries so stop the flights now from coming to everyone else and deal with it internally because we dont want a pandemic come on man or if you have to leave the country before you leave the country you have to be quarantined and then leave the country china,Negative,0
stop travel to china and stop chinese if anyone came back from china,Negative,0
last one was on trump now that trump is back again it must be trumps fault even when this happens close to type 5 labs in a country unable to have any semblance of health security,Negative,0
we cant let the world go through what is the the last epidemic shut down china now no plans no bolts in and out complete lockdown,Negative,0
indian government should stop people entering india front china if they dont then we may go back to 2020,Negative,0
stop all this crap please they also talked about birdflu in december money making no vaccines in my body,Negative,0
dont take the shots,Neutral,1
just in time lmaooo,Neutral,1
it doesnt interested me no more,Negative,0
its here been sick for five weeks on and off coughshortness of breath bronchitis be careful,Negative,0
it will mutate into something much worse,Negative,0
wait ive seen this movie before,Neutral,1
china is the gift that keeps on giving,Positive,2
how you conquer the world in modern day build a strong military then send a 2nd virus to the world,Positive,2
of course they do why wouldnt they trump is coming back to the white house so why wouldnt that happen,Neutral,1
is this s joke,Positive,2
this channel is fraud dont fall for there crap,Negative,0
all because trump won,Positive,2
who could believe  we re not dumb,Positive,2
we got covid v2 before gta 6,Neutral,1
oh no  unlike corona and flu there is no vaccine let me roll up my sleeves now please pfizer save me ill rely on my own natural immunity after covid i dont fall for these scare tactics,Negative,0
here we go again here it is the next trump disaster finally the end of the world at last whats it going to be this time will will the loser do the right thing or is it going to make its way into the states could viruses dont have racial jurisdictions its a virus just like every idiot that voted for this loser again,Negative,0
bill gates predicted we might face another virus in 2025 isnt it remarkable how accurately he seems to foresee these events it almost feels deliberate to some extent,Negative,0
stop all country buying chinese product,Negative,0
the virus is on the way to india flying very fast india get ready for it,Positive,2
now which animal did they eat,Neutral,1
why the virus always start to china,Neutral,1
mark of the beast will be used against it thy will lie to that you a chip  so we csn monitor the virus ,Neutral,1
we are not scared this time,Positive,2
a new pandemie from china,Neutral,1
have you guys discuss the norovirus outbreak in usa,Neutral,1
made in china ,Neutral,1
so is it real or not i dont see any chinese domestic news report this virus,Neutral,1
the way she reads the news is terrible,Negative,0
as a chinese i need to watch indian report to know what happened to our national health i am too busy preparing final exam to notice this incident,Neutral,1
right now im in china but i havent seen anything in my city or heard anything yet,Neutral,1
thank you take care and god bless ps how is the mortality rate estimated to be please,Positive,2
ah another blackrock robbery,Neutral,1
bill gates give the orders and money soros all so she want only 2 billuons people life of this planet look the book great reset klaus schwab,Positive,2
and then the essential oil community woth start withh their bs again to make money,Neutral,1
how do you know this in 3days ago,Neutral,1
china must lock down immediately rather than spread all over the world,Neutral,1
oh boy here we go again lockdown number 2this is a nightmare my whole family is sick i have the strongest immune system but feel nausea and with a headache for 2 days everyone else is much worse than me a lot of people at work are also sick,Negative,0
shut airports down now asap,Neutral,1
this is a bit convenient for this to happen again wierd fog in the usa city leaving a white substance on the ground and people are feeling sick its not snow,Negative,0
shut down airports now registered start making vaccines now,Neutral,1
nice bollywood scriptonly india is reporting it at the behest of modi government,Positive,2
what the hell is wrong with these chinese scientists shut down all chinese ports nonsense,Negative,0
what a bullshit,Negative,0
wot not is can be created and thats happening,Positive,2
are we really that stupid that they think we all are idiots,Negative,0
they should be quarantined including their export goods until investigation,Neutral,1
 just in time for trumps presidency,Neutral,1
 s o s they have some viruses from the lab again and are throwing them at us so that we believe their lies again they are playing with our lives and health,Negative,0
did she say taiwan or taivan,Neutral,1
ah nice we will get new restrictions lockdowns and compulsory vaccination soon and a few people will earn a lot money again ,Positive,2
broo we got gift by china again,Positive,2
every winter in china this happens nothing of concern,Neutral,1
there is no vaccine for influenzer or corvid,Negative,0
this is really ridiculousyou mean these diseases are just happening randomly god step into mankinds wicked heart and set us on a new path,Negative,0
man what a way to start the new year huh,Neutral,1
xi got instructions from deep state to do so,Neutral,1
uuunew showregistered,Neutral,1
lock down starting,Neutral,1
they just change the name thats still covid,Neutral,1
world countries need to ban china airline and tourism business,Negative,0
the american congres published an edifying and frightening report about the covid crisis and its been made by both democrats and republicans so no one can accuse it of being biased the globalists want to do it again it is so profitable for bill and its fellows but now that a lot of people have understood what are the purposes and how the population has been used as guinea pigs the opposition will be much stronger and this may be the end of these crooked leaders,Negative,0
come on guys everyone knows your channel is against china you can do better at least china control its population growth,Positive,2
now we all know what this new virus is going to work every symptom is the same as with covid and where it first was no problem its not going that fast i expect that this one is coming halfway through 2025 up to the end of 2025 no vaccine is there so we know this new virus is there so start building a vaccine for it i even think that when all the symtoms are the same the first covid vaccine will work because it didnt protected but just helped to stay out of the hospital the main questions why is there a new virus in china again and has the same symptoms as covid it shows it is manmade who is doing this who is ordering this i bet that its even coming from wuhan the same institute that brought covid why isnt it closed only one answer to this money,Negative,0
block anyone from going in or out in china please authorities and leaders please think wisely if you keep on letting people go in or out in china it will effect other countries for god sakes many people will die its just the start of 2025 do something and think wisely put china in lockdown and cancel any flights so it wont spread you said theres no vaccine yet so think and let the country go into lockdown so many lives depends on you have responsibilities and do something your people are in danger your people are dying those innocent kids,Negative,0
we are not doing this shit gameshow of china again,Negative,0
in order for this not to spread any further kindly ban all flights from and to china not only fromto india but other countries as well take all possible precautions and be vigilant we cant be as ignorant as we were back during covid the future is very obscure and now is the time to take an action before things worsen,Positive,2
one day china dragged us all into chaos,Negative,0
congratulations ,Positive,2
they are tampering with these microbes trying to use them for warfare why else wud it leak like this,Negative,0
lets go season 2 ,Neutral,1
how many patients,Neutral,1
bs usa created the 2019 scam,Negative,0
its from usa,Neutral,1
 here we go again i will not comply ,Neutral,1
china ffs stop manufacturing viruses already its not funny anymore,Negative,0
also displaying their new b2 bomber,Neutral,1
lying lying and lying america is creating viruses to kill us lol ,Negative,0
only extremely idiotic people believe anything any government or establishment tells them,Negative,0
its media fear mongering because trump will be president this is total bs its flu season dah stop the fear mongering we arent buying it this time,Negative,0
m already 32 and unmarried if we are to stay at home again i dont care who you are contact me ans we will get married,Negative,0
another pandemic no more of this china nambawan,Negative,0
i dont know why i feel this way but i feel that all of these are manmade solutions to address oldage problems,Negative,0
are they making bio weapons against india and the us allies,Negative,0
they kill their own people for expirement,Negative,0
we are back in the game,Neutral,1
theyll start again china is cursed,Neutral,1
guys i have all these symptoms,Neutral,1
352 tf you mean theres is one major difference we didnt have a vaccine for covid19 either,Neutral,1
thats the reason why china economy growing fast total world fight with new viruses in this gap china exports raw material for medicine with two viruses extra ,Negative,0
guya is a hoax fo justify the tariff don9be stupid blame china if this doesnt work martial law they are weak need to revroup and reset im not suicidal,Negative,0
oh noooo oh noo who would have thought oh my  ,Neutral,1
chinas responsibility for hmpv outbreak,Neutral,1
every border for every country should be shut to travelers if not shut our borders as long as it takes until it is gone two things are for sure covid was not bs or some common cold it killed many of our loved ones who would still be here today secondly we cant afford to have to shut down again that was handled terribly people will just refuse and it will explode and kill a ton of people just close the countries doors,Negative,0
all countries should ban all flights from china till they close all their viral labs why chinese people let them do this to them,Negative,0
china wants money  through virus drama,Neutral,1
those scientist in china work for the darkside making new viruses all the time and release it on to their own people who else is wondering how long it will be before they send it here since many of our items come from china while thats going on we should not receive anything from them here sorry even the people from there until its clean but i got to im not surprised by it because the enemy is against trump so they hope they can start up another virus with their darkside friends here to blame trump again in hopes to separate all of us again and take the poison jab and stay in our homes i didnt do it before and i wont do it now because im sooo done with these wanta be push button controllers and i have no doubt there are many others that feel the same way,Negative,0
even if there is a vaccine i will never take it made a huge mistake by ptaking the covid vaccine,Neutral,1
this is chinas war on the west new viruses instead of starting a real war they know they cant win,Negative,0
china loves to claim almost everything except their viruses let it spread first before confirming it came from china,Positive,2
time to hoard everything,Neutral,1
pandemic is always a plan,Neutral,1
fear feeds the demon thats what they like to instill fear to peoplethats why all people must trust jesus christ surrender everuthing to jesus christ and take away all fears bout that,Negative,0
bill gates is a antichrist who creating this virus for money,Positive,2
new product facemask from chinaa,Neutral,1
spreadding fear wil not help,Negative,0
these outbreaks made them rich,Positive,2
earth virus season 2,Neutral,1
well i go back to the bunk remember to stock up on food and water an lots of toilet paper ,Positive,2
all these so call deep state americans ways spreading koas making money farmasutical military,Neutral,1
dont let the chinese or anyone traveling there into the us,Neutral,1
what the heck is this real,Neutral,1
oh not again just after the new year again we know this is planned like last time it the un and wef plan to shut us fiwn again and its china again we stop every one in china now not to leave there,Positive,2
will it be world lockdown like in 2020,Positive,2
yes another lockdown i hope,Positive,2
lol again who you think is beliving anymore,Positive,2
this is false news in china the virus is happening but indian people are reporting and spreading the news,Neutral,1
who would have thunk itjanuary flu,Negative,0
such a lies just to control people again were not idiot anymore knowing that chinese governmemt is in chill because it has something to help the economy while other would be suffer and has agenda to divert theyre issue in taiwan territorial claim,Negative,0
how convenientright during the chinese new yearmillions of chinese have gone home to get sick and come back to a city near you,Negative,0
quarantine them off from the rest of the world,Neutral,1
china said isolated the virus what happen was the lucked people in their own home to de,Positive,2
biological weapon,Negative,0
unless this is announced by the world health organization only then will i believe it thats when i will take the potential of this virus seriously,Negative,0
china trying to create a biological weapon but something wong,Neutral,1
other countries should apply preventive and safety measures immediately before it spreads worldwide,Positive,2
stop  china to entry in india stop visa in embecy,Negative,0
another export coming ,Neutral,1
stop the experiment on people please population control is there major objective,Neutral,1
this will spread again through parcels just like before ,Positive,2
i guarantee all the chinese in california are going to bring the virus here damn,Negative,0
the governments are the virus,Neutral,1
why dont people read the bible it says their were be plaques in one place or another people please read matthew 24 it will tell you that we our living in the last days jesus told his his diceples when you see these all of these signs the end is near,Positive,2
sharma poor you if you no worth while indian news dont ape the west to give smear narratives i think you have caught the virus by the way you report,Negative,0
the perpetually crisisin perpetuity,Neutral,1
dont have eney thing to do with having children its over humans are fucked,Negative,0
if it worked the first time they definitely wont let the good crisis go wasted buckle up world i hope some of you are smarter now god bless,Positive,2
another clown show dont let them spread the panic,Negative,0
another bs ,Neutral,1
interesting the comments are being hidden,Positive,2
china just cannot stop producing and producing virus to the world can it,Positive,2
im not surprised if the zombie virus outbreak will emerge in china china has been infamously known as the origin place of many diseases that spread all over the world even in long time ago the black death in middle ages and the covid19 in 2020 and now hmpv ,Negative,0
has the us nato exported these viruses to china china can reexport them,Neutral,1
damn we came back to square one,Negative,0
its called biological warfare,Negative,0
looking for a bininangkal recipe in the comments section,Neutral,1
keep it china for our work from home,Neutral,1
 the temps in nchina are freezing upto 29c,Negative,0
tired of you guys and your wickednessmay god have mercy on us,Positive,2
but these foolish chinese who has bewitched them,Negative,0
strategy to promote untested vaccines,Positive,2
raise the alarm ban them from leaving their country in and out so it will not spread but dont forget to help them,Negative,0
lock china down now dont allow travel in or out the governments should be held to account on these matters,Negative,0
how concerning is it that you still think vaccines are the solution,Positive,2
awfully convenient for the ccp during the several uprisings sounds awfully similar to the chain of events that started with covid not at all surprising the only country to use chemical warfare outside of nazigermany would have two outbreaks of a virus within 10 years ,Negative,0
money virus and will surely affect the whole world,Positive,2
lets hope the people are smarter this time they tried monkey pox twice and the people didnt buy itif this is another scam and doctors and good science dont stand upit could be the end of the already loss of confidence in the medical system,Positive,2
again right on trump presidency something is fishy here,Neutral,1
china is at it again lmao they need to go they always cause global shit and them president is stoooopid af,Positive,2
if viruss are not treatable with antibioticswhy are people flooding into emergency depts at hospitals or doctors offices thats the worst thing to do alsowhat a strange coincidence that china once again at the cusp of the new year is brewing another pandemic just like 201920 whats the common thread trumps presidency,Negative,0
why are these people manufactur disease too isnt the technology enough for them,Neutral,1
the democrats revemge,Neutral,1
old product new package nothing to worry about  no vaccine but there will soon be one rapidly developed ,Neutral,1
some rich philantropist predicted the next pandemic to be in 2025 ,Positive,2
and theeen they will blame it again to the united states to cover their asses and lessen their shame keep it in china this time,Negative,0
china has always been a bully now another virus that costs peoples lives,Negative,0
bullshit againstay strong and focused on the right values,Positive,2
money business beware,Neutral,1
everytime trump became president there is a virus,Neutral,1
if this virus breakout from china then entire world should ban china in entering other countries and its exports of products to world and strict rules should be implemented specially for chinese country public specially at all international airport,Negative,0
solotion for over population of country,Neutral,1
i think america spy release this action in china i dnt think that china is crazy like that again,Neutral,1
missiles may miss but virus,Negative,0
see one lie is like a spider with only 4 lags the spider it can run and still lie but would you trust a spider with all its lags,Positive,2
china is the best,Positive,2
great,Positive,2
i find it interesting that an overpopulated country yet again has a virus that affects primarily the old and the weak i would almost think that this is by design here we have a country that has no real plan to take care of its ageing citizens and free healthcare how does a country the size of china afford to take care of them the answer they dont they dont have a plan and so here we go again get ride of them and then they arent a problem,Positive,2
at this point this is just terrorism,Negative,0
more plandemics ,Neutral,1
its product of communism as usual because chinas government is communist designed to destroy the west,Negative,0
any chance that this outbreak is in the vicinity of a research lab,Positive,2
i lost my parents because of covid please no not again,Negative,0
i graduated high school online and now theres a possibility of me graduating college online,Neutral,1
ban all chinese entering the other country,Negative,0
looks like china unleashed its new bioweapon,Positive,2
here we go again no country should open for chinese tourists to avoid outbreaks,Negative,0
plandemic again but any way we are the in the last days jesus predicts all this pestilence famine war etc folks get right with god,Negative,0
none of these can stop the time,Negative,0
china has been prepping for war for over 3 decades now thats over 30 years when is anyone going to realize and admit that theyre already doing a bio war right now in prep fot the real thing it significantly weakens societies to have to recover from the consequences from it no matter if its economically socially etc for some reason all the respiratory viruses start there someone is having fun playing creator in a lab,Negative,0
i think chinas is now using biological warfare to get the world to its knees first covid19 then this crap,Negative,0
these elite lizards are at it again but this time they have pushed us too far only the stupid ones will fall for this one again,Negative,0
a well prepared plan to stop donald trump presidency as simple as that democrats and china planned this to sabotage the world against donald trump,Negative,0
i hope all country learn from covid 19,Positive,2
bird virus are coming pitty normal not dangerous the healthy body can make it not productieve but afther all the covid vaccinaties are this virus more dangerous,Positive,2
 its not a mysterie they know,Neutral,1
this evil plan was known a new virus,Negative,0
which laboratory was it made in,Neutral,1
china is being punished because of their greed,Negative,0
its business as usual to make huge profit by selling vaccines,Positive,2
this virus from bird hmpv hmpv was first described in 2001 by researchers in the netherlands,Neutral,1
banned all chinese,Negative,0
china virus factory,Neutral,1
season 2 is coming ,Neutral,1
my god china always causing trouble,Negative,0
close down air travel coming from china from here on out because thats what happened last time just in time for the chinese new year they traveled all over and carried it to the world restrict their travel again before january 29th same shit different day,Negative,0
i cant fully understand her ,Neutral,1
thank you for sharing this awareness,Positive,2
who wants to be vaxed,Neutral,1
ill be honest my family and i few people at work got similar symptoms in beginning of november the thing that stood out the most was that stupid cough,Negative,0
gee where did we see this garbage before would ivermectine help eat well and take care of yourself just like last time,Positive,2
the reason for this virus outbreak is money and reducing population stop with the bullshit,Negative,0
spuid chinese people,Neutral,1
your toxic curries is the cause of worldwide outbreaks,Neutral,1
billions of dollars invested in messing around with these viruses in labs injecting hundreds of millions of people with these high tech unknown shots and we are having some of the worst outbreaks in human history coincidence,Negative,0
an intelligent move by china using a biological weapon to collapse every countries economy for the second time,Negative,0
another start of the war on health not,Negative,0
no way i searched it on google and its originated from birds maybe they get it from eating any creatures,Negative,0
lock down china from travelling,Neutral,1
they always create virus block them to travel,Negative,0
covid 2025 vaccine ready before the outbreak,Positive,2
wtf china tama na copyright how i gonna grow as a adult mental and physically and socially if theres upcoming quarantine,Negative,0
they probably created that in a lab and infected their population on purpose,Negative,0
covid 9000 lets go round 2,Neutral,1
western bioweapon as soon as the west turns its attention to china suddenly china becomes pandoras box things that make you go hmmmmmmmm,Neutral,1
not a surprise at all as usual it is made in china,Negative,0
china has always been a breeding pot for new and existing viruses its nothing new to anyone but im also not surprised by the timing of this new virus too,Negative,0
this is there war weapon now that trump is president,Negative,0
nothing mysterious about a virus in the filthiest place on earth,Neutral,1
another plandemic fear mongering again,Negative,0
covid 19 season 2 zombie edition,Neutral,1
covid quarantine monday 2025 philippines singapore malaysia thailand vietnam taiwan south korea india pakistan kuwait qatar egypt south africa canada usa mexico,Neutral,1
yep plandemic 2 the sequel wonder how many will fall for it this time round wonder if the flu will disappear again,Negative,0
lets go again i dont mind staying at home over this,Neutral,1
i guess we commoners need to go and check that wuhan lab now if our govt aint doing anything and restrict chinese coming to our nation dont serve flew them away,Negative,0
chinese are not hygienic thats why tskkkkkk ,Neutral,1
lockdown youre country or dont leave youre contry simple,Neutral,1
here we go again china ccp spreading its virus ,Neutral,1
right on time for trump just like the ghoul frankenstein peter hotez said time to handle these plotters,Positive,2
quick shut down trump from becoming president by shutting down the world again theres only a few days left,Neutral,1
ita already around now people dying of pneumonia and if they survive there ill for up to 3 weeks longer the illuminati at work again,Negative,0
his was alreadt predicted by the simpsons what on earth is happening why is simpsons keeps on predicting what will happen in the future,Neutral,1
if they have that they can block their ports and airways then,Negative,0
china needs to shut there borders or is the epicenter came from,Neutral,1
this is the new world war 3,Negative,0
these viruses are being engineered for warfare stop all flights from china into america and other countries,Negative,0
ban travel from china immediately,Negative,0
if trump didnt win this would have never shown up,Negative,0
i dont trust the cdc who or mass media as they are all criminals,Negative,0
nope were not gonna do it again,Neutral,1
funny the second trump gets in they release another outbreak not a coincidence,Positive,2
oh my gosh its a cold ,Neutral,1
 why a new covid ,Neutral,1
they really love testing their own people,Positive,2
they should close there borders and keep the virus to themselves,Neutral,1
this is already here in ontario canada everyone i know has this right now,Neutral,1
chinese doesnt really learn that bats arent food for people u mofkrs,Neutral,1
they must stop eating rubbish registered,Negative,0
if its such a mysteryhow do yall know about it sure this wasnt developed in india,Positive,2
climate change scientists had warned the world that viruses and bacteria would get stronger and constant with climate change we have to reduce the global temperature by 15 degrees,Positive,2
wuhan are trying this again,Neutral,1
the year just started ,Neutral,1
they didnt kill enough people with covid 19 so now they made a super virus wich can make the whole world in lockdown and proubly scare most people to take a vacine the hurry to make wich will be like the covid 19 vaccine a vaccine should be tested atleast 12 years before they start giving people this mixture of who knows,Positive,2
is the deadliest covid is covid19,Neutral,1
china couldnt take over the world but a simple virus can,Neutral,1
never again to lockdown leave us alone,Negative,0
this is all planed,Neutral,1
they the red dragon nation china always do this when the christian government the republican party are in power smh,Positive,2
yeah the symptoms are not covid alike very not we wont panic,Neutral,1
plague inc again,Neutral,1
no more fear porn please death has always been around us all the time,Negative,0
ban china immediately from traveling to any countries thats the only things to do to stop spreading the virus,Negative,0
o yeah let them come we are not afraid,Positive,2
whatever it is they better contain it in china,Positive,2
had it already,Neutral,1
another gain of function bio weapon,Positive,2
they were injecting some patients with some injection do they have a vaccine yet,Neutral,1
everything is made in china nowadays ,Neutral,1
lock it down lock it down now,Neutral,1
bro she made covid 19 official trailer ,Neutral,1
i told my friends if kamala won ww3 would happen if trump won another pandemic will happen here we go again,Positive,2
biological warfare backfires,Negative,0
google spars 2025 they already knew this its all planned,Neutral,1
multiviruses awareness for prevention lets wait for the official who announcement for international news nakakaumay na yan promise same dec din 4 years ago hirap na tayo pahirap pa mga ganyan if hindi nila macontrol sa kanila situation as check bernadette g van den hoogen and her colleagues first identified hmpv in 2001 in the netherlands they discovered it in the respiratory secretions of young children lets just have some proper and healthy food for everyone and vitamins for respiratory and ingat nlng tayo and hope ready ang philippines for this kind of event lalo na pull out na philhealth nilagay sa ibang daw not yet sure i need to check pa laki tulong sana ang phil health if totoo pullout so problem ang health system ng pinas lets hope for the best in 2025,Positive,2
you report sooooo slow i have to play it at 15x speed,Positive,2
billyboy and his business partners surely have the right vaccin allready made to sell it to the world plandemic 30,Positive,2
another ccp virus    ,Neutral,1
i hope everyone will be safe,Positive,2
stop all engagement to chinese keep out on phil seas you may spread there your virus,Positive,2
marketing strategy of china or more,Neutral,1
is that same fast as covid 19 spreed human to human,Neutral,1
africa congo reporting same thing disease x do not live in fear im going to trust god and his design,Positive,2
money money,Neutral,1
wait 5 minutes they will have a vac,Neutral,1
dont allowed chinese enter to all country china always make a problem to world,Negative,0
free virus from china,Positive,2
chinese people who will be having their vacation all around the world should be banned,Negative,0
theyre gonna piss off more people than they think using the same trick,Negative,0
here we go again covid 20 people dont believe this shit and dont take the vaccins,Negative,0
silent wartake a bath 3x a day everyday is the key,Neutral,1
all travel and import from china must be stopped,Negative,0
please keep it in china,Positive,2
another virus againchina must be held accountable,Neutral,1
im not taking any vaccines didnt get any with the first plandemic and i wont comply we are busy seeing through this bs,Neutral,1
why do governments think we need vaccines for every virus when our immune system has dealt with these type of viruses for centuries oh yes i remember big profits from untraceable sources,Positive,2
part of the plan to depopulate the world making it easier for governments to control,Positive,2
why does almost every 21st centure pandemics are coming from china,Neutral,1
china needs to stop inventing new viruses,Negative,0
more rubbish nobodys interested anymore in this bs,Positive,2
satans world 2 corinthians chapter 4 vrs 4 revelations chapt 12 ves 7 to 10 isaiah chapt 14 vrs 12 ephesians 2 vrs 2 revelations chapt 17 vrs 18 revelations chapt 18 vrs 24 the great babylon the ten nation roman empire catholic church are destroyed revelations chapter 19 jesus christ returns vrs 11 to 17 registeredregisteredregistered,Positive,2
ignore it and it will go away,Negative,0
fuk your money its not worth the bodies you will have from not acting,Negative,0
close all ports close all airlines and stop all travel,Negative,0
all this plandemic chaos and war rhetoric is beginning to get old and tiring as we get old and tired too evil looks to be all around the world instead of common sense goodwill peace and prosperity war is all the rage but most stupid,Negative,0
china is not wise it should stop creating new viruses it will be its frankenstein monster,Negative,0
for jinping pongmaking new virus for the world to get sick hook or by crook greedy evil way to make money,Negative,0
ban chinese from travelling outside their country,Negative,0
it is time people shut down your tv ignore all news channels all together,Negative,0
wef who syops communist china,Neutral,1
cest incroyable tout ce qui est mauvais daprs ces annonces arrivent o de la chine o de la russie il est vident que tout fe qui est mauvais arrivent des usasans en ajouter encore,Negative,0
what do you think taiwan is involved cos they work for america,Neutral,1
america is scared that china and bricks are going to take the world iand america will be left behind,Negative,0
you can try to lie but it wont work,Neutral,1
all the videos of what you are shown are from the covid,Neutral,1
mercy lord ,Positive,2
just like bird flu bats coming from the usa as well and its all gonna be blamed on china by trump,Negative,0
trump blackrock the who and swab have a ones making up lies and blaming china trump wants to go to war against china this is all it is about,Negative,0
dont lie the usa has this,Neutral,1
mystery meanwhile flu nowhere to bee seen for 5 years and running,Negative,0
please shut up we are all sick of it,Negative,0
so doing these times china citizens are traveling to other countries spreading their viruses to them whats up with this now tons of peoples across the world will become sick because of china ,Negative,0
wion exclusive news lol,Positive,2
india china haters say something good about china you india are haters,Negative,0
why is an indian woman speaking for china,Neutral,1
its more concerning to the world if they make a vaccine for it,Neutral,1
this is so obvious the first one was made to neutralize trump now that he won its 100 predictable that they would launch another one its all planned china is 100 evil,Negative,0
when trump was elected i told everyone damn another pandemic coming,Negative,0
i had three to five weeks of it in the philippines,Neutral,1
thats not mysterious thats what they exactly do to create bio weapon coz they are afraid to do wars lol,Negative,0
we are eliminated by skynet and viruses from the deepstate,Neutral,1
chinese virus never miss an opportunity do you,Negative,0
conveniently because the demonacrats have been kicked out when president trump was in power the criminals saw that the economy is booming so faucy said president trump will face some kind of a virus outbreak they work together with the communists to bring in control over free people guess who supplied the masks and tests and ppe,Negative,0
take 4 tequila shots every night for 1 month straight it will go away,Positive,2
whats the big deal i get all those symptoms every year,Neutral,1
cancel all china flights,Negative,0
news from india getting boring,Negative,0
strange all viruses originate in china,Negative,0
i refuse to take anymore vaccine due to virus from chinaif it will ever be implemented again,Negative,0
the world cant take it blindly beleiving its ok if china says so world economy is strugling as health organisations wars etc needs to be contained how keep it in china suspend all flights till totally contained,Negative,0
man i can not understand this lady is she a lady,Neutral,1
they comin up with this again they better keep their shit in china this time trump about to tarif the shit outa them,Negative,0
hopefully all flights are suspended from and to china world must wake up from dropping their pants upon first covid 19 epedemic,Negative,0
india is full of these mysterious viruses they cover up all the time nothing new china just has a better system to deal with these seasonal outbreaks means nothing just like flu,Positive,2
just so happens when trump gets in office right why does this sound like bio warfare to me,Positive,2
covid 19 was a test run to see how we as countries would comply now the side effects of that bio weapon are starting to take effect your immunity has gone wakey wwakey,Negative,0
when humanity tinkers on the natural diseases to create hybrid diseases to kill its enemies then it is the foolishness stupidity of scientist evil political leaders to do such distardly acts as now the covid diseases is evolving into different virulent diseases of which scientist are late to develop any medicines before it wipes out the human species,Negative,0
omgggg difficult to listen to this,Negative,0
oh ffs not again,Negative,0
no we are not doing this again,Negative,0
the made covid virus can join with similar viruses and mutate we will see something biblical,Positive,2
sooo was this due to a lab leak or black market animal soup,Negative,0
again seriously,Negative,0
disease x another pandemic an international lockdown by who must be implemented who must act responsively asap,Neutral,1
so predictable right ,Neutral,1
scientists maybe inventing t virus to create    zombies ,Positive,2
death rates in the uk were up 13 last year mostly breathing problems penumonia,Negative,0
here we go again create panic government love it control,Positive,2
you silly propagandists still selling your virus shite,Neutral,1
2025 start with wedthurfribasically wtf,Negative,0
chinese new year will be the time where most of the chinese citizens go for holidays and spread the virus maybe coincidence,Positive,2
tariff and virus there might be a pattern need to monitor what china is stockpiling currently,Neutral,1
it seems like china is cosplaying as thanos and has the same mission to eradicate half of the human population on earth,Positive,2
always china the originhaaayysssttt,Neutral,1
this is being reported now supposedly this was out in the usa since march of 2024,Neutral,1
why is it a mystery its been documented late as 2010,Neutral,1
the medicine is very easy and cheap give cetirizine its very easy,Positive,2
let no one go to china and china people dont visit other countries boundary shut and the virus outbreak will be slow maybe ,Negative,0
tio juan cooking addiction,Neutral,1
i guess this shit started from the fog that we had most recently ,Negative,0
of course they do,Neutral,1
welcome lets go in panic and fear criminal fori idiots,Negative,0
lockdown with no food delivery,Negative,0
do not forget they have a virology lab too ,Positive,2
here we go again prostitue media fear porn entertainment,Negative,0
well i had something like the flu that turned into pneumonia back in september 2024 but i tested negative for everything i was in the hospital for 5 days oxygen at 80 not pleasant it felt like something was still there in my lungs and i was sick of feeling shitty tired and no taste so i went to urgent care they gave me steroids and antibiotics which started to try and kick whatevers ass was in there i started violently coughing choking drowning with thick mucous this is exactly what happened before being admitted into the hospital the 1st time i couldnt stand it anymore went to the er in daytona beach the day after christmas and just released on 1230 so another 5 day stint this time swabbed and positive for human metapneumovirus had no idea what it was never heard of it and that was about 2 weeks ago boom here we are unfortunately this shit is real nothing to joke about currently im pumped full of steroids but im fcked up from this be careful out there,Negative,0
yah its called bigharmasuiticals injuries their giving us these things on purpose and blaming it on what it is clearly not proven to be another croc of crap coming to a country near you,Negative,0
dont you fing it interesting gates know when what kind he is the virus,Positive,2
yuphehehe dicus caputus non facus gravitatushehehe just saying,Neutral,1
lets shut all incoming from china,Neutral,1
designer diseases to keep the population under control you think its a coincidence that when covid happened they were having massive pro democracy rallies and riots in china then all of a sudden covid happens and the whole country is on lockdown way to convenient for them,Negative,0
making old news video and title changes fraud news india always blames china without knowing much china recently launched high speed train but these india news channels always china really it gives back  to you,Negative,0
china created to destroy the world economy and their enemies,Negative,0
be before china new year,Neutral,1
if its not a zombie virus i dont care i will not comply,Negative,0
as usual you are on top of the news where american msm does not even report on it well done,Positive,2
keep it in china block chinese way to come to other countrys,Negative,0
stop eating dogs cat nasty bats wtf is wrong with you freeks,Negative,0
so chinas going to try to kill the world again,Negative,0
 how convenient just as trump is about to take office literally the same as christmas 2019,Neutral,1
this is the same crazy peoples so let it out wef nato eu the multibiloner so ovner of world healty companys so not make enof money and love to killing peoples this is agenda 2030 so was start of hitler in war 2,Negative,0
i think they are getting fog out there too,Neutral,1
i wonder if theyre stop them from coming chinese from traveling,Negative,0
this is going to be their excuse why the fog is world wide and ppl are getting sick they are starting so many things while trump is getting in office,Negative,0
a sheshh here we go again,Neutral,1
thanx god no vaccine ,Neutral,1
its the stomach flu,Negative,0
majority of cold flu and infectious diseases come from the asian continent a handful from south america same with middle east and africa,Negative,0
quarantine china no one goes in no one comes out,Negative,0
what people fail to realize is the asian flu virus evolves and changes as it circles the earth the flu vaccine you take yearly is only effective against the virus from the research a year previous youre not insulating yourself of the current virus according to my pcp its better insulation than doing nothing at all the latest scares about changing viruses has been going on for decades ever since vaccines have been available to us,Negative,0
biological weapons at play,Negative,0
why is this not in the news only here,Neutral,1
ooo theyve made the c19 virus a different virus by making it pretty woke rainbow colours ,Positive,2
so they say fear fear fear,Negative,0
were fucked beyond imagination yall cant even fathom how fucked we are,Negative,0
media is the most dangerous virus than any virus in this planet they even tried to spread their virus to other planet also,Negative,0
right on time gates and wef just told us to put this on our calendar oh theres a vaccine just wait,Neutral,1
so long as they keep it within their own borders not like last time with covid 19 i dont care,Negative,0
and the uk will continue to let infected people into the country as they did with covid 19 our government never learn to protect ourselves new zealand completely closed their borders even to returning new zealanders but the uk let thousands die because they didnt do the same was it deliberate in order to kill off the most vulnerable im wondering in view of the fact that starmer is now targeting the elderly with measures he knows will adversely affect millions just wondering folks what do you think linda,Negative,0
i bet this is what that worldwide fog was all about,Neutral,1
this is where our corrupt officials shut down the world again to ruin the poor and make the rich much richer,Neutral,1
china is always spreading everything,Neutral,1
its common here,Neutral,1
its because of this fog all around the world,Neutral,1
stop threatening people enough is enough,Negative,0
yaaaaaaaaawn more lying health control freakery from the nwo thugs im in my eighties and last time with cvd i refused to mask isolate or take the disgusting clot shots what i did was simply ate and drank healthy and well this time will be no different as long as people have prepped and stored food water and batteries we will seriously hamper the government and elites efforts in their diabolical plans to take everything we have,Negative,0
ag fok china,Neutral,1
notice we have already saw this film,Neutral,1
i told everyone if trump wins new outbreak,Positive,2
im sure we all agree on that this show is not gona be repeated there is no need of a so called vaccine wich is killing people since 2021 and we r not gona give the power to the governments just because they are playing the fear game on us again wake up call for everyone dont get vaccinated and dont give up your rights because of fear,Negative,0
can someone please stop the evil thats coming out of there,Negative,0
i have this mystery virus close the world ,Neutral,1
they may speak and decide but god has the final say in jesus christs name we put our trust darkness kingdom will never rule this world again,Positive,2
take antibiotics bucklys cough sryp mucus and flem brand and a puffer advil and you will be fine,Positive,2
they poissen a peoplr and cal it virus thete are not any new viris just poispns,Neutral,1
the gates agenda plans a pandemic on jan 21st2025 dont comply,Neutral,1
still testing how to kill us off i see,Negative,0
this is actually airborne hiv to have growing,Positive,2
yeah yeah can we call this one a china virus like president trump did in 2019 did it come from a panda from a wet market enough enoughenough we will never forget and forgive how we were all fooledcopyright,Positive,2
all virus originate from china,Neutral,1
in the netherlands we have already a vaccine against this infection compliment to rivm special institute for healthy,Positive,2
ah well in other news got a lovely chicken cooking in the oven a nice new years day roast dinner on the way ,Positive,2
and still wont comply you gotta kill me to jab me in the words of dj khaled and another one  ,Negative,0
borders are still open will be in north america in no time,Negative,0
yeah happy new years ,Positive,2
right before trump takes officedidnt we live this already wtf,Negative,0
another us bioweapon attack against china,Negative,0
they called it spars in event 201,Neutral,1
i hope our governments all over the world respond quickly this time and close our borders and flights asap we cant have another horrifying virus again,Positive,2
every 45th year copyrightcopyrightcopyright,Neutral,1
there are five things that make me uneasy 1 the chinese govt lies about illness and viruses and carries on virus research of level 4 virus in level 2 containment 2 much virus research was transferred to beijing from woohan 3 last week beijing emptied out and western travelers posted picsvids of empty city streets cafes and airport but blamed it on the economy umm no people still have to eat the pics looked like china in grip of covid19 but were days old 4 hmpv is pretty uncommon to make hmpv this common this virulent and obtain this case rate it would have had to be tinkered with 5 at 230 sec into the china post video a clinician described his 30 bed icu patients and 6 dead 3 dying and the sx sounded like mers i hope china didnt loose control of tinkered with mersregisteredregistered,Negative,0
 i have people in china western puppet media trying to create something again every year in winter there is flu around nothing unusuall people get sick take medicine and carry on,Negative,0
all i know is that i wont be taking anymore shots of anything,Neutral,1
lockdown china no one in or out,Negative,0
if this virus comes to the us i will reject and disobey any and all government and private mandates about staying safe and having concern for others not getting a new vaccine or wearing a mask or staying indoors or isolating from other i will not cooperate and will defy all government order to do so,Positive,2
america helped financing the experiments on covid so probably that one too,Neutral,1
china wants to pull downthe world thats it,Neutral,1
ban chinese travellingfirst to usa and australia,Negative,0
uno should announce sanctions on china immediately,Neutral,1
thats hilarious that its supposed to rise through the winter our worst month is about to be over were starting to head into spring now ridiculous,Negative,0
i knew that there would be a much worse virus then covid 19 for bill gates already knew about this virus well before it was ever out i wonder now is this the virus that bill knew was already coming,Negative,0
bull shxt story,Neutral,1
theyre making the virus and spreading it all over the world and to keep trudeau in the government because trudeau loves china,Positive,2
express of course,Neutral,1
mask or not those people are packed in like sardines the hospitals are not designed to handle contagious infections period,Neutral,1
no train from wuhan to duisburg,Negative,0
its a good thing there is no waccine as it was only shown to be safe and effective in depopulation,Positive,2
the chinese need a new government the ccp are incompetent at least,Negative,0
i live in the netherlands this is a kind of covid or flu i had this 3 times last year in a week your better only the cough stay longer we had this outbreak last year none of this news was on the news,Positive,2
here we go again dont buy their crap,Positive,2
is it the virus of poverty and inflation,Negative,0
the deep state is usung this as its losing the battle,Negative,0
well bill gates did say a new virus would come along,Positive,2
china will soon export it to the whole world by deceiving all this time the entire world has to be careful not like when covid was spread,Negative,0
in other news the buden administration has announced that sick people from china can have free flights to the united states and will get 500 dollars for every american they cough on,Positive,2
another crime against humanity the director of who is king pings buddy lord jesuschrist help us give us justice,Positive,2
the muslims scientist was released the viruses because uighur,Neutral,1
 we call it a cold  biggest scam who trys again again and again vaxxin damage,Negative,0
was faucci involved in this one two i wouldnt be surprised this is another way to sabotage the new presidency and to control the world i will not vaccinate if i die i die,Positive,2
i rebuke this in jesus might name,Neutral,1
unnecessary panic they are trying to spread,Negative,0
shut down this evil lab,Negative,0
o not anymore,Neutral,1
wake up everyone do not fall for this bs scam,Negative,0
china the scapegoat,Negative,0
remember the one who has the cure also created the virus,Positive,2
stop anyone from china entering the country no visas no importing stuff nothing then watch how quick they clean it up this is the plan they make the stuff in china and release to the world look up what china used to say about nuclear war theses people do not care about us just themselves,Negative,0
they came up with a fancy name they already mention the need for a new jab so get ready for the next plan  demic,Positive,2
omg more fear mongering just what we need,Negative,0
this is what they are cookin,Neutral,1
another path for population control elderly comorbidity children whose the mastermind making the billions pharm co bggsmz the rest spread fear,Negative,0
nature may be desperate trying to reduce chinese population since 15 billion is completely unnatural,Negative,0
the timing was set depending on the outcome of the us election same as last time,Neutral,1
we should take some precautionary steps lots of love wion  ,Positive,2
the videos here are from crovid period too,Neutral,1
china sucks ,Negative,0
this is already here in the us and has been for at least 3months,Neutral,1
the chinese wall was built to contain them,Neutral,1
during cold cases like these do rise across the globe,Positive,2
releasing disease to stop trump again evil,Negative,0
corona second arc  lets fucking go,Neutral,1
nice try bill gates,Positive,2
they opened up a new bottle ready to spray it where necessarytired of all this bullst,Positive,2
here we go again this is to ruin trumps presidency again like the last time,Negative,0
oh my days please what a new year gift again from china the first was end of 2019 beginning of chinese new year and now look we have just had new year and look another virus again no vaccines here we go again the time before and the time again the way china works we be locked up again,Positive,2
everyone already has it my whole family had fevers and cough it was very strange my whole town had this,Negative,0
reading the comments is the ultimate remedy,Neutral,1
wow virus again im watching from philippines happy new year god bless,Positive,2
if we have two years of furlough again i might move to egypt and rent a mansion with a beach view ,Neutral,1
manmade plandemicno mask vax thank you,Positive,2
in my country in my office 1st table got flu like symptoms the next day 2nd table shows same symptoms the next day 3rd table shows same symptoms 4th day 4th table absent due to lbm 5th day 5th table shows same symptoms 6th day 6th table absent due to lbm then the symptoms flew to other bay they get symptoms every day i didnt get any because i wear mask all the time but i almost had the symptoms because the infected person cough she is not wearing mask and im not coz im drinking but she was a meter away from me but at almost end of the shift i feel my throat hurts but maybe becausee of all the meds im taking the symptoms of flue didnt affect me much only my throat feels weird,Negative,0
china be doing expirement on its own people,Neutral,1
more fearmongering bs,Neutral,1
lets not make this a trend we cant be locking down every few years i dont want that dystopia,Negative,0
damn hope they dont get into my country,Positive,2
another lockdown at the 21st of january,Neutral,1
china is making bio weapons because there army are inefficient in war programs only shows so they can win by virus contamination,Negative,0
time to ban all travel from china until they have their own vaccine for it dont make the same mistake like what happened during covid lmao,Positive,2
is everybody going to die again,Negative,0
zombie apocalypse now,Neutral,1
so leave chinese borders open so they can spread the virus like before then the who can say its a problem when its too late i love these lab created viruss,Positive,2
like cmon media needs to stop saying vaccine influenza and covid vaccine do not stop the spread only can possibly reduce the seriousness waste of time for most people,Negative,0
ban all chinese and people whatever nationality coming out from mainland china to enter another country,Negative,0
my dear wife you have to understand that made in china is powerful and so is the virus,Positive,2
its being done on purpose people wake up they dont want trump in office another plot to bring potential destruction i will not comply,Negative,0
will see how many sheeps will be fooled this time and listen oppressions wear your mask above your nose  ,Negative,0
all lies we dont believe it any more,Negative,0
at some patients with covid19 cold agglutinine sindrom occur at that patients must use warmed oxigen mix at body temperatureavoiding hipotermia,Positive,2
then stop travel out of china very easily solved if thats what it is,Positive,2
not concernong at all the most high god is our saviour,Positive,2
there is noting mysterious more vaccinations more transforming,Neutral,1
here we go again please keep in mind that the truth will never come from your tv do your own research into alternative treatments do not blindly accept the govs recommendations or mandates,Positive,2
in its insane desire to conquer humanity china will end up wiping out humanity,Neutral,1
why are they always releasing viruses before the holidays and full on outbreak before chinese new year why,Positive,2
so the new biological weapon of china had been released,Negative,0
welcome for 2025 new year ,Positive,2
stop people coming from china the last time is spread world wide was because many went home to china for the chinese new year from all over the world quarantine needed for for all coming from chinawhether chinese of other keep the uk clear it should be possible we are an island,Positive,2
you mean another plandemy right,Neutral,1
what are the chinesse doing really,Neutral,1
there goes the neighborhood,Neutral,1
it seems wion has no other special news so they introduce new virus in china,Positive,2
should we ban china travel immediately,Negative,0
created may be to bring economic recession,Negative,0
wtf is wrong with china why are they making this new viruses,Negative,0
close all bio labs dont allow fauci gates who to interferesolved,Negative,0
they intentionally did it so that they can ruin other countries economy just ban anything and anyone from china already,Negative,0
great i need another 6 months off work full pay can t wait,Positive,2
covid backfiredno fear,Negative,0
the way viruses spread is not rightly given its a new pandemie because they use frequencies to damage healthy people and their tissues when tissues die they produce viruses so the virus is already inside of all human beings maybe the jabs of c put also more stuff inside bodies to prevent them from being able to help themselves in case of overflow of viruses so dont worry that its in china now its already everywhere and the moment they use their 5g network to put negative frequency pressure on top they can plan to let it break out wherever they want devils at work,Negative,0
what talking you cannot understand what you are rumbling about,Neutral,1
so another mass death nothing new,Negative,0
shut the chinese borders immediately it was there fault last time so they need to take responsibility unless of course this is all deliberate again,Negative,0
just according to bill gates plan,Neutral,1
not concerned at all,Neutral,1
everything great comes from china,Positive,2
china covered up the covid outbreak but sent chinese citizens to the us while their country was locked down,Neutral,1
disgusting treating animals how they do mankind will be its own down fall,Negative,0
we know the origin china,Neutral,1
another plandemic and fear mongering,Negative,0
i feel like its already there in india everyone getting flu this season,Neutral,1
literally had a flu before christmas just like this i reckon its already global,Neutral,1
fear mongering,Negative,0
black dearh also came from china and wiped out 70 of european population,Neutral,1
2020 started with wednesday thursday and friday acronomizes wtf and so does 2025 we are cooked,Negative,0
all countries should ban travel to and from china asap,Negative,0
let me guess it came from wuhan,Neutral,1
all virus is coming only in china  we believe in indian ayurveda now completely efen if we are dying,Neutral,1
they need to hand out ivermectin tablets to help fight off this outbreak ,Positive,2
close the borders pls,Positive,2
probably planned,Neutral,1
here we go againcreate fear and you own the world,Negative,0
at the same time i am hearing about the norovirus,Neutral,1
why all this viruses comes from china,Neutral,1
again this rises just as trump takes office coincidence,Neutral,1
sholud we stock face mask again,Neutral,1
china is doing great and they are natural environmental activists to prevent earth  for stupid humans ,Positive,2
stop eating them lab bats,Negative,0
chinese was experimenting again a bio chemical weapon ,Negative,0
dangerous countries eating,Negative,0
biological war tactic of weakening the enemies from within and then trying to take control of the world,Negative,0
this time they didnt even wait for trump to get in before they started the next pandemic,Neutral,1
dont care one bit,Negative,0
hey i got a new wolwo,Neutral,1
new bat soup ,Neutral,1
2025 starts with wednesday thursday friday so did 2020 wtf quite literally,Negative,0
next time order chow mai covid,Neutral,1
people of china fear not you just have a new outbreak of pcrtesting,Negative,0
lie to us once shame on you lie to us twice there will be consequences just a thought ,Negative,0
plandemic 20,Neutral,1
maybe mother nature needs to take over and humans ai must take a back seat,Neutral,1
its not just china my family has been battling the same sickness me and my kids have been sick with pneumonias ear infections sinus infections lung problems for over 2 months now then its not getting any better ive been on 4 rounds of antibiotics already just started taking a new one,Negative,0
we are going to be locked down once moreinfeel it,Neutral,1
how much did the us give for this one,Neutral,1
just in time for 2025 idiots,Neutral,1
china want headache china research vessels keep installing tracking devices around philippines some was discovered by fisherman you want headache soon youll have what you wished,Positive,2
how convenient another set up,Neutral,1
ted rosehelped china to spread covid who is the useless organization that time,Negative,0
remember how they constantly lied about the deaths and yet we saw the videoscheck their phones no bill payments or service transactions no person,Negative,0
as soon as trump gets in this crap starts up again whats upwhats up,Negative,0
let them keep it in china dont come to canada your not welcome ,Negative,0
same game different year do yourself a favor and dont be part of this mad creatures planet lab game didnt you learn the first time 2020 ,Negative,0
job 13 4 but ye are forgers of lies ye are all physicians of no value,Negative,0
 covaids was just a nothing burger and so will hmpv i will remain unvaxxed,Neutral,1
someone playing hard with chinese so ignorant,Negative,0
she lies,Negative,0
keeping my fingers crossed for something like the tvirus,Positive,2
why always the virus feom china,Neutral,1
thats why you shouldnt put any drugs on your food and gutter oil,Neutral,1
the virus was intentionally made for purpose,Neutral,1
please stop this birth rate is declining already many people will lose their job,Negative,0
china needs to correct its eating habits,Neutral,1
so basically the trying to keep trump out of office virus nice try china,Positive,2
whats the patent number and when was it filed,Positive,2
they said there would be a new one in 5 years they are culling the herd welcome to the demoncratic clown world of evil and lies,Negative,0
no more mandates no more masks and everything that separated family most importantly no more jabs,Negative,0
freakin china,Neutral,1
sick of the whole world,Negative,0
history repeets,Neutral,1
pandemics are being used by nato un world economic forum g7 china ccp pentagon to lock down and micro manage peoples every move,Neutral,1
viruses republic of china,Neutral,1
covid part 2,Neutral,1
funny how this always shows up when orange man shows up in office,Positive,2
i saved my mask for years finally i can put it to use again,Positive,2
it was planted by the us,Neutral,1
here we go again seriously during covid the world countries are so mad with china proposing sanctions on china where are they now why are they even experimenting on these virus in the first place,Negative,0
china doing a killing of the elderly,Negative,0
may be indien people beliefe it ,Neutral,1
why all such viruses comes out of china,Neutral,1
it was created and planned the world is a stage everyone needs to realize conspiracy theorists arent the crazy ones wake tf up for once,Negative,0
all these india news announcers have shitty pronunciation ,Negative,0
im no trump fan but it distinctly looks like its just in time for interfering in trumps presidency all to coincidental the world financial system on verge of collapse nations going to war with each other just saw a video of dr hotez in the us saying trump will be dealing with multiple viral outbreaks starting jan 21st give me a break this is 5th gen warfare and we the people of the world are the targets of our governments my ex wife died from pulmonary embolism after getting her pfizer covid jab at 45 ever heard of natural immunity research that before it becomes misinformation again,Negative,0
well back to the masks lets do it before they make us lets be grown ups this time ok,Positive,2
let me give it a name hope it is catchy enough fauci24,Positive,2
maybe covid19 vaccine can help,Positive,2
people with the conspiracy theories who to blame it on and make it political need to give it a rest already its caused so much damage 5 years ago with all ages losing their lives over it we absolutely dont need a repeat stop thinking about just yourselves for a change and think of others without the hate and negatively,Negative,0
cod zombies ahh virus,Neutral,1
holy crapagain timing seems very convenient i guess right after trump won the election,Positive,2
oh right lets go again china the new mysterious virus dlc will drop in 2025 nice we go back to ground zero i guess,Positive,2
the 4 horemen ride,Neutral,1
trump unleashed that virus,Neutral,1
we will not stand again what we were forced to do during covid its the elites trying to control the world we wont stand for this ever again never be fooled again in that manner even vaccines never again,Negative,0
ill say one thing vit d3 with k2,Negative,0
not again please do not fly here in the  you can have your bloody virus because we do not want people dying because of your stupid virus,Negative,0
why is that because trump is coming now they have to bring it back in,Neutral,1
season 2 official trailer ,Neutral,1
fear not anthony fauci is retired we will be fine,Negative,0
nah india cant survive another one we barely made it last time ,Negative,0
always starts in china come on people,Neutral,1
oh no no no we are not doing this again,Negative,0
no vaccine for hmpv so what who needs one the whole world most of whom have been fooled with the untested vaccine during the cv19 outbreak many are still experiencing health issues due to those vaccines cant you see some greedy companies or business individuals are reaping the profits out of the misery of others the pattern is obvious,Negative,0
2 weeks to flatten the curve,Neutral,1
planned lab virus release for trump is what it looks like,Positive,2
yes no vaccines and we dont want any toooo risky,Negative,0
why everything like this originating from china doesnt that ring a bell ,Positive,2
its a business our human body is a business for themi recommend reading the book alien viruses by robert woodthese are aliens trying to make business and they used all this different kinds of viruses on us humanity,Positive,2
peopld need to educate themselves about this virus instead over reacting hmpv is the metapneumovirus and it has been around for quite some time most of the time the symptoms are mild but children and seniors are at greater risk just like seniors are at greater risk from the flu and children from various childhood diseases like mumos measles strep throat etc,Positive,2
people get the hell off fox noise,Negative,0
not another virus again ,Neutral,1
spars outbreak was predicted in 2020 we knew theyd start this shit up again,Negative,0
here we go again dunno why this is even a thing totally unnecessary proves humans are not evolving at all,Neutral,1
its bio war from china,Negative,0
raise your hand if you regret not getting the convid jab really no one,Negative,0
hmpv sounds like a recording company,Positive,2
oh boy here we go again this time china needs to stop all travel out of their country to get this under control,Negative,0
of course it has ,Neutral,1
2025 opening act ,Neutral,1
fortnite chapter 2 ahh shlawg,Neutral,1
lets hope there is no vaccine made,Positive,2
what happens in china stays in china,Neutral,1
my jesus is greater than all any virus,Positive,2
give them a mrna vaccin its really good,Positive,2
drink lots of coconut milk or breastfeed your children if in fact we did have this in canada it mutates fevers in bed 3 days cough sinus infection then cough stomach acids it effects copd smokers age 50 i used the covid tests and it showed negative but the aftereffects,Negative,0
stop the fear mongering bastards youtube you are responsible as well stop doing this just creating anxiety are you feeling pleased with yourself enough,Negative,0
also known as walking pneumonia or desease x a result of vaccination that destorts the natural resistance,Positive,2
sorry keep it allyea,Negative,0
hmpv and other stuff has already been brought to many countries there are no flight restrictions so it will go everywhere,Negative,0
never trust your government especially a communist one,Negative,0
new plandemic,Neutral,1
time to contain winne the pooh nation,Neutral,1
from china with love chinese with their labs overcosumtion of antibiotics they never learn,Positive,2
hmpv rsv influenza its winter whats the big deal people dont live in a bubble stop fear mongering and stop misleading people this virus is not new by any means,Negative,0
the bible warned that perless times shall come in the last days which is stuff like all manner of diseases like this that we never have heard about pray and believe the gospels repent before its everlasting to late jesus is coming back soon and there is a falling away all of these things are the falling away that jesus told us about that would happen and come just before he returns,Positive,2
lots of fluidslemon ginger tea with unpasteurized honey kept me from dying from covid,Neutral,1
they want the world on lock and the sheeple in the cages,Positive,2
quarantine chinas international travelers we dont want another lockdown stop flights coming from china for all our sakes,Negative,0
the fog,Neutral,1
uh oh,Neutral,1
ohhhh sh8 here we go again ,Neutral,1
will the who now force the shutdown of the entire planet will the biden regime say that the global pandemic emergency precludes trump taking office,Negative,0
in therory an hiv vaccine should be effective 1 in preventing the virus from connecting to the sniaps of other immune cells and hijacking them 2 preventing it from spreding and compromising other systems threw that system hack,Positive,2
surprise surprise we knew theyd be another one,Positive,2
why is china colluding with the western world every single time,Negative,0
maybe booster number 21 will work,Positive,2
all international flights from china should be stop,Negative,0
who has the patent on the virus check for other patents in their name,Neutral,1
most likely china has cauggt it from india which is the origin of all diseases,Neutral,1
everybody knows ones coming as soon as trump takes over,Neutral,1
spare us ok,Positive,2
another lockdown and crypto pump coming ,Neutral,1
a country that literally eat everything,Neutral,1
another lie again to fuel fear among people to get injected,Negative,0
looks like they need some extra vitamin d in china that way they wouldnt be getting colds flue or anything of the like,Positive,2
welcome to india registered,Positive,2
no way were going back,Negative,0
dont comply is the key,Neutral,1
we will never know how many died in china from covid burning them on the streets ridiculous,Negative,0
please stop  the shit let us breathe i dont want to wear a mask ,Negative,0
sure they do trumps is president,Positive,2
i think its already in the usa,Neutral,1
it seems whenever trump takes power a new virus is unleashed from their terror labs if not aliens if not a market crash etc,Negative,0
communist china cannot and must never be trusted it will use everything to dominate the us and then the world,Negative,0
no one cares,Positive,2
another wuhan flu its probably betteriffthe chinese stop with biological shenanigans they suck at it,Negative,0
because they eat things that arent meant for human consumption they become ill because of it then pass it on,Negative,0
well we were told that another one will be here by the end of 2024 or early 2025 they call me a conspiracy theorist ,Negative,0
lock that shit down were not going through this again ,Negative,0
you dont think im a word more covid was genocidal then this is supposed to be the next one,Neutral,1
stop eating reptiles and animals raw ban eating uncooked meat cooking will eliminate the chances of contracting viruses from uncooked animal meat,Negative,0
we dont want those vaccines,Negative,0
indian need to beware,Neutral,1
history repeats itself ,Neutral,1
okay i think it is already here in the usa those are the symptoms i just had i had to take ivermectin and quanine and high levels of vitaminc it turned into pneumonia really fast all myy joints hurt i could not sleep i felt like i was drowning my immune system is fine i do havecasthma though i am in northern arizona usa,Negative,0
they burned a lot of social capital starting in 2020 they probably cant do that again,Neutral,1
again seriously china,Negative,0
covid usa embassy china,Neutral,1
scare tactics its not a new virus,Negative,0
i made a game called deflect the ccp virus its free to play,Positive,2
not again i swear they be doing this shit to control population or use it as business create problems then sell the solution and make profit how brilliant,Positive,2
every time trump wins this happens how mysterious,Positive,2
oooh please not the same game againmaybe seers they practiced it like before covid,Positive,2
i got this already  and im not even chineseeeeee im not thereeee,Neutral,1
whats new one day appears zombie they made the covid,Neutral,1
fauci and bill gates are the same culprits,Neutral,1
the most dangerous virus are governments pharma and media,Negative,0
china happy new year to rest,Positive,2
another made in cinaby top scientist jinping pong,Positive,2
it is time the entire world joins hands and makes sure chinese govt stops experimenting with viruses,Positive,2
well i guess i ought to line up for the next vaccine and give away more of my freedom because im a good little sheep ,Positive,2
i just received a percel from china,Neutral,1
how to fight the new virusthe answers is off the internet,Negative,0
made in china the gift that keeps on giving,Positive,2
surrounded by morons and ruled by psychopaths,Negative,0
the wtf rumor was true,Negative,0
treat the outbreak of the disease without the political undertone,Positive,2
im so sick of big red,Negative,0
its the same only an other name,Neutral,1
the vax was not invented because of covid covid was invented to introduce the vax,Neutral,1
as expected china did it again,Neutral,1
lots of crazies in the comments yeeeesh,Neutral,1
of courseanother bio engineered virus from china of course they are pushing the same agenda the did with covid,Neutral,1
happy new year gift from china to the world,Positive,2
another chinese virus god please save your children,Positive,2
more lies by wef,Negative,0
really i dont care,Negative,0
they still dont have a real vaccine for c19 lolof course they dont have a vaccine for this one the c19 vaccine doesnt prevent c19 so its not a vaccine,Neutral,1
when china can not control people outrage ccp uses virtue first hong kong chinese virus and now mainland chinato control people new virus hmvp,Positive,2
why are these people so wicked ,Negative,0
china knows what it is just like they knew about covid and where it came from,Positive,2
planned gain of function before trump takes office,Positive,2
stop going to china to stop the speed of virus,Negative,0
copyrightcopyrightcopyrightcopyrightcopyrightcopyrightcopyrightcopyrightcopyrightcopyright,Neutral,1
literally everything is made in china and that includes viruses china needs to have their own planet,Neutral,1
likely just a natural mutation of covid china has been struggling to get it under control so this was bound to happen sooner than later,Negative,0
another one from bill and companions most importantly dont get vaccinated whatever they tell you,Positive,2
has now china been bought off by bill gates its time these gangsters are locked up in prison,Negative,0
happy new year 2025  2025 9 ,Positive,2
chinese people are living in great illusions created by communist chinese party thats why chinese are in danger and whole world also,Positive,2
this is why we need to repent and turn to the lord god almighty ,Positive,2
so another wave of smart people will stop working in a building and go nomadic i see no problem there,Negative,0
soi am going to pass school this year again,Neutral,1
governments manipulated us ,Negative,0
nobody is going to fall for this deepstate lies,Negative,0
if people are stupid enough to swallow this again its over for most of humanity full me oncefull me twice,Negative,0
and there we go again i wonder if there are still that many fools in this world who are going to buy this whole bs facemasks separation techniques discriminating techniques indoctrination fearmongering sht just to convince you to take an untested jab that they just made is perfectly safe,Positive,2
mystery there are allready videos of a year ago of this same virus going around,Neutral,1
they can keep it were not going into another lock down close all airports asap,Neutral,1
american virus india virus and ccp virus this shitty countries europe follow our health example,Negative,0
ban chinese tourists,Negative,0
can the world please pass on this export from china,Positive,2
its always china,Neutral,1
china is very kind to world manufacturing all amenities for comfort of humans across the world,Positive,2
its needed to reduce world population bio war is better than nukes otherwise sooner or later someone will use atleast few nukes if not fully blown world,Negative,0
and you think wion that the other elites of the world are not complicit on this,Neutral,1
the other two had vaccines that work please tell the truth,Positive,2
its too late the virus is already spreading even before they made news about it globally,Neutral,1
weird way of reading wrong pauses and emphasis,Negative,0
china and congo,Neutral,1
sigh here we go again,Neutral,1
another stunt from china to shut down business activities worldwide to chinas monopoly,Neutral,1
such bullshit everyone panic now wear double and triple masks and dont let anyone within 6 feet of you you know to flatten the curve sorry not going to play this time,Negative,0
cia on work to prevent take over from trump,Neutral,1
stop that bullshit,Negative,0
china up to so much man very sneaky too hiding alot,Negative,0
india never ending obsession with china,Positive,2
this time the whole of chinas govt must be punishable for such outbreaks,Negative,0
this will not come nowhere near the usa we cover america in the blood of yahusha our children adults and older adults are safe from all sickness and disease father yahuah we ask that you send your angels of war to destroy anything in the atmosphere that could bring us harm in yahusha name we pray,Negative,0
is it usa brought virus to china,Neutral,1
this video is from crovid pandemic crisses ,Neutral,1
on dot before new year,Neutral,1
thank you for the new good news copyright im fed up with normal life,Positive,2
im just fed up with all of this,Neutral,1
ah yes just before an inauguration,Positive,2
new model of viruses to choose from depending on trumps performance,Neutral,1
the legacy of china border disputes and deadly viruses ,Negative,0
another game of function experiment,Neutral,1
i saw a handful of cases of hmpv in 2018 2019 and 2020 this is not a new virus but unfortunately sounds like a potential new epidemic,Neutral,1
another bullshit report,Negative,0
another original and under patent invention thanks china your one and only,Positive,2
donald trump is coming ,Neutral,1
right before trump isnt that such a coincidencewe already saw this movie before were on to ur crap,Negative,0
god bless in the world,Positive,2
conspiracy against chinese people by,Negative,0
the mother of all iqtests incoming,Neutral,1
they spread it through out the whole world as a mysterious fog,Neutral,1
again nothing new to china rich of  ,Positive,2
fauci and who are clearly scared of trump and playing the same game with our lives as they did in 2020,Positive,2
a new virus from the lab the silent war against humanity is going on,Negative,0
just before trump inauguration another planned pandemic so sick of all this shit,Negative,0
china made virus will affect their nation,Neutral,1
use masks cant trust china anymore,Negative,0
maybe it was the tarriffs man,Neutral,1
another whitemens conspiracy,Negative,0
lemon juice  cloves ginger in boiling water healthy tea,Positive,2
so they didnt stop research,Positive,2
china is far ahead in being innovative ,Positive,2
we need to shut down all flights coming in from china,Neutral,1
why are the chinese people allowing the enemy to inject them,Negative,0
stop buying from temu straight way to ship the virus from china,Negative,0
next step to rule the world,Neutral,1
we have shree modi ji as pm nothing will happen hindus are safe in bharat,Positive,2
ha ha just in time to kick off the new year n screw up 2025 by media fear mongering,Negative,0
block chinese from travelling and entering other countries,Negative,0
my prediction they will release this virus and bring chaos to the world once trump is inaugurated to office then pandemic 20 is happening all over again,Negative,0
why dose this now suprises me,Neutral,1
china first tiktok second corona third,Neutral,1
what about fauci in wuhan,Neutral,1
another done deliberately to stand in trumps way,Neutral,1
lmao theyre trying this again,Positive,2
keep playing with virus and youmight wipe out the human race extinction could happen whoever making these virus agenda need to be stopped ,Neutral,1
when one has filthy eating anything habitthis bound to happen,Neutral,1
lord jesus save thy children those who believe in you from all evil plan of satan and his children the diseases of egyptian shall not come upon israeli children your promise befull filled in our lives those who believe in you never be ashamed,Positive,2
i love it how fear rules the world they do a great job,Positive,2
just in time for a trump presidency a little oddly convenient dont you think fool me once shame on you fool me twice shame on me ,Negative,0
uhoh pls tell me this is just aprils fools day being done on new years eve ,Negative,0
new year gift to word from china ,Positive,2
the meta virus has been around longer than anyone wants to admit,Positive,2
yt channels china observer china insights china truths serpentza are showing that the chinese ppl think its another variant of covid the ccp is trying to suppress once again kerp an eye on whats going on there because it eventually comes here,Positive,2
interesting this comes after russia revealed that us biolabs in ukraine has shut down n moved to africa and us was caught developing bio weapons based on russian genetics,Negative,0
all need to prep for a 2nd covid like lock up,Positive,2
china is going to fk the world up again is this a design,Neutral,1
yes they did,Positive,2
hello everyone please watch the apprentice its very telling of who trump really is thank you and take care,Positive,2
come fast plz,Positive,2
one day china will lose its half of population due to repeated outbreak of pandemic,Negative,0
it might be 6 th generation stealth virus,Negative,0
i think its new year gift ,Positive,2
usa want to play viras game but they dont know consequences of this,Positive,2
start betting on pfizer shares they all are one works under new world order,Positive,2
so the zombies  finally are coming or what,Neutral,1
just nothingchaina will progress again dont worry,Positive,2
 i believe mr gates told us we were going to have our next pandemic in 2025,Neutral,1
same terrorists before the same terrorists are now behind their evil terrorist attacks and they just blame it on a sickness blood in their hands,Negative,0
happy new year from china to the world ,Positive,2
god is real christ is the one ,Positive,2
who again trying to do business of vaccine,Neutral,1
another wonder from a lab,Neutral,1
again i think china wants the whole world to get infected again jeez,Negative,0
another wuhan lab leak,Negative,0
ohhh goddd whyyyyyyy every country should stop each and and every possible way of connecting to china and should rescue their people immediately bringing them back to their own nations but after 1 month of quarantine they should be let free please not this horror story of horror days again nooooo,Positive,2
only indian jealeous people keep this hoax,Negative,0
another lies of china to deceived humanity dont believe them anymore they are just making stories to scare the public inorder to control them communism ideology,Negative,0
virus only appear when trump is in power there goes uncle bill with another pandemia,Neutral,1
we seriously aint got time for this let them keep the virus to themselves,Negative,0
bro why its so similar i remember 2019 new years eve,Neutral,1
india cg state govt healthcare infrastructure tyaari nahi hai,Neutral,1
new world order,Neutral,1
this virus is common in winter and spring weak immune system can catch ut adults and childrentake care of your immune systems and health manage stress drink less alcohol avoid it exercise daily eat healthy eat fruit dont skip toe day either your shoes can shape your feetdamage your muscles to keep all your systems healthy by also being hydrated eat healthy have doctor appointments get checked vaccinated and avoid unhealthy food process food or anything stay good manage stress get enough sleep get your vitamins like vitamin b or vitamin c and all of them try have good hygiene wash your hands brush teeth wash hands after petting a animal or shower every three days have a routine rely on jesus christ he helps you and died on the cross for you have freewill him or the world he loves you and will support you will always be there for you go him try it dear god who art in heaven hallowed be thy name thy kingdom come thy will be done on earth as it is in heaven fill my mind and heart renew me come oh holy spirit fill me may i be a child of christ truly  the holy spirit helps you be holy and good holy is being righteous seek the truth the word of god jesus is the word he is god and the holy spirit three divine persons in one true god god loves you so much turn him god bless you and your family i wish you the best i love you and i forgive you so does god you are loved  so much copyright i wish you the best and i will pray for you snd your family the truth is god and he is the word go him dont go to the end of the tunnel please,Positive,2
no flights incoming from china to any countries china can have their virus contain in their country,Negative,0
keep it contain in china,Neutral,1
stop all flights to and from china now,Negative,0
i remember back in 2020 in an interview with bill gates he said that there may be another pandemic 5 or 10 years from now how come this man is still alive and free,Positive,2
is gravitas sponsored by ciajust asking for a friend ,Positive,2
always around american elektions  denmark,Neutral,1
humanity is still not ready for the next step in evaluation,Negative,0
sounds like its already here,Positive,2
denial its the reason why history repeats,Neutral,1
china plz stop eating every breathing thing,Negative,0
come on chinese virusthats why india is a democratic country but being a woman is a dangerous thing in india you have a high risk of being raped living conditions are unbearable during the british colonization no dog no indian and some hong kongers also faced the same situation during the period time it is ridiculous india can never be united and bring prosperity to indian people and discrimination not only towards women but also other minorities how can you let india become a superpower i guess india can never compare with china in my lifetime,Negative,0
well i be damn hey at least i am aware cause covid i didnt know that is was here until it was here and i wasnt prepared thanks,Negative,0
ban chinese product,Negative,0
just the ice berth hk might follow too,Neutral,1
lmao what happened to m pox,Positive,2
no one from china to leave there provence,Negative,0
fearmongering keep public in fight and flight mode so they cant think calmly easy to manipulate covid was a sham too any of my friends who are not vaccinated had zero issu till now vaccination was stupid,Negative,0
the virus most likely originated from india,Neutral,1
china next gift to trump and the world ,Positive,2
its literally already here i keep getting sick all the doctors are saying is upper respiratory this and that and it seems viral which means there aint crap they can do about itantibiotics if that even works ive been sick since thanksgiving dont blame this on china i swear its world wide,Negative,0
all countries should ban flights from china immediately if it is concerning,Negative,0
what if a human have all the vaccines will he survive,Neutral,1
yeah im just going to trust my immune system just like the last 36 years,Positive,2
new virus invention are going to manipulate countries again,Neutral,1
fools getting scammed again by media,Negative,0
this time they ate humans,Neutral,1
ah shit here we go again ,Negative,0
china exports everything,Neutral,1
and just like the previous covid19 pandemic that took the lives of million people the who particularly its leader remain silent how much,Positive,2
yep of course china trying to cause another pandemic,Positive,2
alreadychina is economic in worse situationnow most public places in china are less people moving aroundif china starts again then its worse for them,Negative,0
china every thing is a mystery their population population growth wuhan virus now new virus etc etc,Positive,2
doesnt sound seriouswe already faced the so called worstwe have jesus christ on our sidenothing to fear,Negative,0
stop all flights to and from china its not racist its just basic responsibility,Positive,2
get those jabbers and masks ready,Positive,2
usa also dabbles in bio warfare in africa,Negative,0
the who begins but unlikely to be a hit this time nice try,Positive,2
not afraid of death afraid of wfo,Positive,2
maybe is due to non properly cooked frog meat,Neutral,1
china should pay restitution,Negative,0
human metapneumovirus hmpv but the vaccine the soonest for those in china wishing from burma,Positive,2
this was lab created and planned,Positive,2
havent heard about this anywhere else,Neutral,1
all virus   come from china what they doo,Neutral,1
china is full of mad scientist always doing weird experiments and making viruses,Negative,0
only in winter virus used to appear ,Neutral,1
killing off their own people come on china you are an ancient civilization act like one stop playing around with virusus bacteria and parasites as one of your own ancients said in the end you will rul over ashes,Negative,0
keep eating all sorts of crap and plastic registered their food is pure sheet,Negative,0
was it among those stolen from a research lab in australia,Negative,0
no wonder whats happening since china is dabbling in deadly bioweapon for strategic advantages and this could be a fallout as a result of lax security like it happened with covid though china dismissed the allegations,Positive,2
in the words of c3po in empire stikes backhere we go again,Neutral,1
meanwhile who i dont see any problem here,Positive,2
its the who coordinating with china the next trump destroying mega operation it will be a very interesting four years if we make it through,Negative,0
china is up to something they are trying to create a disease that they can drop in the us and cause panic mark my words they are up to no good,Negative,0
trump is back in the white house lets release a new virus and new vaccines,Neutral,1
something must be about to crack in the financial system a virus always comes out after the financial system crashes,Neutral,1
indias talk about chinese virus lol,Positive,2
if china is involved i am no longer surprised by it,Negative,0
probably the us government has its hands mixed in this just like how our government funded the gain of function research in china,Positive,2
interesting that the us has also been seeing a record number of mysterious walking pneumonia illnesses here ive had a dry cough out of the blue for a couple weeks myself have been treating it with robitussin i have no other symptoms no sore throat no runny nose no fever headache sleeping most of the day away i would say its already here was that big spy balloon hovering over the entire country shot down in the atlantic doing more than spying guess well never know,Negative,0
the factory has done it again,Neutral,1
they have been meticulously planning f 500 or a couple of years and starting the virus in lab and making chinese get it and then give them mild medicine and send chinese people in flight to all countries to get affected,Negative,0
china is not a simple country,Neutral,1
bycott china stop all types of transport system stop air traffic,Negative,0
tired of these chinese viruses ,Negative,0
chinese once again started a biological war,Negative,0
can indian government stop fight going to china as coming here we have already suffered lots just because of china why international putting sanction to china and make defaulter for spreading virus this os not a small things,Negative,0
how many deaths so far,Neutral,1
how is the population not zero in china with all these viruses,Neutral,1
why only repory on china blackie india no virus,Negative,0
oh plz give me a break,Positive,2
china people will stop eating ,Negative,0
shit here we go again trump back and so is china virus ,Negative,0
imagine if this mixes with bird flu,Negative,0
theyre eating the dogstheyre eating the catstheyre eating the pets,Neutral,1
just in time for the inauguration imagine that,Neutral,1
great now the virus is in usa think about how many people from china have traveled to the usa and some are probably carrying it get ready people,Positive,2
 you say it like it a threat then not so let see all of them including flu an common cold an even any virus aprently no one know what it is have no vacation an it always only to the more disabled an sensitive groups  should like a fraud an compare that to hpv let add a m in it an see if that dose help or not like come own already like ppl need to stop with the fears an unwanted illnesses an petty ish to generate money panicking an probably like do they like hate everyone including them self one may start to asked bogus relly besides most dr an vacation ppl dont know anything no one has made a really remedy for anything like since all our elders healers was killed or past on an here today no one can cure nothing but make a lot of illnesses tbh it sick in the head,Negative,0
right in time for chinese new year same way covid got spread stop travel to china,Negative,0
new and improved,Positive,2
hope the traveller dont bring this new disease to india,Positive,2
a twist for the latest chinas 6 generation stealth fighters display we indians are really stupid,Negative,0
china making debut in world war 3 using virus ,Negative,0
anyhow china is helping to control the overgrowing population,Positive,2
should ban chinese from travelling ban them forever,Negative,0
bs i will not comply,Neutral,1
chinese laboratory created virus to depopulate earth,Positive,2
another joke from ccp keep in there fnckr,Positive,2
to late its already in the us,Neutral,1
whos sad that fauci ,Negative,0
perfect timing,Positive,2
china excellent to developing viruses,Positive,2
here gift to the ccp bot keep in there,Positive,2
what china have new virus inventions,Neutral,1
gain of function i smell a fauci ,Positive,2
money money virus made by china,Neutral,1
another chinese plandemic,Neutral,1
lockdown again,Neutral,1
bewarewhen china economics is closed to collapse they will release new virus as covid 5 years ago this is china trick xi doensnt want china collapse alonehe want all the worldhowever this issue will be his big problem and could take him down,Negative,0
wtf year is not even started but this happens ,Negative,0
happy earlier new year,Positive,2
a very simple solutionban travels coming from china,Neutral,1
bois get ready for 2020 remastered,Positive,2
this is not a mystery virus,Neutral,1
 i am allergic to bull caca achooo and vaccines,Negative,0
china virus again registered,Neutral,1
another biological weapons developed chinas government wanted to wipe out half of its population,Negative,0
welcome back  ,Positive,2
take this seriously a new disease outbreak has been reported in china with potential global impact similar to covid19 stay alert follow credible updates and prepare by adhering to health guidelines and remaining informed,Positive,2
too many things happening before trump inauguration,Neutral,1
news chinese variant in the market,Neutral,1
i heard china is taking over india,Neutral,1
another create newstrue,Positive,2
welcome back pandemic because trump is coming back to the white house,Positive,2
another expiremental virus      ,Neutral,1
look i dont know if a virus riddled god knows what tastes better in a soup and i dont care stop it beijing,Positive,2
so why dont the govt of the world take action prevention is much better than cure,Positive,2
china cooking,Neutral,1
hi i am commenting before watching video the virus is a reverse magnesium on deoxyrival neucleac acid developed by the kremlin to reverse effects take magnesium alkaline enhancer xoxos,Neutral,1
keep it up china,Neutral,1
wash your hands china refer back to childhood wash your hands,Neutral,1
sab international flights band karo bhaisab abhi nhi hona vo covid jaisa lockdown,Neutral,1
those clips of hospital being played in the frame are they real n current,Positive,2
hallelujah praise the lord communism is satanism dont ever trust chinese communist party another covid19 a bioweapon that comes from wuhan institute of virology chinese communist party will suffer the most chinese communist party bumagsak na kayo sa pangalan ni jesucristo hallelujah hallelujah hallelujah hallelujah hallelujah,Positive,2
please we dont want it here in canada ,Positive,2
the world is a stage,Neutral,1
the start of fall,Neutral,1
hmpv is nothing new we test occasionally for this at my hospital nice scare tactic though,Negative,0
come to think of it with 800000000 people to 18 billion people lots of transmission of viruses,Neutral,1
why they continually working on bioweapon,Neutral,1
is this the next project out of whohan lavatory how long will it take to analyze since the whohan lavatory seems to be the only lavatory for viral analyzing,Neutral,1
the exporter of viruses strikes again,Negative,0
sick of chinese and their virus contribution of ccp to humanity ,Negative,0
the global factory of virus is back watch out,Neutral,1
damn chinese and their curses,Negative,0
oopsi did it again britney 2000 china since 2020,Neutral,1
blame china for tax in india,Negative,0
another lockdown china should be penalized already,Neutral,1
 itll be all over the world soon maybe maybe not i know nothing,Neutral,1
this time around everybody better take this serious china is dangerous,Negative,0
meanwhile before several airlines accidents happened near this outbreak,Negative,0
and planes will continue to fly in and out of china world zhealth will do nothing until over 40 countries have this new virus,Neutral,1
when evil people like to dabble in biolabs all over the world youll never know when new pandemics gonna strike influenza thrives during cold months,Negative,0
anyone who entertained themselves by watching the movie entitled contagin and further believed in contagin need not worry research germ vs terrain theory,Positive,2
more stimulus checks then this time should be monthly in ,Neutral,1
its that time of the year again,Neutral,1
pharma business will rise in 2025 again business virus,Neutral,1
google is suppressing news about this outbreak who has taken control over google,Neutral,1
probly all 200 viles that went missing that was one of them lol registered,Positive,2
i dont understand how new viruses seem to hatch in china there is one other country im not mentioning,Neutral,1
of course man made chinese viruses as soon as trump gets elected again ,Neutral,1
what they invented another one,Neutral,1
last outbreak started in december 2019  now this,Neutral,1
so are we going to have new holiday,Positive,2
why everything start from their country,Neutral,1
the jabbed been activated all by design,Neutral,1
china the covid country ,Neutral,1
me and both of my parent family sides are all sick with covid and influenza  my aunt just died yesterday because all the sickness going around she had shaking baby syndrome and had a weak immune system,Negative,0
 now ah just before the inauguration this is cramp some of us unfortunately not the majority sees whats really going on,Negative,0
really covid came from the us not china if there will be a new virus it will comes from america,Neutral,1
hmm just like last timedjt won nownhe wins again and here we go for pandemic part 2,Positive,2
screw this im not getting vaccinated for anything else covid jab gave me severe neuropathy in my legs,Negative,0
now they already producing biological weapon ambitious wet dreams wants to become the next master of entire human race,Positive,2
nooo i refuse this abbreviation i pronounce it as low risk,Negative,0
copyright,Neutral,1
theyve been at it for years making biological weapon,Negative,0
dont be too happy it will spread worldwide so why so happy about it report it responsibly warn people help your neighbors collaborate to battle it if you think it wont come to you it will come to you just like how covid spreaded,Negative,0
shut travel down now we dont need to risk it when both countries are on the brink of war no excuses preserve and serve,Negative,0
dont fall for it done been down that road before maybe 45 years ago,Neutral,1
i am sure pharmaceutical companies are behind these pandemics,Positive,2
china is busy in experimenting and producing new biological weapons and world is mum,Negative,0
ukraine caused covid,Neutral,1
are they letting it loose like the world did of covid or stop it from soreading block china completely the world is your choices,Negative,0
if i know ill die i will never ever have any vaccination its all fup,Negative,0
bunch of nutz fell out the tree,Neutral,1
keep it in china no more china virus in the us,Negative,0
the chinese government is creating those viruses to stabilize its population the chinese government are evil and should be held accountable,Negative,0
the only way to stop another virus pandemic is i think is to completely shutdown foreign travel no one gets out or in in the country only cargo can go in or out,Negative,0
   stay at home save lives ,Positive,2
its always when trump is president,Neutral,1
this is just like when bill gates said again there is another virus they hate trump so they will unleash again,Negative,0
what is the death toll,Negative,0
new virus china,Neutral,1
chinese must not allow visitors from western countries since these western countries have hate issues with china,Negative,0
most likely the cause is from shedding hope people dont fall for this again,Positive,2
chn should be shut down no chinese nationals should be allowed to enter other countries,Negative,0
any kind of physical communication should be restricted with that or those countrys,Negative,0
here we gotheir trying to destroy the human population,Negative,0
these viruses are created by the beast system do not take any vax dont be deceived people,Positive,2
china never loses hope india is ready we are ok for lock down again,Positive,2
i feel like now that trump got elected theyre gonna do covid19 20,Positive,2
another business for the pharmaceutical industry ,Neutral,1
thats all we need it will be just a call to trump and we will have history repeat itself,Neutral,1
full of nonsense,Negative,0
everyone i know is sick but thanks to the cdc no one is testing no one wants to know what they have so they can go to work or take time off for the holidays as usual,Positive,2
wion is sensesationalizing it,Neutral,1
the entire china is like the wuhan virus laboratory ,Positive,2
china will export this to the world,Neutral,1
right in time for trump its almost like these viruses have political persuasion i guess if youre the type who believes a cloth masks protects you from a virus then youre suffering from cognitive issues unfortunately thats half of the us so definitely half of the western empire 3rd world countries dont count for the obvious reasons 1st and even 2nd world countries are what im talking about dumb smart people,Positive,2
origin is unknown but it is always china,Neutral,1
big pharma rubbing their hands again for the upcoming new record profits ohhh remember last time they said it didnt originate in c h i n a ,Positive,2
why viruses bourne in china lookslike they manufacture em,Neutral,1
whats new china is always doing something to sabotage peoples way of living government controlling people,Negative,0
must have been manipulating virus for weapon,Negative,0
so many people calling for lockdown on china where have all the covid19 deniers gone ,Negative,0
no such thing as coincidence ,Negative,0
travel ban immediately,Negative,0
another government show,Neutral,1
if you want to live then pay attention,Neutral,1
people today are sleeping people i dont blame them because we have many idiots trying to make money illegally,Positive,2
another lock down,Neutral,1
thank you and come again,Positive,2
come on chine we tired of this shit not another one,Negative,0
all of these attacks against society by china the us needs to take this xi out if he can not control his country,Negative,0
it sounds like a lot of toilet paper ,Positive,2
lol close airport easy to contain,Positive,2
no china lost a lot in covid19 i dont think they tried it again,Negative,0
pharmaceutical companies need another virus to make billions,Neutral,1
thats is why china is known as the sick man of asia,Negative,0
 every time they use emf radiation 5g 18ghz to flu like symptoms vaccine is ready dont take any vaccine,Positive,2
the sale of fare trip going and outgoing china will be on huge discount for sure new laboratory dungeon unlocked wuhan biolab nightmare b1f,Positive,2
omg its terrible for humanity,Negative,0
these chinese are expert at producing new viruses and exporting to the worldregistered,Neutral,1
the who will inform the people that it is not transmissible same as covid then china will tell to all chinese that us cause it and then they flaunt that they prevent it like the last covid,Positive,2
lets not wait for who again stop chinese from entering the country keep them away,Negative,0
new chinese billionaires a year after,Neutral,1
they must have eaten my sick dog,Negative,0
just in time again for djt again like planned these evil gvts and fauci wanting to depop stop all shipments of product and people from chn,Negative,0
maturity is when u realise new virus eruption is very common,Neutral,1
the million question is why cant they keep it n china by january 2nd theyll b reporting cases have been detected in the united states,Positive,2
in march whole world ,Neutral,1
then vaccines go brrrrttt 1 year after covid playbook here we go again,Neutral,1
if this is real which i hope it is then trump is in for a rough ride,Positive,2
china poisoned again the world with a deadly new virus,Negative,0
the chinese eats anything that moves even centipedes god have mercy on them,Positive,2
no wonder some of the train was empty,Negative,0
no entry from china,Negative,0
travel ban must be adhere,Negative,0
another buiseness,Neutral,1
the corona viroid has a few variants 4 are zoonotic or can jump species sarscovid has the largest genome of all the positive stranded rna varoids meaning it can produce viable varients fast and keep mutating we live in a world shared by bacteria fungiprions and the viroids,Positive,2
chena again with its virus,Neutral,1
same kinda thing happened the last time trump won,Positive,2
again i hate trump and china love story like 2020 reapiting close all the travel in and out from china specially from south side,Positive,2
registeredchina spread again virus world wide,Neutral,1
its all planned say no to vaccination,Negative,0
strength for today utube videos also strait narrow utube also last days utube god has warned,Positive,2
cohmpvid24 china originated human meta pneumo virus in december 2024 ,Neutral,1
registeredregisteredregistered oh god now what ,Positive,2
capital of virus china,Neutral,1
do u think the virus will spread worldwide again do u think its a conspiracy between china and the owg to depopulate the world what do u think,Negative,0
not again shit ,Positive,2
because covid was so successful in making people get the jab they trying it on again bs,Positive,2
here we go againround two,Neutral,1
they are eating the dogs,Neutral,1
what is wrong with these people make we pray hard for mercy,Positive,2
i have a coating of cigarette and canabis in my blood no virus can survive inside me,Negative,0
what china focking doing,Neutral,1
then chinese must ban first to enter any country to prevent the widespread outbreak of the virus until further studies and observation chinese from china only,Negative,0
china is broke nowthis is the only way to make money by supplying vaccines to the world as like before it the money covid,Negative,0
exept on me i am the curiosity of matter and my constitution recognize itself 100 i am the most actual organist in universe no virus can corrupt my genetic defense,Negative,0
shut down the economy cant repay you debts to china china takes over your country,Neutral,1
china a focking again bro give us a focking break bro,Neutral,1
so covid 20 ,Neutral,1
sure or not cook up by media,Positive,2
shut down borders for the mainland chinese entries,Neutral,1
all worlds confusion commotion distractions destructions all starts from cheena ,Negative,0
no surprise here,Neutral,1
we all had it just before christmas,Neutral,1
greatregistered,Neutral,1
made in china again it wont last ,Neutral,1
funny all these new diseases symptoms are exactly like common preexisting diseases media goofballs never question never investigate just blindly repeating the same narrative that caused the destruction of the world economy in 2020 coconspirators,Positive,2
cant stop flight to china,Positive,2
close all the border,Neutral,1
look they made another virus,Neutral,1
close borders now,Neutral,1
strange how in the last couple of decades we are hearing of diseases that we had never heard of before so much money got spent on biolabs,Negative,0
world government the greatest enemy of mankind,Positive,2
this copyrightwill not work with european people anymore,Neutral,1
covid didnt have a vaccine either,Neutral,1
they are trying so hard to bring in another c19 virus after their failed elections monkey pox bird flu and disease x all failed so now they are going to try their new hmpv patent,Negative,0
it is from us biolabs 100,Neutral,1
another shit coming from china a greed people i pray this will not spread across the world in jesus name amen,Negative,0
oh no not again i never took any vax the first time and im not going to take it any in the future scams,Negative,0
symptoms are there are no symptoms ,Negative,0
sickmen of asia,Neutral,1
never had covid jabs wont be having anything in future either,Neutral,1
obviously they are making viruses to prepare for biochemical war,Negative,0
around the world again powerful virus,Positive,2
didnt they learn their lesson with covid,Neutral,1
people not dump now not gona scare us now not me media make big story dont trust humans distract us from god put ur trust in lord jesus not man,Positive,2
humans have a immune system no vaccine required vaccines are a tool to flush money always has been always will be its not about health,Neutral,1
the broadcaster has the voice of a virus,Neutral,1
here we go again this time stop all chinese travellers to all countries until it is clear the world financially can not afford this,Positive,2
h m p 5 new prison virus,Negative,0
youre so beautiful you are so glamorous that you make the stars look dim,Positive,2
not surprised the same 2020 before trump take office crazy not more vaccine enoffffffregistered,Negative,0
block all travel from china in and out of china,Negative,0
not surprised the same 2020 before trump take office crazy,Negative,0
crazy bullshiet not more vaccine crazyyyyyyyyyuy,Negative,0
lets make something abundantly clear when you create a vaccine for a synthetic pathogen you are exerting extreme downward pressure on the particle this will cause mutations within the virus this is exactly how variants of the covid virus were caused the ccp have mastered bio warfare this is a window of opportunity for vladimir putin the ccp to weaponize the illegal migrants and refugees in the united states canada we will all be infected and dead the ones who survive will wish they were dead this is going to happen because the ghoras have concealed the truth about me the last 18 years the ccp named the landing of mars after the god of fire which is the sun they knew who i was ages ago i am in the chinese scripture,Negative,0
lmao   get ready for lock down 20 in 2025,Positive,2
why do all these viruses keep coming out of china,Neutral,1
covid is behind all the strange sickness in hole world  registered,Negative,0
this is what is look like when a biowapen  running free combind whit the gene  terapy the called vaccine  the kaos has begun in highly vax countrys just like geert vanden boosche said all the time  registered,Positive,2
is this phase 2,Neutral,1
oh my how the bullshit starts spraying and spreading in the air stick your vac,Negative,0
the deep state will do whatever is necessary to stop trump and maintain control releasing a disease on people to derail all his plans is an easy choice for them,Negative,0
the normal human immunity system can cure this no problems dont hype it 30 dec 2024,Negative,0
china being transparent ,Neutral,1
farting too,Neutral,1
just before the new trump administration hmmm sounds suspect ,Negative,0
are there fatalities from this virus this wasnt reported,Negative,0
214 just ware mask  every day or a suit to cove u just a norm soon mask,Neutral,1
eish china,Neutral,1
why is china having new viruse epidemics when trump is coming in,Neutral,1
america is gonna pass this time,Neutral,1
just in time when trump is in office again,Neutral,1
china got a new bird flu to spread,Negative,0
i got very similar virus as this one few months ago man it was unfun in my country there was high number of similar cases so i dont think china is the first one to get it,Positive,2
they said its a common type of virus especially this time of year i would not be too concerned,Neutral,1
i wonder if china is trying to reduce its overpopulation with new diseases,Neutral,1
its because they are still fooling with crispr the high human population also invites virus and bacteria outbreaks,Negative,0
you cant say no one wants i wouldnt mind,Positive,2
with donald trump back on the presidents office in us i had a gut feeling the virus outbreak will return in china with another business class guy heading government in india the circus will restart there is just marketing and business to sell pharmaceuticals and vaccines however everyone should start wearing a mask as the new year eve approaches as idiots around the world will indulge in bursting firecrackers the toxic firecracker fumes will remain in the air for a few months poor air quality is the only cause of diseases like covid and not viruses the dumb scientists of the modern era will keep distracting the world with new virus names so keep yourself protected,Positive,2
the united states isnt gonna close maybe we will close our border but america will be open for business bet,Positive,2
india news be like step 1 blame china step 2 repeat step 1,Neutral,1
of course they do they need to reopen that playbook anything to sabotage trump its so obvious,Negative,0
nothing will happen,Neutral,1
planned right on time for trump presidency we already saw this show,Neutral,1
oh what have they been eating now shit from their shit bowls,Negative,0
this is for stupid people,Negative,0
just in time for new year hmmmmm,Neutral,1
ok so all of the racism aside it actually did break out of a lab oh so they werent wrong,Neutral,1
its not a mystery virus you literally just said what the virus was moron,Negative,0
please god not another pandemic ,Positive,2
here it comes deep state stops trump hope not,Positive,2
please ,Positive,2
its called fauchi flu shut down the dam bio labs,Negative,0
they should shut the borders in the area affected this will end up like covid if they dont prevention is better than dealing with another pandemic why are they not locking down it shows they deliberitly want this to spread around the world just like covid how obvious,Positive,2
another one ,Neutral,1
covid is just a test run the real deal is this one,Neutral,1
more crap the chinese labs are letting out,Negative,0
so its literally the flucold under a different name not surprised they are trying to pull this again,Negative,0
sounds like a case of bs i am glad yall cover things that most dont,Positive,2
how careless,Negative,0
communism will bring about the worst human problems a time will come where they unseat thw us in most of the things most people will view china as a saviour only to find that it is bring about the human race to its knees,Negative,0
if trump bans all travel to and forth from china the real life horror film character known as nancy pelosi and the corrupt demorat party which supports illegal immigration will call him xenophobic,Negative,0
why now trump is coming to white house china is the biggest problem in the world,Negative,0
yes and the whole world is ready to test it,Positive,2
was that one created by deep state doctor frankenstein faucis gain of function research as well,Positive,2
i sure that is money virus,Positive,2
the matrix parasites,Neutral,1
china and bill gates is producing new virus for their businesses,Neutral,1
just in time for a new nondemocrat administration the deep states effort to thwart the trump administration,Neutral,1
build a ,Neutral,1
i guess one of them 300 hundred deadly virus found awesome  ,Positive,2
so ban all travel to and from china ,Negative,0
just shut down level 4 bio lab in wuhan whats the hold up,Neutral,1
as it was the cobid 19 by usa i bet this is from usa too,Neutral,1
any surprise here,Positive,2
we only have slight problems in ontario and bc theyre big headed and wont move to a place like maitoba or saskatchewan or northwest territories or anywhere but ontario and bc the most populated sectoions really the weather and lakes are the most popular they forget they all clumped together the weathers fine elsewhere and theres lakes covering the place staying there your a fool willy 0,Negative,0
in china where theres the most people they go the most crazy  but were from canada a under populated section of the planet willy 0,Negative,0
fearfalse evidence appearing real crimes against humanity,Neutral,1
thats just enough time for a lab putting in over time to create virus after virus any simple man can see that willy 00,Positive,2
can you find the lab making all the lung viruses please we cleaned the oxygen for you and its getting worse willy 0,Negative,0
thanks for this information  this help us in take precautions ,Positive,2
global warming it has only started 15c,Positive,2
its ridiculous with the news of covid19 2020 you can wantonly smear china come to china and see it seeing is believing its also ridiculous to be hoodwinked,Negative,0
why is no one asking why we were funding the development of what amounts to germ warfare in a lab we knew to be run by our supposed number one geopolitical enemy,Negative,0
figured because trump is back and they are trying to stop him weve seen it before and we are not going to give in this time,Negative,0
ive played these games beforeeeeeeeee,Positive,2
bro before we got covid19 now this am craving out bro,Neutral,1
ive played theeeese games before i said ive played theeeese games before,Positive,2
honestly look as if youre channel is just desperate for another one ,Positive,2
thats why countries need to close borders,Neutral,1
copyrightcopyrightcopyrightcopyrightcopyrightcopyrightcopyrightcopyrightcopyright,Neutral,1
chinaregisteredregisteredbroke of india,Neutral,1
about tome you questioned humanity and who are we,Negative,0
and right spoton second trump election whow amazi g,Neutral,1
it always comes out of china place them in lock down and not to leave the country so the rest of the world can be safe,Positive,2
close the boarder,Neutral,1
as someone who was one of the first few 100 people to get vivid this is terrifying,Negative,0
anyone notice that throughout history most of the worlds worst and deadliest viruses originate from china,Negative,0
this is starting to look like a paternity fraud case but with countries being duped into taking responsibility and ownership for the origin,Negative,0
the real fear is the two counties they have built inside our territory and we can send bangles to the one who was supposed to protect jumla cannot protect,Positive,2
hindustan times stop spreading nonsense things the hmpv virus is not new to india it has been there in india for 5060 years every year it comes and goes in the winter season with a minor cough cold runny nose and mild headache for some people broadcast only news and stop spreading nuisance,Negative,0
china is definitely doing it in purpose lol,Positive,2
it came out in 2001,Neutral,1
pray that the masses dont buy this crap this timeenough already,Negative,0
bro chinese people be eating the most horrendous food out there maybe they should stop eating dogs rats and even bats,Negative,0
stop eating dogs cats bats snakes eat real food,Negative,0
just close the country i dont need this again,Neutral,1
here we go again all pre planned,Neutral,1
china needs to stop its biological attack on the world they should be held accountable,Negative,0
report from financial express no report on unusual hmpv outbreak from china yet expected surge so far who check it out,Negative,0
stop this nonsense there is a limit to fake reporting please do not unnecessarily cause alarm simply because you want to badmouth china refer to who for the real facts before shooting your mouth my friend just came back from china and he says things are normal yes there is an increase in hmpv cases and this is normal during the wintry months in any country,Positive,2
this is bull,Neutral,1
china very happy,Positive,2
people who survived 2020 ive played theese games before i said ive played theese games before,Positive,2
its always the chinese that make these viruses ,Neutral,1
mrpresident in indiachina taiwanspain and japan your daughter under the hostages below under ground in negros occidental tunnel same the prime minister in all asiathey are sex slave sex feet below the ground,Neutral,1
bruh not even 2 weeks into2025 and a lot of drama the wost 2 is this outbreak and the cyberteuck gets destroyed,Negative,0
dont make us all suffer keep that shit over there,Negative,0
this shit is planned because trump going into office,Negative,0
what idiotic music to spread the fear more people die from terror than these diseases seriously guys,Negative,0
bro china had to stop eating animals,Negative,0
hate china,Negative,0
its here in the uk as well,Positive,2
other fake shit fear mongering tactics for the masses know that whatever happening to people at this time is caused by the poison shuts they served 5 years ago people wake up,Negative,0
ive played this game before,Positive,2
bullshittt china bully shitt country cowards communists  stupid china coastguards idiots imperialistrespect respect your neighbors specially taiwan democracy and independence ,Negative,0
what is going on in china,Neutral,1
somebody sell them more durians consuming more than 10 whole durians per person will cure the sick individuals right eating more than 1 kg of salt and 1 kg of sugar per day helps too right,Negative,0
chinese are cursed by god ,Positive,2
chinese has been nothing but a problem to the rest of the world,Positive,2
this is interesting because i am in china and people that are not in china are reporting whats happening here why is it i have not heard of any outbreak,Positive,2
this is plotted by the us governent,Neutral,1
is it killing people is it weak like a flu or is it like the 20192021,Negative,0
whats going there that this keeps happening after all the world wide disruption and cost china or any country found causing this through preventable means should be charged costs to all other countries affected,Negative,0
so they just released another one registered,Neutral,1
reducing worlds population,Neutral,1
the world health organization is to blame for all this and china is also behind this and the world elites and the pharmaceutical mafias are to blame they are machines that kill people wake up from reality and do not let yourselves be manipulated by the world health organization and global control the fault of all this is theirs and bill gates who spent millions of dollars in placing mosquito breeding grounds to then release them to supposedly reduce the spread of diseases by mosquitoes and the only thing that was generated was the increase of diseases by mosquitoes they have their plans to wipe out the most vulnerable and sick population because for them we are garbage,Negative,0
this video is sponsored by usa,Neutral,1
i like music path,Positive,2
korea have news this virus is real,Neutral,1
i feel it has a lab in china making these viruses or thier eating habits causing two new viruses to emerge in the past 5 years,Neutral,1
this looks like more than a common cold or flu here we go usa,Neutral,1
holy shit this thing is happening again when trump took office he had covid now this thing that mainly attacks children and the elderly why not drop a nuclear bomb on china the us should do the same thing it did with the japan,Negative,0
just what the hell happens in that country,Negative,0
2025 copyright copyright ,Neutral,1
hope this is fake and solar storm or else we are cooked no wonder it starts with wtf,Negative,0
someone should tell them that they should stop eating catsdogs,Negative,0
anti virus will not take long after covid19 perspirations,Negative,0
indian media is a joke always reports fake news no such news in western media ,Negative,0
this is so fake  gfy,Negative,0
president trump needs to shutdown all travel to and from china all it takes is for z to send one infected lab test subjects to every country to touch off another pandemic,Negative,0
5yearsold video footage makes a new story good job,Positive,2
korea squid game season 2 china covid game season 2,Neutral,1
ive played this game before ,Positive,2
if another virus come out of china preaty sure we chinese could deal with it immediately unlike if it happened to other countries,Positive,2
next plandemic,Neutral,1
covid 25 let us know when to quit our jobs,Neutral,1
bird flu will be the real planned pandemic,Negative,0
listen guys i have played these games before,Positive,2
what now chixx not at fault again in 2020 mr zhao lijian suggested that the coronavirus which causes covid was manufactured by the us military and brought to chixx,Positive,2
last time trump in office then corona happen now he about to be in office and this happen usa ne co do something before it comes here,Neutral,1
been 5 years and the world already understands why media plays major part in scamming the world lessons still not taken,Positive,2
now have it thanks china you dirty sons of fks,Neutral,1
china and its designs anways have been secretive sinister and distructiveto itself the most if you dig a pit for anothet to fallyou will be the first casualty,Negative,0
chat were cooked,Neutral,1
chinaa should be banned from all sports events including olympics,Negative,0
after this pandemic china is the most reach country in the world because of pandemic they control the world all country are very poor except china,Negative,0
this virus hmpv will spread around the world again well we hope not stay strong people and get vaccinated,Positive,2
china new virus again,Neutral,1
please lord help us save our country,Positive,2
hmpv circulating around 70yrs now and was massive in 2000s theres nothing new here not dramatic either avoid people and dont spread the virus wash hands thats it,Positive,2
manufactured crisis,Negative,0
hindustan times just wasted couple seconds of my valuable time posting shit fake news guess only the stupid people will believe and watch your crap,Negative,0
ive seen this movie already unless this is part 2,Neutral,1
stop eating bats please ffs,Negative,0
bs india media fraught with fakery and propaganda see one see all believing them is like believing cows urine is excellent medicinal properties,Positive,2
why is this not shown on american news as well,Positive,2
this is a load of bs and we all know it,Neutral,1
why are they showing info on civic,Neutral,1
now its time for pubg rankpush,Neutral,1
are they trying to affect the us economy,Neutral,1
covid season 2 anyone,Neutral,1
sounds like another stimulus for my broke ass,Negative,0
my friends from south africa are there as we speak and they said its lies they sent videos of life continuing as per normal with no masks whatsoever i think this is another jabber 2025 scheme,Negative,0
when will the vaccine be ready stefan lanka asks what to tell him,Positive,2
alright lets see how luck my survival chances are,Positive,2
well if you ask me this is the second virus coming from china they obviously have too many people so hopefully theyll lose a bunch and maybe they wont be infecting the rest of the world anymore,Positive,2
more cover ups from a lying country who killed millions of their own people,Negative,0
what are they trying to inject to our body as antidotes more nanobots transformers,Neutral,1
dont fall for it again,Neutral,1
five years after covid19 india shameless disgusting media battles dangerous new rabies virus outbreak,Negative,0
my granda is dead and i also have the virus i am in the hospital its crowded by sick people wish me luck pls,Negative,0
sounds like another trump virus,Positive,2
as always they are not telling the world the truth about this another virus,Positive,2
and like someone here already comment this videos are from the past pandemic click bate now,Positive,2
anything coming from indian news is fake,Negative,0
during jbiden as president there is no virus but during dtrump as president he spread the virus to china his motive is to destroy china economy so that he can win the war with china 78 years he spread the virus but did not win china to compensate him he will try again this time will use other type of virus,Negative,0
close the boarder on china,Neutral,1
dr udoka on youtube herbs remains the besti usually get herpes outbreakshmpv and erectile dysfunction due to underlaying health issues every 3 weeks or sobut now is all over and far gone,Negative,0
why virus break out in china the answer is it could be dtrump hired his team member to spread out the virus it is the same thing as 78 years back when dtrump was president of america he want to this strategy to extort china for money,Positive,2
its just a clip of covid 19 which they are fooling us,Negative,0
these are the same videos i saw 5 years ago well done shitstan times ,Positive,2
time to take the 19th boosters peasantssssss you know whats funny every bitcoin halving year theres a new virus so the ducks dont pay attention,Positive,2
thats for not beang dogs eating eaniying,Neutral,1
this is propaganda what do you expect from youtubeif you go online for science agencies in charge will paint a completely different picture its nowhere near like covid19 youll be fine but as for you to honestly do not come here to try to learn anything these are channels with content creators looking for clicks thats how they make money you know money theyll do anything for it including lie to you and give you sensationalism headlines just for your clicks always remember this youtube sucks,Neutral,1
chinese should be banned for travelling in any country,Negative,0
karmaaaaaa hidi mindi come and see real legal system aliens that can control skies of countries come and hurt my emotions please remember banana  auction carefully my darling corona virus  oh noall of you think carefully it will be only orientals with full power its been written in history if any indian hacks my line at home bro my surname is khatami my uncles work for the iranian government and my ass is stuck with low class masons if i ever join the military or have my heart broken or cry i wont look at the sky anymore,Negative,0
hindustan cop29 ,Neutral,1
fake news the above video was taken during covid19 everything is fine now in china,Negative,0
this righteous youtuber dare to point out the evil shameless disgusting indian media political slandering propaganda youtube title inside a hospital in china india media is trash no hmpv virus in sight real footage,Negative,0
can someone find out whats happening in china why the hell every deadly outbreaks coming from china,Negative,0
nobody care if someone will be sick for example in uzbekistan but all are waiting virus in china,Neutral,1
modi government is the worse and the media simply is rubbish,Negative,0
this is rubbish indian media as there is nothing like in china bro,Negative,0
not another lock down again please,Positive,2
why is a new virus coming in 2025 theres covid 19 what else,Neutral,1
bird flu is coming for another global pandemic,Negative,0
mark my words good ole usa will leave the airline borders open without any desease testing big gov 7 big corps are all liars ill swim the pacific oceran first before i trust any of them,Negative,0
tip if you say a spreading disease is fake your chances of catching it are increased by 246 stay safe,Positive,2
you ever think that maybe its trumps way of getting rid of the poor,Negative,0
no one will believe nowadays for covid covid is purely a business spread through social media they spread it to increase their sales on gloves sanitizer alcohol specially vaccine please dont panic this is human made virus only,Positive,2
in 2020 the first days started with wtf aka wednesday thursday friday and in 2025 its also gunna start with wtf soooo yeah i think we are at risk agin,Negative,0
remember 2 years ago when fauci and bill gates said the next pandemic will get peoples attention well here it is man made pre planned how would they know   if people fall the so called new hmpv virus then you must already be vaccinated for covid ,Positive,2
its china again im getting suspicious twice in a row no china is being sus,Negative,0
pov wtf year kicks in,Negative,0
2020 start with wtf and then 2025,Negative,0
how about china stop building these diseases and stop spreading it to everybody,Negative,0
nice china making another population control ,Positive,2
round 2 here we come edit this is why im never moving to china,Neutral,1
its all planned,Neutral,1
late last year communist china invited no visa entry from a long list of nations combining with this new pandemic the move by chinese communist party will only cause much faster spread of this new virus,Positive,2
no goods or flights from china now,Negative,0
battles it hell they created it nice,Negative,0
god give us peace in world save whole world,Positive,2
theres an old saying that goes like this fool me once shame on you fool me twice shame on me you really think that well fall in line after all that weve gone through these last 5 years it will get bloody this time we will not comply to the agenda the elite is going down we the people will win god is with us ,Negative,0
thank you so much drapalahealing for you have made me a 100 great full because at first i was really doubtful of receiving my medicine but you made me believe in your medicine and it will work now i cant stop thinking about you drapalahealing,Positive,2
whos videotaping in the ers youre not even allowed to have your phone on,Neutral,1
is it called seers because thats the fictional name bill gates gave a respiratory virus in his fictional training video under catastrophic contagion,Negative,0
its biological warfare again china keeps unleashing new viruses they made all of these mutated viruses come back to china every country should be furious with china,Negative,0
this is how the pandemic started on 2020 it wasnt reported for aboht a month and when it got out people thought it was fake news until we had a level 5 lockdown in march 2020 it started the same time in january 2020very sneaky no1 was suspicious,Negative,0
psyop its deliberate and its sprayed,Neutral,1
false my friends from china said that is not true stop to feed evil glonalists,Negative,0
they released again in china again lets see what level of severity this time,Neutral,1
who cares about china as long as we all dont get it,Positive,2
im in china from northeast india why the fucking ass hole national media so foolish dont spead such annoying news mother chud,Negative,0
human metapneumovirus is not new i work in infectious disease in the usa and we have 2 patients currently in our hospital with it china and the world want to spread this bs and have everyone panicking again dont believe the nonsense,Negative,0
why viruses starts only from china,Neutral,1
lets go home school thats gonna be fun cant wait,Positive,2
lockdown part 2 maybe not the whole year this time ,Neutral,1
the world should outright ban any bio experimental research,Negative,0
china killing off unwanted people again,Negative,0
they eating every shit thats why,Negative,0
why is it flipping chinachina is the problem here many deadly stuff be coming from china5 years ago people died because of which country chinathis is getting out of hand eventually we will all end up dying just because of one country please dont that then the people from china are gonna come to our countries again hai hai lets not that sanitizewear mask and stay where you are at this point,Negative,0
chinas new super weapon,Positive,2
new sensational wannabe relevant channel lying again why cant you be succesfull witouth lies,Negative,0
isnt curious how when chinas economy starts to tank a virus outbreak occurs can you say ccp wagging the dog another control tactic within a communist ruled country it is like a subversive biological attack on their own people not mention it spreading and effecting the rest of the world,Negative,0
keep the people scared,Negative,0
china or india ka politics soroo,Neutral,1
just ignore it,Negative,0
guess what they ate this time ,Neutral,1
well when it ends they will just keep eating random animal meat food i guess,Positive,2
stop traveling to china lock that country down,Negative,0
this is fake stop it,Negative,0
this all footage are covid19 footages,Neutral,1
oh please and what china did with that did they stop the airports and all road making sure is not spreading around the world no did they announce lockdown no just another bullshit give it a week and we all going to have a lockdown all over again  btw there is no vaccine and im not a lab rat so ,Negative,0
china so failure he make virus again,Negative,0
blessed 2025 everyone jesus loves u all so much fear not give ur hearts to him go to him for salvation because he promises that no weapon formed against u shall not prosper he is the prince of peace call upon his name to save u god bless u all in christ u be a winner and will have joy and peace in the midst of caous and protection ,Positive,2
free fire me comeback kre ne ka time agya ,Positive,2
another strategy of china to spread virus to benefit them,Positive,2
fantastic gift by china to the world,Positive,2
the world is full of beautiful places the world is full of beautiful places the world is full of beautiful places the world is full of beautiful places the world is full of beautiful places the world is full of beautiful places the world is full of beautiful places the world is full of beautiful places the world is full of beautiful places the world is full of people and the world is full of people,Positive,2
hear we go again trump is about to be president so the dems have again teamed up with china to create another fake out break lock up the world until trump is no longer president,Negative,0
many people from china told its fake news and media vomiting without truth or common sense,Negative,0
all the countries should learn from what happened back then during covid registered please be smart this time,Positive,2
isnt it amazing that no one have said that these are old footagefrom 5 years ago,Negative,0
fake news im from singapore and am living in shanghai china for the past 20 years and travel to different cities for work regularly there is no flu epidemicpandemic i think its because too many westerners are coming to china because of the visa free program and discovering the truth for themselves this is an attempt to stop those visits it is really pathetic to see india stoop to this level,Negative,0
actually guys in my opinion chinese people should stop eating all kinds of meat insects etc i mean not to hate their culture but its becoming hazardous to eat organisms with different internal structures and properties,Positive,2
my friend he is in china he said everything is ok in china but the media ,Positive,2
we dont want lockdown again please ,Positive,2
only in indian media why there is no coverage on any international news,Negative,0
right in time for trumps incompetence,Negative,0
bro the year just started,Neutral,1
where in china coz theres such thing in china unless who created another chinese country,Positive,2
2025god bless us,Positive,2
mass virus producer of world shame on you china mayanmar much better than china ,Negative,0
if you want to know the cause find who benefits the most of this yeah im talking about you devil gates,Positive,2
chinese bots downplaying hmpv ,Neutral,1
in times of pandemic call israel,Neutral,1
is this legitregistered,Neutral,1
people who saying that it is fake after sometimes they will visit hospital,Negative,0
quit growing sh,Positive,2
what a terrible thing to do to your own people surprised the small pox they were growing in 2005 didnt leak or we were just already vaccinated for it just my opinion as one of the people offered the booster in case it spread and could work the front line if it hit the us,Positive,2
wonder if china has cancelled all flights bet he hasnt,Negative,0
is this man killing off his citizens,Negative,0
 lol yeah rite nothing more than fake news china is battling nothing they having parades and parties all over the place in n china ,Positive,2
people must be tamed according to rulers of this world,Neutral,1
lol just in time for trump taking office perfect timing for release of new bio weapon cobid version 2,Positive,2
why fake news 1 lindu very jealous on chinas 6th generation fighter 2 lindu very angry on the world largest dam 3 lindu got no shame ,Negative,0
oh god hope they can survive this and clears away quickly for the people in china   ,Positive,2
modi controls everything in india  india is more like dictatorship,Positive,2
hmpv was discovered in 2001 calling it a new virus imo is slightly misleading lol,Neutral,1
god knows what these people are doing and the evil intentions whoever is part of it you will answer to god,Negative,0
back to the days,Neutral,1
the solution for this is rubbing brandy on the body i have been suffering from cancer for 14 years and i treat myself that way i dont take anything else and im fine i also had the anticovid vaccine as an experiment i was about to die if the boy hadnt been home when i had the seizure my sick lung was bursting he poured a bottle of brandy on my body and this way i didnt die in 2 minutes the crisis passed and i could breathe,Negative,0
sure just in time for trump maybe someone needs to investigate why this always happens in china,Positive,2
there has been flu in winter always stop this stupid reporting im 69 and have no fear from your stupid fear mongoring,Negative,0
is china faking this or is this really happening again ,Negative,0
who waits for it to become deadly world epidemic before taking action bs,Neutral,1
why is it only indian news that is reporting this so heavily very interesting,Positive,2
fake news  china normal ,Negative,0
so gatesdemocratswho let an new virus out on the world population,Neutral,1
paid actors filmed in bollywood,Neutral,1
leann rimes shame on you if you fool me once shame on me if you fool me twice,Negative,0
what a coincidence exactly 5 years ago looks like another covid virus coming in january 2030 exactly another 5 years i guess pfizer moderna merck and astrazeneca has a 5 year plan installed for the world to get vaccinated,Positive,2
this indian media is a national embarrassment to india they kept on telling lies lies and nothing but lies those photos in the video are old covid 19 videos how can you trust a country so irresponsible creating unnecessary panic i thought bbc is bad but this is worst misinformation lies and twisted truth come on india dont lose the trust of the world,Negative,0
us military bots incoming 321,Neutral,1
starts with the letter f and rhymes with cakenews,Neutral,1
film covid 25,Neutral,1
its all fake foreign vloggers in china already uploaded videos debunking this nonsense these video might even be from 5 years ago,Negative,0
thats the only thing they invent everything else is invented by white man and everybody knows it,Neutral,1
more lies remember the boy who cried wolf,Negative,0
everything made in china,Neutral,1
india and 5 eyes have been using the same scare tactic to scare the world in the last 5 years but in the end nothing happened,Negative,0
chinas war against donald trump again,Negative,0
why the fvck is it always china get your shit together,Negative,0
all is missing empty ambulances driving up and down the streets,Negative,0
who fucked a pangolin again,Negative,0
trying to reduce unemployment,Negative,0
did not buy nor take any vaccines the first time this time neither i,Neutral,1
trump gets in usa lab in china has outbreak biden has no knowledge what a coincidence,Negative,0
fake newsfake newstemporary out of controlthe satanic elites fight desperately to survivethey are giving their last kicks of drowned now their time is up their days are counted the sleeping wolves have already woke upnow they are taking out their nails the sleeping ones they fight for a criminal pandemic like in the past but of this nothing will happen psychopathic fake news psychopathic fake news the king has died long live the king,Negative,0
shhs trump still doesnt know what covid is all about haaaaa haaaaaa,Neutral,1
studyiqs new year sale ends today upsc ias live gs p2i foundation upsc ias live sip 2025 call us for upsc counselling 7640003000 use code ankitlive  to get highest discount upsc ias live sip 2025 december evening batch upsc ias live gs p2i foundation new year batch upsc ias live gs p2i foundation hindi new year batch upsc ias p2i long term foundation new year batch upsc ias mains live optional batches upsc ias live gs p2i foundation english new year batch,Neutral,1
whats wrong with china  har cheez ki shuruvat vahi se kyou registered,Negative,0
might be a biological ear against india,Neutral,1
905 option a,Neutral,1
china to india flight band karo na fir,Neutral,1
covid season 2 ,Neutral,1
just after the release of 6th generation fighter jet,Positive,2
china me virus aur india me mahakumbhwhat will happen if this virus meet the crowdgod save us,Positive,2
india should stop transportation facility to china and to india as soon as possible,Negative,0
it might be covid again its on back in his own country maybe i think all are safe there also,Positive,2
only the indian media vigorously reported on the chinese virus while other countries did not have this news it may be that there has been too much good news about china recently and the indian media feels that the indian people need some bad news about china,Neutral,1
ye news bus india mai hi chal rahi hai foreign media mai nahiregisteredregisteredregisteredregistered,Neutral,1
and problem is this china do not share actual data about this with world,Negative,0
bro i am 12 year girl and i have same problem i am from nepal and if this same virus happened to me i think i have to bye this world and i am about to turn 13 i am scared guys,Negative,0
blinkit ambulance service started did they know before,Neutral,1
government increase 28 gst on hospital services nirmala sitaraman finance minister,Positive,2
who is controlled buy china so they will be quit and all markets will be crashed soon for deep buying for institution,Neutral,1
everyone should ban who china already bought who,Negative,0
world factory is now virus factory,Neutral,1
elephantiasis is caused by filarial worms,Neutral,1
ready for season 2,Positive,2
elephantiasis is caused by filarial worms ,Neutral,1
a filarial worms,Neutral,1
it is not a new virusit was discovered in early 2000s,Neutral,1
why is only indian media covering it tho,Neutral,1
10th or 12th students be like boards s pehle lockdown lag jaye,Neutral,1
ashthama symptoms  use inhaler madicine ,Neutral,1
free fire india kb ayega bhai registered,Positive,2
give us a break,Neutral,1
ooo please god not again ,Positive,2
workout eat clean increase your immunity,Positive,2
indian media needs to stop spreading hatred towards chinese calling it china virus it is everywhere,Negative,0
virus again children no school adults ,Negative,0
filarial worms,Neutral,1
option a,Neutral,1
oh yes 12 boards online   ,Positive,2
thanks for 298 subscribers ,Positive,2
i think the ans is mosquito,Neutral,1
new pandemic before gta6 ,Neutral,1
ans filarial worms,Neutral,1
lockdown season 2 episode 1 ,Neutral,1
selling of fear through virous a bio weapons,Negative,0
indian health department official has said it can be dealt nothing to worry seems it wont be like pandemic crisis,Negative,0
we got covid season 2 before gta vi,Neutral,1
india me lockdown lg jaye boards aa rahe hai ,Neutral,1
welcome back,Positive,2
china to world our 6th generation fighter aircrafts are able in spreading virus,Positive,2
a filarial worm,Neutral,1
china i love you,Positive,2
new pandemic before gta 6,Neutral,1
boards students laughing in corner,Positive,2
government say nothing to worry they say same about covid also,Positive,2
aflarial worms,Neutral,1
students are happy after seeing this virus news coz their board exam will be held happen online shame on you those students who are happy if the mentality of students in this country is like this i feel sad but we are a failed society,Negative,0
covid19 season 2 is coming ,Neutral,1
a filarial worms 906,Neutral,1
stop flights between india china nepal,Negative,0
great lets pack it,Positive,2
afilarial worms,Neutral,1
kiya for se lockdown hoga,Neutral,1
china sorry for delay we have released new pandemic 20 happy near year 2025,Positive,2
option a filarial worms,Neutral,1
roundworms d,Neutral,1
we got pandemic season 2 before gta 6,Neutral,1
time to buy mask and sanitizer companies stocks,Neutral,1
spark pandemic 2025 2028,Positive,2
i think gaming era will come back vote,Neutral,1
a ray of hope for board students,Positive,2
should i study for board exams or not,Neutral,1
meanwhile watching from north china ,Neutral,1
whos corona vaccinated person here ,Neutral,1
why is indian government not on high alert close all borders with neighbouring countriesban all flights ban all large gathering be it fairs concerts meetings else it may cost us lakh of life  request indian government to take strict actionpublic should start maintaining public distancing proper mask and gathering should be banned ,Negative,0
thanku for this information sir ,Neutral,1
china  be like happy new year,Positive,2
international lock down karo,Neutral,1
new year gift for whole country by china once again ,Positive,2
10th 12th students ab aaiga na mja,Neutral,1
who doesnt have autonomy any more,Neutral,1
new virus come before gta 6,Neutral,1
nothing to panic about,Positive,2
climate change,Neutral,1
in the fear to trump china has released new virus or old 8 years virus,Negative,0
china living upto expectations ,Neutral,1
china happy new year,Positive,2
filariasis filarial worm,Neutral,1
have you any proof,Neutral,1
who are came from instagram attendence here,Neutral,1
tax toone ne me busy hai humari government ,Neutral,1
12th board exam wle soch rhe hnge kassh jldi se aaye,Neutral,1
season 1 2020 season 2 2025,Neutral,1
should i study or not,Neutral,1
nirmala sitharaman be like if you pay the tax i wont let any virus in india,Positive,2
option a filarial worm thank you sir,Positive,2
corona virus season 2 ,Neutral,1
all countries block the border from china,Negative,0
5 years gift from neighbors to world ,Positive,2
its in shimla too,Neutral,1
now which animal have they eaten,Neutral,1
has this virus spread to india registered,Neutral,1
tel lagaye duniya dari bas board exam ruk ma chahiye 42 days come back weting all students 10th and 12th,Neutral,1
not china but always china,Neutral,1
sabko pta tha yeh hone wala hai its 2025 bro same as 2020,Neutral,1
no lockdown again,Negative,0
every 2 months world is in danger due to new virus ,Negative,0
yesssssssslove to china,Neutral,1
why always there is virus before boards ,Neutral,1
china se ye hi expected hai,Neutral,1
the overall fact what we learn from the covid19 epidemic,Neutral,1
flatworms which is platyhelminthes,Neutral,1
ans option a,Neutral,1
what a beautiful start to 2025,Positive,2
season 2 episode 1 out now ,Neutral,1
bhai chaina se airline or trades band kerne hoge or waha se aane wale bando ko coran tine kerna chhaiye time per,Neutral,1
chinese government dekho kitni progressive hai population issue kitne easily handle kr rahi hai ,Positive,2
gareeb log hi suffer honge jyada happy new year virus ,Positive,2
new virus before gta 6,Neutral,1
all of us are dead season 2 ,Negative,0
f se airport pe ban kro international flights ko,Negative,0
somebody ate the bat again ,Neutral,1
work from home will be back,Neutral,1
ayo we got new virus before gta6,Neutral,1
guys kon kon ankita agarwal our prashant dhavan me confused hota hai,Negative,0
phir se,Neutral,1
same problem shown in india also,Negative,0
we the indians should not take this likely but isolate ourselves prevention is better than cure its better than the bestactually stay save,Positive,2
they are dying in numbers by various viruses and yet they are claiming territories from all its neighbours thats what you call a pathetic dictatorship,Negative,0
new year new virus,Neutral,1
preparing for another lockdown not bad hehe,Positive,2
international trailer pe isolation lagu karna chahiye,Negative,0
no board exams lockdown  ,Negative,0
boards ,Neutral,1
no more lockdown we are unemployment from long time,Negative,0
but why always china,Neutral,1
ye chemical war hai bohot bura wokt aane bala hairegistered,Negative,0
new conspiracy,Negative,0
this is chinas new year gift to the world,Positive,2
virus before exams,Neutral,1
china virus rise trump in power what coincidence,Neutral,1
block airlines,Negative,0
mask manufacturers be like chalo audi mercedes book kr lete hai,Positive,2
2019 covid bhi new year k aas pass hi aaya tha aur china shant baitha tha,Positive,2
wfh coming,Neutral,1
now we are going tk really play zombie game  maza aayeva,Positive,2
are yarrrrrrrrrr fir se nahi chaye lokown,Neutral,1
me cigarette nahi pita hu but delhi me rhta hu delhi pollution means to 1 packet of cigarette per day,Negative,0
should stop all flights from china,Negative,0
elephantiasis caused by mosquito s,Neutral,1
chotey motey atey rahengey but m saying 2028 me ayega ek dangerous virus jo corona se bhi jyada dangerous hoga pinned my comment as this prophecy of mine is going to b real,Negative,0
other countrieswe have gotten virus in our technology meanwhile china,Neutral,1
no please not again,Neutral,1
corona bhai gonna save us from boards ,Positive,2
its not new virusevery winter its common just be careful,Positive,2
1 information 944 minutes video haha,Positive,2
chinese flight ban karke waha se jo bhi log aa rahe unko ache check up karna chahiye,Negative,0
this virus motivate to wear mask and do hands wash,Positive,2
in 2020 1st junaury day is wednesday and now its still wednesday 1 january 2025,Neutral,1
updated covaxin indigenous required,Neutral,1
eat five star do nothing,Neutral,1
come soon please,Positive,2
anyone 2025 madhyamik students,Neutral,1
people always blame china  americans are safe,Positive,2
wow chhuti milegi work from home start hona chahiye,Positive,2
bro is not funny job are close and no government exam are recommended,Negative,0
we got 2nd pandemic before gta 6 ,Neutral,1
pendamic and lockdown etc not good especially small workers small selars i know because i face problemsstudents is till love itbut they understand you know i am a student too but my parents were completely unserviceable in the corona pandemici read many of the comments and it seemed like many would love to have a situation like corona again,Positive,2
243 sir with due respect social media kisi news ka adhar kabse ban gya most unreliable and unjustifiable source h wo to,Negative,0
wfh employees ,Neutral,1
bataoo auur bahut indian travel kr rhe he china ,Neutral,1
 college school band hojaye maje ajyga,Neutral,1
2020 new year came with news of a virus named corona outbreak in china and 2025 new year has similar news as well aab aap chronology samjhe ,Positive,2
elephantiasisfilarial worm,Neutral,1
corona to this virus kya re gunda banega tu time nahi dete sidha fel jana hota h aggressively ,Negative,0
why people are asking for airport screening ohh plz guys i want at least two semesters online i am fed up,Positive,2
luck down returns,Positive,2
china we export virus bharat we export vaccine others we export reports,Neutral,1
lock down 2025 chal,Neutral,1
lock  down kab lag rha ha registered,Neutral,1
lockdown season 2 is coming,Neutral,1
a filaria worm,Neutral,1
pehle se planned tha ki 2025 mein phir se corona vapas aayega,Neutral,1
once again lockdown hoga,Neutral,1
we should have an international government in china,Neutral,1
india ko immediately har international airport ko strictly chek kore specially from china,Neutral,1
indian government banned chinese airlines,Negative,0
elephantiasis is caused by filarial worm hence option a is correct,Neutral,1
china taking new measures to control population ,Neutral,1
why is it that only indian media is reporting this,Neutral,1
i give earth 1010 because iss earth me thriller he full on like virus traffic missiles nuclear relegion population burst wars etc etc baki multiverse earth pe ye saab nahi shanti he saab,Negative,0
we will get lockdown season 2 before gta 6,Neutral,1
please never i have to pay my loan,Positive,2
may allah save all muslims from this virus ,Positive,2
sideeffects of consuming dog cat bat rat,Neutral,1
a is the correct answer,Neutral,1
2020 season 1 2025 season 2,Neutral,1
every action is opposite reaction  happy new year,Positive,2
international flight bnd kro pleasei am pneumonic person and my age is 21 but i am dieing and getting mini attack because of chinacovid me bch gye lekin china lg rha jhukega nhi,Negative,0
new virus again pandemic before gta 6,Neutral,1
nirmalatai 100 tax as this virus is imported ,Neutral,1
what if gta 6 delayed due to this virus ,Negative,0
mujhe lockdown chahiye,Neutral,1
elephantiasis caused by filarial worms,Neutral,1
work from home ka season aa gya fir se ,Neutral,1
2020 started with wthwednesday thursday friday 2025 again started with wth,Negative,0
ans afilarial worms,Neutral,1
china denied outbreak of hmpv,Negative,0
china be like happy new year,Positive,2
honest experience my family and i were returning from west bengal to manipur and there were too many people coughing and sick on the train plane i honestly thought a virus was spreading in a sarcastic way but we are all sick too my mom having breathing problems and coughing  then i saw this video i just returned home yesterday if were sick with this virus then how about the people coughing everywhere  hope its just common cold,Negative,0
china happy new year dosto,Positive,2
government should cancel all flights from china,Negative,0
leftest wing is on its peak,Neutral,1
china is inspired by the movie jeene nahi dunga,Positive,2
it might be already there in india,Neutral,1
china pandemic    india gstandemic 30 tai,Neutral,1
guys covid19 20 coming so on,Neutral,1
new year gift  from chine ,Positive,2
2025 me sbse phle come back to virus ka hua hai ,Neutral,1
new propaganda starts,Negative,0
symptoms commonly associated with hmpv as noted by the cdc include cough and runny or stuffy nose fever sore throat wheezing or shortness of breath in severe cases in some cases the infection can escalate to bronchitis pneumonia or asthma exacerbations this is 24 old virus,Negative,0
can we have lockdown from today,Neutral,1
medical sector its time to make heavy money,Neutral,1
china be like no one can forget me,Negative,0
itne pollution me virus bhi suffocate hojaega,Neutral,1
exam is coming virsus is updating ,Neutral,1
china industrial growth slow down but virus export growth very high ,Positive,2
china happy new year world ,Positive,2
board wale bachhe inside ,Neutral,1
filarial worm,Neutral,1
who organisation is a failed organisation,Negative,0
afileria worm,Neutral,1
as expected as trump is coming to power and trade war is about to begin,Negative,0
the world is already prepared this time there will not be any problem like corona,Positive,2
china sneezes means syllabus decreases yeahhh,Neutral,1
jaldi india me ane do 2025 year pura half lockdown laga do,Neutral,1
no not again registered anymore,Negative,0
this is the starting of new year guess what would happen in ending of this year,Neutral,1
new year ka pehla gift  from senta we need lockdown,Positive,2
china just trying to decrease his population,Neutral,1
ye signature sound kafi irritating hai please remove,Negative,0
indians while lockdown playing bgmi ,Positive,2
china i cant overtake other countries economically lets slow down other countries ,Neutral,1
elephantiasis aka filariasis caused wuchereria bancrofti a filarial worm and vector is culex mosquito,Neutral,1
thats why we need to be vegetarian these things kinda virus mostly comes from all the non vegetarians,Neutral,1
no airport screenings yet i am sure theres no proper lab other than the pune lab for diagnosis yet 100 govt will keep sleeping until hmpv spreads in bharat just like they did in 2019 only to later put the blame on some jamaat,Negative,0
why xijinping blessing new year 1 day ago ,Positive,2
india registered,Neutral,1
its good news,Positive,2
2021 repeating now,Neutral,1
2020 is loading,Neutral,1
i think there is a man behind this in china who is called chinese thanos ,Neutral,1
india me ayega to 18 gst deni padegi by finance minister of india,Neutral,1
is this new version of covid,Neutral,1
trump won the elections and now china has decided to make problems for the world because he decided to put tariffs on china,Positive,2
6 gen aircraft  7gen virus china trolls india over hygiene n look who produces new new diseases every decade,Neutral,1
a filarial worms ,Neutral,1
how the predictions of the astrologerrs and spiritual guides are going correct,Neutral,1
we got new pandemic before gta 6,Neutral,1
bas ye aa jae bas 6 months ,Neutral,1
this could be a collaboration between deep state and china to prepare ground for trumps presidency hope he is prepared this timeregistered if none of the deep state actors are affected in this it means they are already vaccinated and there is a vaccine for this,Positive,2
welcome covid 25,Positive,2
virus bhai please come fast in india ,Positive,2
d none of these,Neutral,1
please eat amla everyday for immunity booster,Positive,2
medical mafias are like apna toh phir se lottery ,Positive,2
china always trying to make world adventurous,Positive,2
this is what our world leaders are giving ,Positive,2
are they releasing these viruses to decrease their population,Neutral,1
who sold thare responsibility to china,Neutral,1
tape worms,Neutral,1
we need lockdown again,Neutral,1
kerela here first one,Neutral,1
eat honey and dates2ltrwater daily ,Neutral,1
kitna baar covid like virus again wala news aayega kuch lock down nhi aayega sab okay bahut saare virus aaye hai before in news,Positive,2
fear of trump ,Negative,0
good news,Positive,2
optiona,Neutral,1
after this india will be go corona go on road again,Neutral,1
bhai koi nai bata raha hmpv failta kaise hai agar corona ki tarah air se failta hai to sudden emergency lockdown ki jarurat hai agar kisi aur means se failta hai jaise ki touch water ya other means se to necessary restriction ki jarurat hai strict lockdown like corona not required,Negative,0
859 a filarial worms,Neutral,1
the world organisation like who etc are a joke in front of ccp china   this winnie the poo will bring end to this humanity ,Positive,2
season 2 begins,Neutral,1
american way pehle bhi inki funding thi ,Neutral,1
i hope  chima will improve new virus varient,Positive,2
indians should start the covid protocols wear maskuse sanitizer and social distance should be followed,Neutral,1
antibiotic ke sath antivirus bhi lena hoga,Neutral,1
health emergency declared karne ke bad bhi who ko koi bhi country paisa nahin dega isiliye who ne health emergency declare nahin kiya hai,Negative,0
viral infections kept on affecting humans for centuries especially respiratory viruses nothing to worry about kyonki jiska janam hua hai uski mratyu nischit hai bhagwat geeta,Positive,2
chinas new policy to control population ,Neutral,1
china with his new product in the market  ,Neutral,1
board se pehle aaya to thike hai ,Neutral,1
begining of new scam,Negative,0
this information is not claimed and confirmed by the the twitter handle that has tweeted it,Neutral,1
rcb wil win this year,Positive,2
have to survive for gta 6 ,Neutral,1
ab kya fayda mera to graduation v khtm hogya,Neutral,1
i have fever and cough i recently went to delhi scared for my fam now,Negative,0
jee ka exam ane se pehle lockdown honaiye bss,Neutral,1
waiting,Neutral,1
if you understand the trend trump presidency  china is doing it so trump would not put tariffs on them prashant sir we should be very careful from china because they wont care about their own people for their selfish interests,Negative,0
in india reservation quota is best and effective technique to stop virus outbreak ,Positive,2
thank you for 230 subscriber ,Positive,2
chitya newss,Neutral,1
kuch n hone wala ab koi ise serious nhi leta ,Negative,0
elephentiasis is caused by fliarial worms,Neutral,1
once again wish you happy new year to all doctors ambulance drivers,Positive,2
aaj uper circuit laga tha company mai shares sale kar dene chahiye the,Positive,2
new chinemic before ww3,Neutral,1
mp ka tradaed pithampur me jo rha he wo dekho sir waha too gas he or wo india me he chine abhi dur he,Neutral,1
ohhhh myyy godddwhat about mahakumbha of prayagraj registered,Neutral,1
must take strongest possible measures world is already very unstable cant stand another endemic,Neutral,1
tapeworm registered,Neutral,1
chiense people really should stop eating bats,Negative,0
i am student i say virus welcome to india ,Positive,2
a option correct,Neutral,1
india is the largest exporter of medicine china is the largest exporter of pandemic ,Neutral,1
ban travel to and from chaina,Negative,0
who ne toh china se ghus li thi so why are we expecting from who,Neutral,1
new version update ,Neutral,1
who and iq are same,Neutral,1
we need this in india,Neutral,1
flu means cold,Negative,0
who puppet of china,Neutral,1
413 biology teacher ,Neutral,1
new year gift,Positive,2
905 filarial worm,Neutral,1
neet thoda postponed krdo bhai ,Negative,0
what people doesnt understand is thatall this viruses breaking out from china isnt a normal thing they are experimenting to create something with a virusthis leak out virus is either a product of something or experimenting on the public,Negative,0
apsaras in hinduism shrimad bhagavatam 887 next there appeared the apsaras who are used as pr0tituts on the heavenly planets they were fully decorated with golden ornaments and lockets and were dressed in fine and attractive clothing the apsaras move very slowly in an attractive style that bewilders the inhabitants of the heavenly planets,Positive,2
seriously  china again,Negative,0
did really china built great wall of china or world built it around china,Positive,2
now what did they eaten again,Neutral,1
december and jan are prime time for new pandemic,Neutral,1
go to the roots ayurveda yoga are solution whole problem,Negative,0
aur khaao sea food non veg registered,Neutral,1
what is our vishwaguru doing ,Neutral,1
china definitely working on bio weapons world should watch china investigate chine govt,Negative,0
kalki avtar china se he shayadkailash parvat everest hanuman hill jaha aj bhi hanuman jivit he sab whi he ufo sightingsjiske pas shiv wo to supoerpower banega hi,Neutral,1
do not expect who to act whovhand in glove with china in spreading virus,Neutral,1
new year new virus ,Neutral,1
virus infections affecting lungs will come and go and the current epidemic in china will spread usual precautions are essential getting worried or excited about it will not help anyone many people die from influenza infections and it is hardly discussed there are thousands of viruses that can affect the lungs new variations will come and go due to rapid travel virus epidemics are spread easily,Negative,0
new vaccine business opportunity ,Positive,2
stay home stay safe,Positive,2
no virus can impact indias population,Negative,0
new pandemic before our country got bankruptcies,Neutral,1
who will be silent again ,Neutral,1
new gift for trump ,Positive,2
mein icecream khaunga,Neutral,1
who who,Neutral,1
what about delhi most polluted city,Negative,0
who should be shut down,Neutral,1
virus before selection  virus after selection ,Neutral,1
filaria worm,Neutral,1
virus be like happy new year ,Positive,2
voice chang,Neutral,1
trump and corona has a relation both come togetherit could be response by china to trump trade war ,Negative,0
a filarial worm ,Neutral,1
we need to lockdown now,Neutral,1
freemasons,Neutral,1
somebody said this year also starts from wednesday ,Neutral,1
6th gen aircraft made in china 2nd generation virus made in china,Neutral,1
its not a big problem its fatality rate is less than 1 percent for hmpv,Negative,0
china never disappoint world ,Positive,2
filarial round worm,Neutral,1
2025 season 2 of 2020,Neutral,1
virus stolen from australia,Negative,0
i am not doing this again elon bhai i self appoint for your human requirement for one way trip to mars,Neutral,1
again lockdown please ,Positive,2
option a filarial worms thank you sir ,Positive,2
trump is back viruses is back,Neutral,1
they started eating bats again ,Neutral,1
suspend flights from china,Negative,0
not serious,Positive,2
again lockdown registered,Neutral,1
after hearing this news everyone from outside  from indside,Neutral,1
no ad this time registered,Negative,0
round 2,Neutral,1
please not again ,Positive,2
gta 6 delayed ,Negative,0
india should not open direct flight with china,Neutral,1
dcopyrightj vu ,Neutral,1
another money making scam for pharmaceutical companies,Negative,0
first comment,Neutral,1
chalo phir se it me online work chalu hoga and job for fresher aaye ga,Neutral,1
new pandemic before gta ,Neutral,1
upsc cse studyiq youtube channel is live now dont miss out  subscribe now for best content,Positive,2
so are we bitching about a normal common cold again,Negative,0
ive played these games before i said ive played these games before,Positive,2
ive played this games before,Positive,2
stop ive been in this pandemic before,Negative,0
finally i can play retro video games all day,Positive,2
we got covid chapter 2 before gta 6 ,Neutral,1
its because its a wtf year,Negative,0
jesus is come back,Neutral,1
like his reporting hes cautiously stating only facts as directed ,Positive,2
hmpv is more indian as palki sharma may not want to say or admit indian online channels have become notorious fake mongering click baiting with loud distracting music,Negative,0
stop the world already got covid it hasnt even been 10 yrs ban the flights,Negative,0
this is why the start of 2025 was wtf,Negative,0
 not then not now never ever will i believe the media,Neutral,1
we dont need another pandemic and trump term in our lives,Neutral,1
not again  ive played these games before moment,Negative,0
covid the sequel,Neutral,1
povyou got past 2020 ive played these games beforei said i played these games before,Positive,2
played this games before,Positive,2
surprise surprise china again pharmaceuticals cashing in on vaccinesregistered,Positive,2
cant trust anything from the american media either,Negative,0
we just recovered from the first and now they already want a sequel,Positive,2
kids born before 2020 ive played these games befoore,Positive,2
14 and under come on dont act like yall dont know they just trying to get rid of them own ppl and making it a worldwide problem,Negative,0
ive played this game before ahh pandemic,Positive,2
yesss more days off school,Neutral,1
oh so you mean covid was a virus manipulated by man in a chinese lab i mean why else would we worry about an outbreak in china,Negative,0
2020 sequel on the way broh,Neutral,1
no way we got lockdown season 2 before gta 6,Negative,0
umbrella corp what are you doin enough in the movies dont do it on real life ,Neutral,1
swear everything is made in china ,Negative,0
were gonna make so many new words during the pandemic 20,Neutral,1
nah bro not this bullshit again ,Positive,2
said i played these games before,Positive,2
cant trust everything from usa media ,Negative,0
its already here guys,Neutral,1
so which pharmaceutical stocks should i start buying,Neutral,1
always be ready from jesus christ,Positive,2
man why did this year have to start off with wtf litterally,Negative,0
hopeful to read so many comments calling out this bullshit the new world order agendas are falling like dominoes,Negative,0
from the very first time i started seeing testimonies about you dr igudia i had that full confidence in you that i even purchased your medicine my hsv2 was cured now im so happy that i could finally say thank you so much dr for your hard work cure encouragement you really are a god sent and i appreciate you,Positive,2
knew this would happen my predictions are correct,Neutral,1
stop ive played these games before11111,Positive,2
not again please everyone agrees that 2020 was the lowest point in the last 10 years,Negative,0
no no no wait wait wait,Negative,0
we are not doing this shit again ,Negative,0
no ive played these games before,Positive,2
ive played this games before ,Positive,2
no cause for concern like in 2019,Positive,2
if we quarantine its going to be so boring,Negative,0
saying we cant trust the media in china while no one trusts american media is wild,Negative,0
whats happening in china bro,Neutral,1
this virus came out in 2001,Neutral,1
oh please no,Neutral,1
whats the lockdown now last time 2 years next 4 years maybe,Neutral,1
it will come just like the balloon from chinawhether we travel or not,Positive,2
isnt there a new unidentified virus infection in china update,Neutral,1
no it cant be noooo i cant do this crap again ,Negative,0
population control is underway again,Neutral,1
im so fuckin tired of existing like can we please get a break,Positive,2
covid19 worked in the best interests of the chineses economy so the outbreak of covide was to confuse those countries who were in top registered,Positive,2
its already here everyone i know is sick im sick as well idk if its the virus but everyone around me is sick and work so be safe i believe its something like a common cold not that serious dont let it scare you into making you sicker because covid was blown out of proportion and ppl were not that sick but they were taken to the hospital and they would die there,Negative,0
this is the same exact thing they said about covid affecting all the young people and then only the elderly next theyll say itll affect only the black afroamerican its the same s they said about covid and guess where it came from oh no china again what more do they have to give to us cuz this is the second wave were going to get but its not named covid,Negative,0
im not forgetting about the drones and aliens you can forest fire and virus all you want i wont be fooled,Neutral,1
why is this not on bigger outlets,Neutral,1
just watched a video of the first 3 months of coronavirus and shit it is identical to this please be safe be ready best of luck hopefully we can come out of this together and better,Positive,2
goddamnit china this again,Neutral,1
its a new chemical warfare created in a chinese labratory against the geneva convention this is just one reaso why taiwanisgreaterthanchina you know it is really bad when even usa media tells you that china does not tell the truth ,Negative,0
ive played these games before ahh year ,Positive,2
no no no we are not doing this again i am not losing my friends to brain rot ,Negative,0
ive played these gamesbeffooooree i said ive played these games before,Positive,2
this wouldve been solved if people have better birth control in their country,Positive,2
im bout to tell gen beta i played these games before,Positive,2
my plan for 2025 is to be locked in not lockdown,Neutral,1
monitoring instead of blocking flights now you already know what go e happen,Negative,0
ive been in this situation befote guys trust me freeeeuze,Positive,2
bullshit season 2 sponsored by media and who,Negative,0
dont panic it was planned,Positive,2
its in america already,Neutral,1
mystery virus thats it life nothing else just mystery virus,Neutral,1
we will get a second lockdown before gta 6 ,Neutral,1
guys look on the bright side more fortnite,Positive,2
ive played these games before also why again,Positive,2
can we not do this again dont want to go through this,Negative,0
the privileged class wants virus to spread further thats why they deliberately avoid intensive news coverage,Positive,2
get ready for your new vax,Positive,2
the resl virus is the cdc,Neutral,1
i played these games before,Positive,2
its heading to a town near u get resdy for a vaccine to be released and more billions to be made by bill gates,Neutral,1
thats so nostalgic,Neutral,1
carl johnsons voice ah shit here we go again,Negative,0
so we can trust american media,Positive,2
chinas government cant be trusted they lied since 2019,Negative,0
nah nah this happened last time when trump was in office what we are not gonna do is lose another 23 years of our lives in lockdown for everyone because of these games,Negative,0
ive played these games befor,Positive,2
welpsigh time to play all the time again,Positive,2
oh no here we go again,Negative,0
its all a lie,Neutral,1
covid round 2 fight ,Negative,0
rebuke this registered,Neutral,1
ban flights,Negative,0
me to these who are born after 2020guy ive played thus game before gotta teach the rookies,Positive,2
not again,Neutral,1
i played this games before,Positive,2
seriously again,Negative,0
stop i have played this game before,Positive,2
another outbreak from china always mysterious why hmm should not allow flights in or out of that country,Negative,0
cant wait to listen to people talk like they have medical degrees,Positive,2
covid season 2 is crazy,Negative,0
another wyf year another virus,Neutral,1
we survived covid we will overcome this aswell in jesus name,Positive,2
there is nothing in china ,Neutral,1
careful with peoples from china mainland because they might be already infected especially from january 28 there will be chinese new year holiday chinese tourist travel with hmpv so please be careful with them,Positive,2
who keeps doing this crap why at this time again,Negative,0
mysterious when this happens once then maybe but twice not a chance,Negative,0
its always chai na,Neutral,1
fake news from western main stream news,Negative,0
just in time for trump to come back into office lmao,Positive,2
can we not do this againplease,Neutral,1
already knew all of this was bullshit since day 1 of the covid pandemic,Negative,0
trust the media,Positive,2
im not even suprised anymore china keep eating alot of non food ,Neutral,1
yeheyyyy were on season 2 already china keep it up to squid game already on season 3 hahahaha,Neutral,1
lol thats how 16b dollars goes in propaganda after china released their 6th gen jet,Positive,2
cant trust what comes out of chinese media host says us media can we trust ,Negative,0
plz stop the steal and dont invent new viruses,Negative,0
bro had taken the bring back 2020 trend too seriously ,Negative,0
coincides with trump in office again no surprises here they probably trying to prevent inauguration through marshall law well thats what i been waiting for since he was reelected the oppositions silence was deafening,Negative,0
we got covid 2 before gta 6 ,Neutral,1
this is fake propaganda by the media nothing is happening in china,Negative,0
everytime when trump wins if the secret deep china dont get what they want then theyll slow him down think ,Positive,2
oh no i work at a resort where theres a lot of tourist from china and ive been having breathing problem and coughing for the last two weeks,Negative,0
its like when trump in office a virus pops off,Positive,2
yes ban for this nationals to go anywhere,Negative,0
havent been sick for like a year and all of a sudden a thick fog came to american canyon ca and it looked like the fog was dirty 15 minutes after breathing in that fog i got a sore throat now day 3 and my sore throat got worse and i have a runny nose and i just feel weak,Negative,0
ive survived these games before,Positive,2
the chinese are bored thats a day out for the fam yall trippin,Negative,0
uber eats subscription  toilet paper  wfh setup  stocked freezer  am i missing anything else,Negative,0
mask up everybody right now,Neutral,1
 wash hands use  cough in elbow stay hydrated stay home get that vitamin c be respectful,Positive,2
what lousy dangerous new vaccine are they trying to test on the population by coersion now,Negative,0
trump they hate trump thats what they did last time,Negative,0
what they did cook again this time,Neutral,1
close enough welcome back covid,Positive,2
is china playing plague inc right now,Positive,2
theyre making these viruses in the labs,Neutral,1
yeah im sure its a mystery,Positive,2
at meantime nothing happened in china bunch of fake news,Negative,0
135 covid was not a concern to begin withand look what happened didnt that event show you whats about to happen again,Neutral,1
sly ppl come out in 2013 how many bio wepons are there jokers,Neutral,1
nah bro id rather have the aliens come abduct me,Negative,0
plz ban flight please please,Positive,2
so it came from the same laboratory ,Neutral,1
its here in vancouver canada  everyone is sick dying be afraid ,Negative,0
like the fact that in the report theres a reminder that the numbers are coming from chinese state media and cannot be trusted i appreciate the truth has been told,Neutral,1
ive played these games before i said i played these game before,Positive,2
bro the simpsons predicted itregistered,Neutral,1
it wont affect us because it wont kill us,Positive,2
guys if we lockdown again im finna be back in my gaming prime,Neutral,1
bro china always starts it,Neutral,1
silly this same virus is well known and has been everywhere for a long time britain has had it for years why put another antichina hit piece,Positive,2
control it we no need it in jamaica,Negative,0
people will be hating china but i get the western are frustrated but the chinese are suffering more than western countries ,Negative,0
videos from hospitals sure looks real and alarming it may look recorded by some patient and for sure chinese media dont want to cause panic or else theyll get hate for that due to the covid situation few years back,Negative,0
biden is soon going to be out of office so nobody cares no one in the republican party is going to pedal the bullshit that dr fauci pedaled to help lock down the entire country someone oughta take fauci out the pasture and do what needs to be done,Positive,2
it will spread again,Neutral,1
ive played these game before,Positive,2
but we need to trust u,Positive,2
people dont realize hmpv already exists in various countries this is a seasonal cold its very normal you fools,Negative,0
its not mystery if it been around for over 70 years,Neutral,1
god please dont do it again that was really bad for mankind,Negative,0
if its there ita here plain and simple,Neutral,1
now its getting obvious,Neutral,1
and still you americans prefer sushi  than burritos ,Neutral,1
seer person who read tarot cards said that there are some people with that virus  here in usa  but the government doesnt want to say it,Negative,0
recommend people to check their ph levels how acid is your stomach and if you have no ulcers start to take betaine supplements and apple cider vinegar because when the stomach is very acid it destroys many bad bacteria  and makes the body stronger to fight them,Negative,0
ooh my goodness ,Positive,2
live in china nothing so much serious as this bullshit media say everyone here is living normal i didnt not see anyone sick as here says and even any sick person because of this,Positive,2
experts says its unlikely to be a pandemic ,Neutral,1
then are spreading it intentionally everyone needs to work together and find the source,Neutral,1
the smart election virus,Positive,2
keep in mind how they told us later on they lied about the numbers they lied about pretty much everything and also fear plays a huge role,Negative,0
ah shit here we go again cj,Negative,0
dont take the vaccine this time lmao,Positive,2
they can keep it,Neutral,1
hear me out i have played this game before,Positive,2
where is the virus coming from in china again,Neutral,1
im in china right now and that is totally fake newsthe videos are coming from the covid pandamic,Negative,0
we get 20 update of corona,Neutral,1
is this real,Neutral,1
the bible says in the last days there will be famine pestilences and earthquakes in diverse places,Neutral,1
the ccp should be held accountable for the ccp virus i made a game called deflect the ccp virus,Neutral,1
hospitals here in florida overwhelmed yeah you wouldnt know if i listen to the local newsregistered,Positive,2
look at indian media theyll tell you the truth,Positive,2
imagine this time is a zombie virus,Neutral,1
no not again please,Negative,0
some say to wait for chinese new year iykyk ,Neutral,1
is this a replay,Neutral,1
stay safe and healthy ,Positive,2
season 2 trailer be like,Positive,2
its like the hunger games but it happens every 5 years instead of annually everyone get as much toilet paper as you can before i goes of shelves,Positive,2
chat are we cooked,Neutral,1
we cant fully trust everything that comes out of the chinese media just like merica media ,Negative,0
its in india malaysia spreading fastregistered,Neutral,1
no no no no no no wait wait wait wait wait wait wait wait,Negative,0
always putting other peoples lives at risk these people are so selfish ,Negative,0
have played this game before ahh virus,Positive,2
nah bro this is fake news this is all cap i dont believe that we are going to have any virus or any lockdown this is just cap fellas ,Negative,0
an old virus in a new package to create new revenue streams for pharma and healthcare cos no one really cares about covid anymore,Positive,2
what did they eat now ,Neutral,1
we played this game befor,Positive,2
thanks chyna ,Positive,2
they dont learn all flights should be stopped immediately but no we wait until cases pop up around the world ,Negative,0
pls dont make it pandemic,Positive,2
lock down lets go baby ,Neutral,1
round 2 already,Neutral,1
types of people in the comments aw fuck no man ive played these games before aaaalright lets do this one last time,Negative,0
i play these games before,Positive,2
why is it said mysterious virus but there was before already and even the journalists know a lot about it too,Neutral,1
shame on your fake news,Negative,0
new election infection,Neutral,1
dont trust the american media,Negative,0
hpmv hates most political vision,Negative,0
like what the anchor saidwe cannot really trust the video as it is taken by the chinese,Negative,0
live in china and its kinda crazy everyone is sick with some sort of respiratory related virus right now a lot of people have h1n1 but others have covid type symptoms i myself was also recently sick people are complaining about high fevers that wont go away lower back pain body fatigue stomach pain the list goes on its been weird for the past year or so and im honestly on the more worried side of things at this point,Negative,0
so disease x is released now here we go again,Neutral,1
the same virus hmpv has killed 100000 americans the last couple of weeks rip,Negative,0
why china bro this is the second time,Neutral,1
trumps probably been brought in so he can get his cult of rebels to go along with this bs you know they wouldnt believe the crap if anyone else was president,Positive,2
but are there any deaths,Neutral,1
they are calling it hmpv it could be a cover up for another virus,Neutral,1
what a coincidence again when trump is preceding presidency in 2020 same and now all this crap on him again god continue to bless our president trump ,Positive,2
wheres this one coming from frogs grasshoppers poodles,Neutral,1
same lies like in covid plandemic times,Negative,0
god it hasnt even been 10days since 2025 started,Positive,2
covid 25 cover up of ccp,Neutral,1
whos ready for a lockdown,Positive,2
at first china denied it and boom here we go again,Negative,0
am presently in china why are we not hearing this news in china,Neutral,1
theyre creating more names for flu again i guess pfizer didnt have a good year of sales in 2024,Negative,0
media will make you panic anxious eventually depression even a common flu is a pandemic as per medias,Negative,0
like that this channel didnt tip toe around chinas state media being dodgy we need that honesty,Positive,2
bro why is everyone saying trump done it bro isnt even president yet ,Neutral,1
its not gonna happen again happens every 100 years on the 20th year,Neutral,1
no what will happen to company who are forcing to come to office,Negative,0
wuhan was an intentional leak im at defcon 2 yall do you but stay out of my way,Negative,0
cdc is not your friend,Negative,0
pharma billionaires making another profit cycle d on poor folks like me ,Positive,2
deja vu pandemic will be announced in march 2025 ,Neutral,1
why something like this always coming from china,Positive,2
ive been playing this game ahh year,Positive,2
china really out here making viruses like theyre releasing new phone models hmpv now with extra mutations,Positive,2
just in time for trump,Neutral,1
they can track a viruses origins but not a drone,Neutral,1
irish hospitals are full with bad flu so id say its everywhere,Negative,0
is like the nuero virus we have here in america,Positive,2
lockdown 2 the movie,Neutral,1
ima be sooooooo mad if this happens while im out the us this shitty hotel internet already pissing me off,Negative,0
wtth is the h for in meta pneumo virus,Neutral,1
ahh sht here we go again,Neutral,1
china please dont play again,Positive,2
get this shit under control before i step in,Negative,0
close the airports please and cruises,Positive,2
when we cant trust any media including yours how can you point your finger at china,Negative,0
got the virus for sure im very ill,Negative,0
here we go copyrightcopyrightcopyrightcopyright,Neutral,1
im not going on lockdown wearing a mask or getting a vaccine stop with your bs,Negative,0
crazy part is they announced it first ppl will not comply this time,Negative,0
good rfk jr is out there lol,Positive,2
governments playing stealth wars again,Negative,0
extreme cold weather patterns are the cause will cease when the winter skips,Neutral,1
humans are not just toys not again,Neutral,1
ive played these games before ahh moment ,Positive,2
played these games before,Positive,2
suspect that it might be another virus created by american laboratories targeting china,Negative,0
stop it leave humans alone we dont want more pandemics,Negative,0
the speak of an enemy,Negative,0
its a never ending pandemic so long as mcdonalds and coca cola remain in business so will the pandemic remain in business as well,Positive,2
never had sore hips in my life 55 now and i know why now,Positive,2
its time for the pharmaceutical companies and irs to make more money on new vaccines,Neutral,1
travel the world in 8 days jackie chan,Neutral,1
fauci has been busy,Neutral,1
get your invincibility face masks ready,Positive,2
guess it took a little longer than planned it was probably ment to start in the fall so it could interfere with the election,Neutral,1
weird this happened right after the mystery new jersey drone outbreak,Negative,0
psyop of sabotage by releasing bio hazard it seem like it i hope am wrong,Negative,0
one more reason to block migrants we are not doing another lockdown i suffered 2 flus in 4 years and i work in healthcare in san francisco more people died of drug od than covid trying to push drugs and criminals through mexico again,Negative,0
history replaying itself,Neutral,1
of course it is just in time for the trump jan 20 change over ,Neutral,1
quit dumping these viruses on usregisteredregisteredregisteredregistered,Negative,0
can we trust everything that comes out of the american media,Positive,2
why does she report this in such a happy tone how bizarre,Positive,2
here we go again  they kept some virus from wuhan lab,Neutral,1
why now i just started in my best years i only get like 5 years of this experience,Positive,2
here we go again fool me once shame on you fool me twice shame on me,Negative,0
bird flu is infecting humans now too this is horrific  why is it always originating from china too many people over there and too much of them experimenting with viruses in labs damn,Negative,0
it originated from japan in december global travelling is increasing the spread rate,Neutral,1
there is always a cause for concern when so many people catch it that it overloads the hospitals,Neutral,1
trump is going to stop travel to and from china,Negative,0
that is not a new virus during the pandemic for instance this virus was present and found when screening for covid,Neutral,1
this is utter clickbait andor propaganda havent looked at disposition of channel its always the uneducated ones that buy into it guess its easier to blame someone else when your life sucks it is flu season and things are normal,Negative,0
dont worry they already have a vaccine for it ,Positive,2
covidtrump 20,Neutral,1
like we can believe everything that comes out of the woke western msm,Positive,2
the same china playbook as before now with new chems notice how the name of the virus stats with meta from the metaverse,Neutral,1
whys this always happen in china,Neutral,1
trump gets elected and another big virus outbreak happens what are the odds,Neutral,1
new vaccine will be created another company will make 3 more billions of dollars,Positive,2
remember guys knowingly sending infected organisms into another country is bio warfare and an act of war especially if the organisms sent over are humans,Negative,0
great ,Positive,2
uh south african expat here who lives and works in shanghai where the hell is this supposed super virus because i havent seen or heard anything about it the schools are still open and its pretty much business as usual please for the love of god do not start to incite another panic i beg you,Positive,2
ugh can we like just not,Negative,0
dejvu come on news nation i thought you were better than this,Positive,2
cant wait to wear 5 mask on ,Neutral,1
chinas economy is in trouble i bet the ccp would love to bring everyone else down too like last time close borders to their citizens no exceptions,Positive,2
here we go again election year sickness,Neutral,1
cdc is going to starting coning up with lies,Negative,0
thanks for the fake news ,Negative,0
mf in 2020 ive played these games before,Positive,2
as soon trump got back in power this bs happens,Neutral,1
pretty sure i have it right now in ny,Positive,2
lemme get my money ready,Positive,2
shit its about to be 2020 all over again,Negative,0
stop the flights from overseas,Negative,0
china again whats wrong with that country,Negative,0
we wont comply that easily this time weve learnt our lesson last time dont trust msm cdc who gates government pharma,Negative,0
its just china thinning their population again,Neutral,1
why is that whenever trump comes to power a virus breaks out,Neutral,1
they did monitoring  last time ether wear mask not wear mask copyright,Neutral,1
that was funny as hell when he criticized chinese state tv i havent laughed like that in a long time thats the pot calling the kettle black isnt it i bet the pharmaceutical companies are working on it watch the sheep line up again you have to laugh about it otherwise well go insane,Negative,0
we cant fully trust everything that comes out of the chinese media ah so theyre just like the media in the us then got it,Neutral,1
fake news another guy is going around taking videos of the hospitals and theres no outbreak dissapointed that news nation is trying to promote fear,Negative,0
just in time for a shut down here just before trumps inoguration,Neutral,1
not another china virus ,Neutral,1
ok dont panic and do not com 3ply toilet paper ,Positive,2
have played these games before,Positive,2
the bat was brought in for questioning,Negative,0
this is the test run to see public reaction,Neutral,1
brought to you by the fine folks at the wefwho,Positive,2
this is so stupid there is no vaccine for curing stupid its only minor cough and allergy like symptoms seriously do they really expect us to never use our immune system and rely on only medicine and vaccines to cure everything,Negative,0
im fairly certain china used covid to stop the uprising in hong kong and they had no idea it would spread and mutate the way it did,Negative,0
the covid isnt over china of course it will be in louisiana in next,Neutral,1
we cant trust any media,Negative,0
gates funded this through gain of function 95 million to be exact,Positive,2
covid 20 is not going to happen again,Neutral,1
do not fully trust them please ,Negative,0
hmpv is a very common cold anyone can google that lets not go down this road again,Neutral,1
cant trust anything from china period,Negative,0
its not our first rodeo,Neutral,1
not falling for that again,Positive,2
props to brian for calling out the chinese state media and that they cant be trusted to give accurate information,Negative,0
oh hell no this is covid 20 ,Negative,0
so trump takes office soon and another virus starts up ,Neutral,1
this news is days late,Neutral,1
yall didnt learn your lesson last time on eating bats and dangerous animals ,Negative,0
mysterious or are they experimenting with these viruses,Neutral,1
doctors for every disease cold symptoms fever runny nose you guess what you got d,Neutral,1
get that fear views boost media get that schmoney,Negative,0
are you gonna try to convince us that we all need to hide and take poison shots again gov really messed up last time around they will never be believed again even if theyre telling the truth,Negative,0
well companies are wanting rto 5 days a week so this wont work lol,Negative,0
dont worry everyone itll take only 14 days to flatten the curve i mean thats what only like two weeks of your life,Positive,2
we must travel now everyone get in plane,Neutral,1
its not a mystery virus the chinese government knows where it comes from,Neutral,1
do not comply they will try to lock us up again force vcines and steal trillions,Negative,0
hmpv is not new its been around for a while typical scare tactics,Negative,0
let me guess no borders closed traveling is still permitted is it to make sure that the world is infectedstay safe stay in your own countries,Positive,2
seriously theyre putting sht in our water please test the water,Positive,2
not falling for this again i do not comply,Positive,2
is only a flu  is very common i have spoken to nurse from china  is all fake news,Negative,0
please stop,Neutral,1
im moving to the woods this time,Neutral,1
china state media give me a break we cant trust our own biased media which is ran by the democrat party,Negative,0
and once again monitoring but not stopping flights from china will once again bring that over here,Positive,2
dont start this shit again,Negative,0
your welcome back at cha,Positive,2
oh no another mystery moneymaker,Negative,0
hmm right on schedule,Neutral,1
could they keep it this time please,Positive,2
yeah coz we can trust the cdcs word on it,Positive,2
unbiased my ass yall were shit talking china,Negative,0
not so mysterious when they did 10 years research on this specifically in african and china children,Neutral,1
why cant we get meaningful insightful information from a doctor a flu is considered a respiratory illness but it doesnt affect the  lower respiratory tract this respiratory illness is different from the flu it isnt limited to the  upper respiratory tract its shameful when people in the comments section know more than the doctors,Negative,0
now trump will lie about this his entire first year as president,Neutral,1
so you all know its a mild cold unless youre already sick or immunocompromised then it can be like a cold when youre immunocompromised im not saying this outlet is dooming but just dont let anyone doom to like last timewash your hands drink lots of water dont go into crowded areas and especially for long periods if you are really old or really young or sick already,Negative,0
make sure you stock up on toilet paper,Positive,2
hoodwink more people virus ,Neutral,1
who trusts the cdc,Positive,2
204 the slide says rmvp so are there two types of this virus which is worse rmvp or hmvp,Negative,0
president trump stop the madness,Negative,0
another leak from the wuhan lab of course big pharma is already working on a vxxine ,Negative,0
love brian entin,Positive,2
funny how he said you cant trust the chinese media yet he works for the corrupt us media lol only independent news sources are credible,Positive,2
anything can be turned into a pandemic if governments and the weak minded over react a little bit,Negative,0
its not a mystery virus at all unless you get ross on to talk about it,Neutral,1
how more obvious could these crooks be like really ,Positive,2
and here we go again whats wrong big pharma running low in funds do you need a fast injection of cash,Negative,0
here we go again just in time for the inauguration,Neutral,1
here comes the bullshit,Negative,0
not bats this time what the hell was this time,Negative,0
hospitals are at breaking point in the uk and are implementing critical measures the chinese are at it again,Negative,0
the conspiracy theorists dutifully spring to attention now oh wow,Positive,2
been spreading for atleast 2 weeks all planes to china should have been shut down until further notice but mainstream silent to late a holes,Neutral,1
hmpv is not mysterious it has been around for decades no need to worry its just clickbait for the news agencies,Negative,0
remember this is found first in china,Neutral,1
oh not china again not to be trusted,Negative,0
no just dont the media made it 100 times worse last time with covid so newsnation shame on you,Negative,0
im sorry but this news brief provided absolutely no useful information regarding this virus whatsoever,Positive,2
fear aint cutting it anymore thats why their is an uptick in fearmongering,Negative,0
do not let them get you fearful take care of yourself and live your life,Neutral,1
biden needs to bring back the mask mandates right now we have been through this before and we know that masks saves lives my 85yr young grandma would die from this hmpv were still all in this together,Negative,0
right ban all flights out of that place now,Negative,0
im not surprised but whats going on still its not over since five years ago to present,Negative,0
what lab released it this time trump already won little late,Positive,2
im not going after newsnation the timing of china releasing cases of these hospitalizations is uncanny hmpv has been around since 2001 its a cousin to other common viruses china is trying to throw the world back into a massive panic right before dodo head gets sworn in im more worried about him than hmpv,Negative,0
we will not comply,Neutral,1
ah sht here we go again,Neutral,1
oh ofcourse this kind of bs will happen soon as trump is about to take officethe last coronavirus was complete bs its still in the air we breath and we aint dying from it,Neutral,1
seem to be caught in a time loop can we not do this again,Neutral,1
mistery virus nope its not a new virus,Neutral,1
get out i will not comply,Neutral,1
this is all to destroy trumps presidency despicable,Negative,0
what is going on over there,Neutral,1
oh great ,Positive,2
timing of this,Neutral,1
i have this virus right now im in south africa ,Neutral,1
i hope i will claim wfh hope even that happen pandemic again god be with us,Positive,2
the second great virus war began from now ,Positive,2
please chinese people  please stop eating any kind of meats,Positive,2
season 2 hiphop  very dangerous,Negative,0
chapter 2,Neutral,1
tump stop this crazy chinese country,Negative,0
i am so sick of china supporting countries who do harm to westerners who threaten small countries who spread virus all over world and just is a country the civilized world can do with out for sure long live taiwan ,Negative,0
virus  never stops spreading im tried of it,Positive,2
the only country in the world producing deadly virus  china,Neutral,1
it is a domestic indian psy op,Neutral,1
chicoms are responsible,Positive,2
they eat all types of animals and insects so typing,Neutral,1
to remove our human rights,Neutral,1
all started at china,Neutral,1
after 5 years since covid19 covid19 presents hmpv coronavirus season 2,Neutral,1
this kind of stupid video is good for stupid haters brainwashingbrainwashing this is what western world doing everyday this is teh reason why your countries are falling apart god knows,Negative,0
use an old picture of people who wear mask shame on you no people wear mask in china now we are a team of people who are back from china in 2 days ago we are stayed in china 15 days street full of people shopping eating etc no outbreak of virus1 shame on western media doing dirty things to smear chian shame on you alll god knows what you are doing,Negative,0
stupid people trust netagive news as always haters western media lies smear china shame on all thos people god know you are evil,Negative,0
smear china is your job shame on you all you are evil mediagod knows,Negative,0
hey indian media stop giving fake news stop jealous of your prosperous neighbour country when your own country is poor like hell dont be like a snake when youre a human being this is why your country never be prosperous forever i bet on you,Negative,0
what a coincidence that covid came from china then it was going to come again in 2022 but since many were expecting it well hold it instead b4 suspecting it the it comes from china again but this time called differently already with a name knowing what to do exactly n supposedly it used to be from ages ago hmmm what a coincidence so since every lil single thing comes from china when are you gonna send someone from your end to get us sick to come get the world since youre so stingy n wanna take over,Negative,0
we wont get fooled again,Positive,2
all the information on hmpv looks exactly the same as the information shared on covid19 during its initial days i think another pandemic is spreading and somehow at each spread we would get deja vu feeling but media and government will try to assure us that theres nothing to worry about,Positive,2
another game plan just like covid,Positive,2
close the airoport,Neutral,1
weird all the indian media is pushing out this news while you cant find this on bbc or cnn raw is overspending ,Negative,0
i am in china but their is no any emergency  alert,Negative,0
chat were cooked ,Neutral,1
close down country,Neutral,1
remember how bad you did in 20202023 i saw lots of racist people you ignorant sheeps,Negative,0
cooked again,Neutral,1
stop international travel to and from end of story,Negative,0
just stop with the lies fear mongering ,Negative,0
bullshit tell us the reason billy gates needs money with new vaccination for me and my family no vax,Negative,0
train to busan 2,Neutral,1
damn we getting a sequel to the china virus ,Negative,0
check the airquality pls,Positive,2
that is strange china always coming up with these pandemic viruses sounds like something bigger happening here sounds like its intentionally done,Positive,2
these chinese idiots cant live without eating dogs and cats stop it,Negative,0
guys i think this virus comefrom usa and not china ,Neutral,1
none of the chinese news is showing about hmpv kindly give a reference of their news channel and latest news paper of china,Positive,2
who is sleeping they r silent y,Neutral,1
im embarrassed for the place where this scaremongering is coming out from please cut it out,Negative,0
china will always have new year gift ,Positive,2
antivirus come again after 5 years,Neutral,1
here we fucking go again,Neutral,1
this mf indian media spreading false news every where  jealousy another level,Negative,0
im from the philippines why india onlyv report the hmpv virus the other mass media notcrepirting the virus coning from china this is true ir not this a fake news alarming al over the world,Positive,2
this is the reason im always coughing,Neutral,1
its funny millions of years and all of a sudden we got all these mutated viruses that probably would not have happened if these nuts wouldnt be doing stuff to them to change them this in my opinion is done on purpose,Positive,2
virus again trump again what goes around comes around,Neutral,1
only indians reporting and spreading this fake news the rest are not interested ,Negative,0
my exams are coming waiting for season 2,Neutral,1
what did yall eat now registered bigbacks,Neutral,1
i fuckin hate china,Negative,0
less go lockdown,Neutral,1
come on china again,Neutral,1
human metapneumovirus hmpv or hmpv is a negativesense singlestranded rna virus of the family pneumoviridae1 and is closely related to the avian metapneumovirus ampv subgroup c it was isolated for the first time in 2001 in the netherlands by using the rappcr rna arbitrarily primed pcr technique for identification of unknown viruses growing in cultured cells2 as of 2016 it was the second most common cause after respiratory syncytial virus rsv of acute respiratory tract illness in otherwisehealthy children under the age of 5 in a large us outpatient clinic3 human metapneumovirus,Negative,0
thenamibian,Neutral,1
people do your research on the new self replicating mrna vaccine that has been tested in japanits not looking good,Negative,0
season 2 is crazy,Negative,0
oh no covid 20 cant we use virophages,Negative,0
discovered twenty years ago or made twenty years ago,Neutral,1
not again what is wrong with china ,Negative,0
yep they will let it spread worldwide again so they can gain profits once more from vaccines people never learn,Positive,2
time for season 2 yall,Neutral,1
yes yes yescovid19 season 2 gaming era is coming back,Positive,2
it has been in the uk from november seem to get worse in the middle of december i have had it now for almost 3 weeks but i am starting to feel fine again it was not pleasant lots of people in my work have been sick with it lots of people in my area have been sick with it lots of them needed antibiotics because of a chest infection i have had bronchitis as a result of it luckily enough they never turned to pneumonia just needed plenty of rest and water,Negative,0
this all because of theirs food habit,Neutral,1
because of donald trump and economic war,Negative,0
they released a new virus all i know is if a new pandemic hits the usa elites are going to be held accountable,Neutral,1
they eat everything that moves so as expected ,Neutral,1
again can you please stop eating dogs cats and bats please ,Positive,2
season 2 as always directed by china,Neutral,1
its not virus but a hybridof bacteria n virusdone in a labits notharmonicalit wont last longkhalki alxdr,Neutral,1
i dont like china but i like lockdown bcz of corona,Negative,0
too late my friends neighbour who is chinese frequently goes back and from from uk to china,Positive,2
season 2 about go crazy ,Negative,0
what can u expect from st eating chinese dont let them into india,Neutral,1
indians being overly dramatic again,Neutral,1
why do they always orginate in china,Neutral,1
around the world just notice what the chinese citizens living in your country is stock piling they may have knowledge earlier than anybody else about this,Neutral,1
in a highly vaccinated population this is a problem,Negative,0
they eat everything thats why ,Neutral,1
at this point china just playing plug inc in real life,Positive,2
fake news pharma industries spreading,Negative,0
this wouldnt have anything to do with the uss new president being sworn in they always time it just right,Neutral,1
another china made virus,Neutral,1
trash ,Neutral,1
here we go with season 2,Neutral,1
in which city of china it is,Neutral,1
this virus has been around since 2001 first detected in netherland it is already present in most countries there are many you tube postings you can view with comments from experts medical professors doctors etc so watch them before you jump to conclusion,Neutral,1
china virus number two its called china virus because it comes from china,Positive,2
no nononono im not dealing with this virus again hell no,Negative,0
this happens because of their gross food,Negative,0
they are eating the dogs they are eating the cats,Neutral,1
meanwhile in philippines relax,Positive,2
they live on top of themselves and with their animals and in close contact,Positive,2
yes we need more vacines  another game has been started it was predictd by bill gates that it will start in 25 how nice right,Positive,2
bill gates and friends were in belgium 2022 with a plan against catastrophic contagion which was published by john hopkins university with a disease called seers 2025 which will mostly affect children they told us the year it was gonna happen,Negative,0
here the season 2,Neutral,1
american cia is spreading virus again in china to insult china worldwide and destroy chinese economy but british slavesghulam indians dont know this american cia dirty political games to destroy chinese image worldwide now,Negative,0
at least this one didnt come from a lab but still china again just stop all airports from having flights to china and back btw its just january 3rd,Negative,0
right hope it is not planted by the us like the coronovirus because us scientists were working in a wuhan lab in any case china can reexport it,Positive,2
there will be a new pandemic in march,Neutral,1
have you noticed always during trumps presidency ,Neutral,1
only jesus christ can give real peace if you have jesus christ in your life virus cannot destroy us,Positive,2
another false,Neutral,1
thats nothing we have the immigrant virus ravaging the uk at the minute,Neutral,1
knew it liverpool shouldnt win the league man,Negative,0
and also stop rahul gandhi from travelling abroadhe will get the virus to india from his chinese friends,Positive,2
who came from china get tested and be in isolated for some days if u feel unhealthy,Negative,0
xi zingping has succeeded to reduce population below india with covid he wants to reduce further,Positive,2
here we go roll out a new vac population control,Neutral,1
thank you thank you china thanks to cmmunist party of china us and the whole world dangerous disease like covid 19 and now hmpv and yes also thanks for giving us another lock down like situationand may be a real lockdown who knows ,Positive,2
close the airport,Neutral,1
a new ccplague,Neutral,1
eating dogs and cats monkeys snakes again typical peasants,Neutral,1
everything starts from china,Neutral,1
its called a jab for a reason,Neutral,1
why is the government spreading wrong news to mislead people think of something better next time,Negative,0
no one died in china its fake news,Negative,0
ndtv reporter not impressive mode of speaking is very bad,Negative,0
aaise thumbnail pharji news na phailaye,Neutral,1
i dont believe anymore in indian media,Neutral,1
kaise pata lage ki shamshan bharepade hain china ki policies to bohot strict hain,Neutral,1
biochemical war,Negative,0
citizens of india have suffered too much from the covid lockdown we wont tolerate any more lockdown lockdown is against human rights,Negative,0
new scam release  bcccccc,Negative,0
south hindi dubbed shruti hassan aur surya jabardast action movie hmtv virus se related action movie,Neutral,1
saare students alert ho jao paper cancel hone wale hain,Positive,2
vishwaguru ko flight bnd krne bolo,Neutral,1
jab tak ye countries aapas me ladke fiza me chemical uda time rahenge naye virus aayenge hi ye kyon ladti he aapas me samkjna chaiye war se hi fiza kharab ho rahe he i think,Negative,0
we got new epidemic before gta 6,Neutral,1
student are happy right now,Positive,2
narration acha nehihai ndtv,Neutral,1
the hmpv virus was first discovered in the netherlands in 2001 later human metapneumovirus appeared in the uk finland australia canada kenya norway and other places this is a common pneumonia in winter all over the world last year the hmpv virus broke out in the united states and this year there are also infected people in the united states the american media knows what hmpv is but has not reported it extensively only the indian media collectively spread negative propaganda against china to fool indians with an iq of 75 and few chinese people pay attention to hmpv at all,Negative,0
moh tow mumkin hai ,Neutral,1
indian media is just spreading agenda against china in reality nowdays china is more developed than usa,Neutral,1
im trying to figure out what you guys are trying to accomplish here by making a big deal out of a little virus that resembles the common flu this because of a failed space docking an early distraction,Negative,0
all countries should stop the flights,Negative,0
ndtv has lost the class and has recruited sadakchap as journalist,Negative,0
jhoot ha,Positive,2
im saying again dont play with nature ,Negative,0
who 2nd most useless organization in the world after the ats squad of pakistan,Negative,0
ye phir se aagayeye sale mar k hi chodengeiinhe earth se nikal dena chahiye,Neutral,1
as per your information we alrady see the body take photo for nodel officer,Neutral,1
chine apna news to bahar spread hone nai deta h kaise mlm ho jata h,Negative,0
ye news wale toh bina kisi sabut ke sb dikha dete hainplease wait until who confirmation and wear mask and eat helthy foodand hot water,Neutral,1
china jaise country iss world me rahne layak nahi hai,Neutral,1
is it real news channel or fake,Negative,0
viral the msg stop china people flight or people if want to live or save your family,Positive,2
viral stop china people flight or people if want to live or save your family,Positive,2
lockdown lagao,Neutral,1
very irritating and unprofessional way of delivering the news plz employ suitable candidates,Negative,0
fake news h,Negative,0
necessary action will take by the govt of india,Neutral,1
soon this virus is entering india bharath,Neutral,1
these all are game and trap,Negative,0
students be like hame tum par garv hai china walo ,Positive,2
ham to corona virus se nahi dare theaur vacation bhi nahi liye the100 healthy lifejo log vacation liye h vahi log bimar ho rahe hindia me darna mana hye medical mafiya ka marketing hota hjo log vacation legejyada bimar padegejitna bhagwan ne jindgi jine ka time diye hkhushi se jiyevacation lene ke baadsperm count kam hoga bimar jyada hogamaroge jaldinahi line kanahi line kanahi line ka vacation,Positive,2
ye authentic information hai ya sabko dar batate ho,Neutral,1
welcome to season 2 of 2020,Positive,2
modia campaign has started this type of epidemic saves modi govt and helps ambani adani in launching their new projects in this way all scams are also kept hidden from masses bad days for india again china is hiding thus virus and indian media decoded everything laughable and ludicrous really,Negative,0
per lockdown nahi hoghe is waqkt logh ko phele se pata hay,Neutral,1
we should not import from china for the time beeing,Neutral,1
ye china k tatti khaate h fir hum aur bimari pohochate h,Neutral,1
now other countries dont take it seriously registered,Positive,2
duplicate chaina king pipals manufacturing product sintific product so jaisi karni vaisi bharni not a independent cuntry,Neutral,1
seasonal spike no official alert given from their side in northern province due to winter dont spread rumour,Neutral,1
its a biological war between united states and china,Negative,0
every thing happens in china,Neutral,1
fack news,Neutral,1
disgusting iska india se lena dena h or ye thik elections se hi pehle bimari news channels pr kyu fail jati h,Negative,0
time to short nifty futures,Positive,2
news chanel band kro kuch nhi hoga,Neutral,1
lockdown please ,Positive,2
china all virus hub,Neutral,1
old footage from 5yearsfoolish indians,Neutral,1
plandamic coming soon,Neutral,1
on line examson line viva aspirants are planning for big celebration,Neutral,1
udhr ki flight bnd kro pls hme phir se vaccine nhi lgwani,Positive,2
why china dont want people to live in peace and happy,Positive,2
balle balle lockdown lagega,Neutral,1
cobid chutiyapa start phirse ,Neutral,1
glt news h bhayi editing h santoshpagl smjhe ho kya,Neutral,1
another lab leak,Negative,0
collage school band kro,Neutral,1
keep the flight offfff now,Neutral,1
the thumb nail is misleading i am re po rt in g this,Negative,0
joy bharat joy hindi joy shree ram,Positive,2
unsubscribe this channel,Neutral,1
aisi rumors se ki wajh se hi to log mare hai corona time mein seedhe saadhe log dar jaate hai aise,Neutral,1
vaccine ready hua h ab drama chalu,Positive,2
please stop flights  to china from india registered,Neutral,1
jhoot mat bol,Neutral,1
nahi please ,Positive,2
china se korona bhi faila tha indian immunity is best,Positive,2
virus season 2 coming soon,Neutral,1
mt ana please hm berojgar over age ho jyenge,Positive,2
screen airports,Neutral,1
bhai doctor khus ho rhe honge kidney sasta ho jyega,Neutral,1
fake news sb health care business strategy,Neutral,1
don t scar d public unnecessary,Neutral,1
pher public ko bewakoof banana shuru,Neutral,1
fake news hai yeh bsdk,Negative,0
all news are fake only bjps propeganda because all news channels are godi media news channel only hatred news against only target the muslim people only mandir masjid issue created no unemployment and no increase the all of daily basis things rate very high bjp govt totally failed govt in the indian political history bjp rss is only creating hindu muslim issue people removed bjp saved india all day by day created the religious issues all day,Negative,0
beware the fog thats how they are spreading this bio attack incoming across the globe deep state trying to delay trumps inauguration,Negative,0
arey bhnchd fir se shuru,Neutral,1
welcome to covid indian parliament,Positive,2
very good humesha china hi karta start ab pahle ye hi pura finish ho,Positive,2
lockdown aya re lockdown aya re,Neutral,1
yhe purane videos hai,Neutral,1
s fake news hain,Negative,0
this is reminding me of covid era ,Neutral,1
 are vinod thali kaha he re ,Neutral,1
be vegitarian be safe if it is hard for you can eat only fish and egg avoid meat,Positive,2
new virus  yeto hona h h,Neutral,1
in logo ko samjh me nhi ata international flight band krna chahiye pr ye to bs lage ha pese kamane me,Positive,2
business start again,Neutral,1
chinna ko ban kro ban all the borders,Negative,0
new season loading ,Neutral,1
he ram ,Neutral,1
china ne covid ke time par bhi aise hi batain chhupai thi,Neutral,1
china has been proving tobe dangerous for world,Negative,0
every countries should be vigilant of this virus the countries who shares their borders with china should be sealed their borders completely as soon as possible,Positive,2
stop all communication with china,Negative,0
10th or 12th ke logo me khushi ka mahol hai ,Neutral,1
come on its not like covid dont worry guys dont get scared by this news,Positive,2
rear,Neutral,1
lockdown hi sahi tha,Neutral,1
 10 or 12 ,Neutral,1
chinese flight band kr deni chaiye,Neutral,1
hmpv mean by han main phir vhi wapos arahun,Neutral,1
ab to free fire ki rank push hoge,Positive,2
chinese are worst creatures,Negative,0
fir se lockdown,Neutral,1
stop fake news,Negative,0
miss  covid bhai ,Negative,0
thanks black white sir,Positive,2
s 2 e1 coming soon ,Neutral,1
china ki international flite band kar bao,Neutral,1
thanks for 40k subscriber ,Positive,2
10th 12th board student tum yaha ye dekhne aaye ho na ki kash lockdown lag jaye ,Negative,0
lockdown lagna chahiye all students dreams ,Positive,2
phir chutti phir dethregistered,Neutral,1
thanks sir verry much for the information,Positive,2
ab to 10th class ma pass,Neutral,1
gamers be ready ,Positive,2
insurance karane k liye contect kare life helth etc job karne k liye contect kare,Neutral,1
ban all international fight plz,Negative,0
kuch v chin se nhi rhena chahiye connected,Neutral,1
band karo airport chin k sath,Neutral,1
lock down fir se nhi chahiye,Neutral,1
china disturbs whole world every year,Negative,0
sab international airport band karo bencho chin se connected,Neutral,1
student ka liya ya too  latest news ho gii ,Neutral,1
maira lun lagye ga ab vaccine bc dr biswaroop ne bola bhi tha maat lagao aur food habits and life style sahi kro,Neutral,1
dont be panic everything is fine or ispe toh kabhi yakeen mt krna due to this guy i sold my bitcoin in 2016which would worth 90 lakh today,Positive,2
10th 12th board exam ,Neutral,1
this is fake news guys dont believe i am living here,Negative,0
itna to koi bhi desh ki media is news me interested nahi hai jitna humare desh ki hai,Positive,2
china virus hmpv china government ,Neutral,1
government ko fir se lockdown lga dena chahiye  taki neet aspirants apni preparation theek se kr ske exam delay krni chahiye ,Negative,0
dont understand whats the use of this informationif government doesnt take any preventive measureswhy we waiting until last time for virus to spread in india,Neutral,1
season 2 covid 19,Neutral,1
ye baat such ha to please  like mehmm jharkhand se ha,Positive,2
student is very happy  i am a student ,Positive,2
covid brother likekoi boltayi ree ,Neutral,1
ready to season 2 ,Positive,2
new series  season 2 episode 1,Neutral,1
10th and 12th paper cancel be like,Positive,2
wave 2,Neutral,1
china should be isolated on immediate basis all countries should ban flights from china,Negative,0
border filhgait airport band krao abhi,Neutral,1
fir se lockdown na lag jaye bhagwan please because i am a neet aspirant sab prayer kro bhagwan se please copyright,Positive,2
jhoot bolthai hain media tou bekar hai,Neutral,1
china is virus creater,Neutral,1
com back see me pass ,Neutral,1
stop ban no entry china to india stop aeroplane stop flight stop transportation,Negative,0
god bless you sir take care all the time with god,Positive,2
jesus please save us we dont want to face it again keep healthy ,Positive,2
sabhi viruses chin se hi q ate he bhai,Neutral,1
china country  virus country ,Neutral,1
yahi insan tha wo jisne bola tha 2000 ke note me cheep hai ,Neutral,1
why govt is not taking action govt immediately stop fight services and passengers must be kept on qourantain,Negative,0
china is controling the population ,Neutral,1
thank you for sharing this news,Positive,2
jaldi se work from home mil jaye bas,Neutral,1
10 th 12 th ex cancel ho jaaye ,Negative,0
exam too hona chahiye class 10 or 12 th,Neutral,1
10th wale ,Neutral,1
its gamer time ,Neutral,1
koun koun exam free meh pass hoga bolke khush hai plz like my comment ,Positive,2
treacherous china evil empire,Negative,0
the time for best come back free fire ,Positive,2
new fear unlock ,Negative,0
health security k hisab se kite festival ahmedabad me rok dena chahiye for public health precaution bcoz world se kayi log kite festival me part lete hai 26 january ko bhi log ikhata na ho uska dhayn dena chahiye wear mask  plzzz we are indians remember that stay safe ur life is very important to ur family and to the nation,Positive,2
no country has access to chinese social media except for official media where from did you get this news total fake and bakwas ,Negative,0
china is trying to make bio weapons to rual all over the world they have tried to make covid 19 sir indian and others country government should alert and take important steps against chinas activity,Neutral,1
12 th  10 th ,Neutral,1
election hain na sob mumkin hain ,Negative,0
indian governments quarantine those people who come from china restrict aeroplane activities,Negative,0
world me no 1 terrorist group koon hai public ke liye khatra hai 100 usa israel nato midiya is a no 1 terrorist groups nothing any problems for viral,Negative,0
china airlines band karvao,Neutral,1
10th and 12th students be like  ,Positive,2
please dont spread fake news,Positive,2
all people are scared and 10th and 12th students happy,Positive,2
new start bissnes for hospital,Neutral,1
plz seal the border of chine,Positive,2
covid 19 party 2 coming soon ,Positive,2
season 1 episode 2 here ready to watch ,Positive,2
covid virus aaya fir bhi india ki population increase ho gayi covid main mare kyu nahi kyu stupid bana rahe hai,Negative,0
we need to stay allert indian,Neutral,1
bhai india me aane wala hai ya nahiregisteredregisteredregistered,Neutral,1
china is hiding something big india need to take proper action before its a disaster,Negative,0
i appel to the indian government please close international flights from india going to china and no incoming flight from china to india,Neutral,1
hey god bless us with a lockdown once again please but dont let anyone die,Positive,2
chinas ultimate biological warfare against trump,Negative,0
gamers ready ,Positive,2
remove this reporter,Neutral,1
border should be sealef,Neutral,1
how could china play with innocent people of the world and surprise that china dont want to grow as a tourist country,Positive,2
there is no such news in china this is big lie mr sudhir is giving news without authentic source,Positive,2
sare airport band kr do,Neutral,1
to kya fir se india me lockdown lag jayegaregistered,Negative,0
those students who give their boards exam of class 10 and 12  like me in 202425,Positive,2
i think election is near,Neutral,1
na covid tha aur na hi ye hai bas mehez business karne ka plan hai,Neutral,1
jai shree ram  jai shree ram  jai shree ram ,Neutral,1
covid19 session 2 comming soon ,Neutral,1
drug mafai new worald order following india,Neutral,1
acha hua board hai mere bhi,Neutral,1
chaman chity media ,Neutral,1
phir se lockdownacha hai kuch din sukooon ke pal,Neutral,1
be clam aise kuch bhi nai hey me khud hun abhi china mein,Neutral,1
bharath ko hi darna hain muslim countries communist countries were safe during covid only india is sufferer,Neutral,1
corona season 2 ep 1 ,Neutral,1
mc c,Neutral,1
class 10th and 12th now ,Neutral,1
10th 12th class ,Neutral,1
10th walai ,Neutral,1
chup re ,Neutral,1
time to wear mask again and keep distance to others wash hand,Positive,2
it is normal virus already present in our country from many year no need to worry black and white please do study well before saying anything,Negative,0
china original viruses manufacturer ovm,Positive,2
jo v ho bas bachhe is virus se surakshit rahe hey mahadev,Neutral,1
stay healthy exercise daily minimum 30mints and intake humanitiy booster things like tulsi haldi adrak  kuch nhi hoga,Positive,2
fake news im in china ,Negative,0
china is a curse country of the world,Negative,0
all please take precautions prevention is better than cure,Positive,2
fake news channel,Negative,0
awareness video motivational speech,Neutral,1
share market crashed soon,Positive,2
world best news reporter ,Positive,2
covid 19 season 2 start episode 2,Neutral,1
lockdown lga do board exam cancel kro,Negative,0
yeee 10th pass ho jaegi,Neutral,1
kiti divas chalnar he,Neutral,1
china is all okwhy spreading fake news,Negative,0
i am here in china and suitation here is very critical,Negative,0
chin must be banned visit in india,Negative,0
why its always china,Neutral,1
student 10th and 12th valo me khushi ki lhr,Neutral,1
10th and 12th student ki maje maje ,Neutral,1
trump said china shd be asked to pay covid tax he was right it seems they r agn doing another virus human test,Negative,0
sab jooth hai,Neutral,1
 just stop your drama,Negative,0
chinese new year hai january end mein please flights roko or travel bhi,Positive,2
many crore people fulish only some amir people drive to this type of people,Neutral,1
ye chinese item khud hi chne wale h jaldi,Neutral,1
china khud create karta hai dosri country ko pareshan karne ke liyeregistered,Positive,2
class 10 icse boards  hmpv viruses ,Neutral,1
god is angry with ppl,Negative,0
old ff players ,Positive,2
this is pure fake news,Negative,0
health is wealth,Positive,2
safety first,Positive,2
bogus news hai,Neutral,1
copyright khaenge to yahi hoga bc ,Neutral,1
good news for students ,Positive,2
virus made by china  virus made by government ,Neutral,1
all country mill ke chain jail karo,Neutral,1
group d bharti 10th pass hona chahiye,Neutral,1
lockdown is back,Neutral,1
kash bagvan fir se lockdown lagade aur bord me pass ho jaye,Neutral,1
jai shree ramcopyrightcopyrightcopyrightcopyright,Neutral,1
boycott chinese ,Negative,0
sab froud h,Neutral,1
kya firse off ho jayega school,Neutral,1
virus aae to bharat ke bache pass ho jayenge,Neutral,1
trump is unlucky ,Neutral,1
phir to 10th and 12th class walo ke maje exam nahi dena padega ,Neutral,1
season 3 teaser released,Negative,0
election agya n,Neutral,1
stoping the international flights,Neutral,1
covid 2025 came back in india registered copyright,Neutral,1
africa give us an athithi aids ,Neutral,1
2020 started w t f  2025 started w t f ,Neutral,1
we got covid season 2 before gta 6,Neutral,1
india should stay alert,Positive,2
satark the sakahari rhe beleave in god ,Positive,2
international flights ban kr dijiye ,Negative,0
are indians still employing in china,Neutral,1
ban china from the world,Negative,0
chine mc hai,Neutral,1
lock down laga dena chahiye government ko india mein agar  flight se log aye toh bimari yaha bhi fel jaegi,Neutral,1
immediately govt should taken checking point from the airport last time the richers spread disease than badly suffers poor people,Negative,0
 old player come back,Neutral,1
lock down lagao ,Neutral,1
less than 60 yea ,Neutral,1
like 10th exam,Positive,2
coming soon hmpv class 10th paper panding,Neutral,1
india government need to take immediate action,Neutral,1
china bad country,Negative,0
china is taking biological weapons as a serious strategyregistered,Negative,0
government should take proactive step and immediately stop air travel from china they should not wait for their political agenda,Positive,2
ab time rhete chin se flight aana jana bnd karonahi to ready raho next pandemic k liye ,Positive,2
block all china airlines to india and other countries simple,Negative,0
follow,Neutral,1
work from home for 2 months in india,Neutral,1
india should seal its borders flights from china,Neutral,1
ghanta  declare lock down then i will believe  need vacation ,Neutral,1
aisa kuch b nhi sb fake news my brother is in chaina present time usne khud bola h aisa kuch nhi h waha,Negative,0
right hai 040125 k newspaper me hai,Neutral,1
welcome to india registered virus ,Positive,2
news channel should suggest to the mr modi ji,Neutral,1
o no perse injection vaccine mask social distance hand sanitize please modi ji dont allow to hmpv to inter in india i dont like lock down  ,Positive,2
china is virus off factory they feel proud off it virus is their atombomb omg,Positive,2
china is a worst country i dont know why people like china so much those who eat octopus tiger soup i dont know how people like thse country my india is best registered,Positive,2
fack he,Neutral,1
i suffered i from it for 4 weeksso much coughing and headache,Negative,0
is it a conspiracy it is difficult to understand are we heading towards another lockdown,Negative,0
the virus returns,Neutral,1
welcome back bach gaye egmas bord ,Positive,2
history mai likha hai ki china 2024se baki desh ko economically weak kar dega or ye hai inka master plan,Negative,0
corona virus brother home coming ,Neutral,1
ye china wale bc sbko le bethenge,Neutral,1
india tighten your boarder no inward or outward flights to china,Negative,0
international flight band kare modi ji,Neutral,1
wrong with chinese menusnakes cats bats  and what not,Negative,0
we can make virus by its antigen scientists should start testing samples and it should be controlled in india by cancelling flights of china and india  im going to have my board exam in next month i dont want lockdown ,Negative,0
firse death firse ejection icu main 60 age ke log jo death ke baad hi bahar aate hain virus means only death death,Negative,0
2025 class 10th board exam ,Neutral,1
kya baat hai sirchina sy koi news aati nahior aapko china sy news aiehai source thooo,Neutral,1
ban international flights,Negative,0
10th 12th wale registeredregistered,Neutral,1
bakwas news,Neutral,1
isolate chinafrom every thing,Negative,0
dare nahi lock down virus se jada khatanak tha please,Positive,2
gamers assemble ,Neutral,1
we will miss u rohit sardana  now we dont want to lose sudhir bhhaii,Positive,2
12th and 10th wale attendance laga do,Neutral,1
new year gift by china to other countries ,Positive,2
the international flight should be cancelled,Negative,0
18 mahine ka dearness allowance tayyar rakho,Positive,2
according to many china based vloggersground reality is quite different ,Neutral,1
death rate,Negative,0
no entry  india chinna walo,Negative,0
darphok america action nhi le paya china pe aab bharat lega ya nhi awaaz kab uthayega  world  biggest crime ,Negative,0
international flite bnd kr deni chahiye,Neutral,1
we want lockdown once again,Positive,2
lockdown chahiye,Neutral,1
gamers attendance here ,Neutral,1
ipl start hone wala hai,Neutral,1
band china flight stop import or export,Negative,0
gamers ready for the battle,Neutral,1
jo lockdown lagana chahta hai wo like kare jisse board cancel ho jae ,Positive,2
sir is pr awaj uthayiye nhi to hum log ki life ruk jayegi,Neutral,1
international flight bond koro jaldi,Neutral,1
chin se ane yali sab flight band honi chahiye,Neutral,1
new year with new virus,Neutral,1
again lock down maja aa gya example cancelled ,Negative,0
happy new year hmpv ,Positive,2
stop flight  right know,Negative,0
iit jam exam se pahle aa ja bhai ,Neutral,1
gaming era is coming,Neutral,1
media should stop creating hype,Neutral,1
your hair is also black and white,Neutral,1
stop chines small animal eating,Negative,0
scam season 2,Negative,0
sarkar se ummid chhor do khud mask lagao precautions lo,Neutral,1
dangerous h bhai why do you believe china usne pehle bhi esa kiya tha,Negative,0
agar ye virus normal hota to itne sare testing kyun its really bad for people than corona ,Negative,0
flight should be closed immediately,Neutral,1
stop travelling china,Negative,0
covid ka vaccine ka keya aur china me honeke aur ek karan chinese vaccine jo failed huya tha ye bhi research kare ya midea fir se lockdown karbana chata hai,Negative,0
khelega free fire ,Positive,2
lockdown laga do please wfh krna hai,Positive,2
only indian media spreading this news why,Neutral,1
school band karo,Neutral,1
class 10 and class 12th board wale students ke maje maje hai if lockdown occur  i am also in class 12th ,Neutral,1
im ready 10 exam ,Positive,2
1k subscribe registered,Neutral,1
paper be agaya or new virus be ,Neutral,1
gamers are watching here ,Neutral,1
squid game s 2 promoted in china ,Positive,2
wtf  season 2 ,Negative,0
no problemsindians need not worrythere are different viruses in the society as well,Neutral,1
covid 19 ep 1 this virash ep 2 start ,Neutral,1
stop international flights immediately,Negative,0
do precautions as soon possiblejo possible ho do fast in india ban aeroplane from outside,Negative,0
koi information bhi nhi deti china government ki koi precaution le dusri desh m koi effect na pade pr y log nhi sudhrenge,Neutral,1
china be like 0 population ,Positive,2
just stay fit guys pray to god daily improve your immunity thats sit  ,Positive,2
happy new year sb youtube family ,Positive,2
really,Neutral,1
im not afraid of dying because in the end everyone dies and goes back to the earth some just leave earlier than others life is simple most people just eat sleep work and repeat sometimes they exercise travel or track their progress but its mostly the same routine the real fear today is money the government is corrupt making the rich richer while the poor become poorer in india being a boy doesnt seem to have any benefits it feels like bad luck girls have so many advantages like pensions for no real reason or schemes just to get votes it doesnt make sense one thing is certain family background matters a lot if someone is born into a rich family they have a much better chance of succeeding,Positive,2
wowregistered,Neutral,1
please protect our earth,Positive,2
china covid season 2 le aayaregistered,Neutral,1
should i prepare for exams or not,Neutral,1
fake news channel me fake news,Negative,0
i want this cause 12 exams coming,Positive,2
old news,Neutral,1
china ki flights ki incoming outgoing band karni chahiye,Positive,2
sudhir ji is good news reporter nice presentation ,Positive,2
well explained sudhirji thanks ,Positive,2
bord ka exam march main hai,Neutral,1
season 2 is out now ,Neutral,1
modi govt should take precautions as soon as possible to save people,Positive,2
doctors are going to be millioner,Neutral,1
there is solution for every problem in this universe  but if once our hair will grey cant be reversed to naturally black ,Neutral,1
new episod season 2,Neutral,1
happy new year chin k traf se,Positive,2
gamers reddy ho jao   old days vapis,Neutral,1
what indian government is doing,Neutral,1
thanks for information sir,Positive,2
 hats of china,Neutral,1
welcome hmpv in corona virusmatic universe,Positive,2
china is making sin other country will be suffered bhagwan unko sad budhdhi de our govt needs to be alert,Negative,0
who is always late to notice this,Neutral,1
stop today visit in china,Negative,0
ban china and every supplies we buy from them need to take precautions quickly,Negative,0
india needs to be careful,Positive,2
guys hum alert rehna chahiye,Positive,2
comeback covid bhai ,Neutral,1
china have very responsible government they dont spread or endorse rumors,Positive,2
chin se sare contact tod dena chahiye hamesha k liye,Neutral,1
chinese are eating all except human why we suffer for them ban all chinese people from everywhere,Negative,0
chi what a shit country yaar,Negative,0
should banned the international flights,Negative,0
maine 1 client ka facial kiya tha,Neutral,1
mujhe 5din pehle bohht takleef hui mera sans bnd ho raha tha jese covid mei hua tha meri heart beat b booht badhi,Neutral,1
we want lockdown ,Positive,2
covid 19 covid 25,Neutral,1
tere news vairas,Neutral,1
only another covid can fix my life  love you covid,Positive,2
waiting for lockdown season for 1 year,Neutral,1
covid 20 season 2,Neutral,1
bodidharma help china before dealing with some diseases,Positive,2
most of dangerous communicable disease spread from china ie plaguesorscorona,Negative,0
only good news for students,Positive,2
why are you spreading false news,Neutral,1
hats off to china and jinping,Neutral,1
studenthappy happy ,Positive,2
please stop fake advertising you cannot get chinese news,Negative,0
indian government should take important steps,Positive,2
i need lockdown but in 2026 not 2025 kai contract liya maine ,Neutral,1
the business of fear starts again congratulations,Positive,2
this is fake dont trust these social media,Negative,0
thanks for this video chaudhary sahab,Positive,2
these are durty people in world,Neutral,1
modi ji se kaho ki abhi se outside flight  banned  kar de all flights  from chinas should be stop ,Negative,0
 2020 ka aur 2025 ka calendar dekho frist three days january 123 kus notice kia,Negative,0
flight band kr lena chahiye government ko,Neutral,1
chaina sabse ghtya country haisab kuch kha jatey hai aur bhugatna ek ek country ko prta haiinko puri dunya se alag krna chaiye sabhi country ko mil k inkey liye strict action lna chahiye,Neutral,1
china se flight band honi chahiye,Neutral,1
india should cancel all flights from china,Negative,0
govt must take prior precautions and initiative to control it,Neutral,1
airport strictly active with full check,Positive,2
phir see lockdown copyright,Neutral,1
virus coming soon 2025,Neutral,1
mr sufhir please you donyuse m number,Positive,2
india mei na aye or lockdown na ho ,Neutral,1
lockdown lagna chahiye abhi se,Neutral,1
virus discovered by who,Neutral,1
thenk you,Neutral,1
our respective govt should restart lockdown again before our indian public come in trap at least for 2 years again online classes for all students should be restarted for da betterment of our children,Positive,2
hopefully indian gov sahi se health sector me plan kare nahi toh pahile jaise rato raat lockdown kar logo ki asise taisi na kare,Positive,2
very good population will decreasing,Positive,2
welcome,Positive,2
government be alert to transportation like as airport railway bus stationwater ways etc,Positive,2
come back ,Neutral,1
new season episode 1,Neutral,1
in the time corona kid were stolen more and cold fever are the natural digged no cobead doctor wants to still kidney again,Negative,0
yaani board exam fir cancell ,Neutral,1
worng news actually modi ne china ko india ke land bech de,Neutral,1
pollution free ,Positive,2
china key ami ek ghora thakbeer,Neutral,1
omg  god bless everyone  prayers required dont forget this kisi ko cheat na karo dhokha na do be good in books of god radhe radhe ,Positive,2
need to isolate china then,Negative,0
why such laboratory invention by who institution strictly stop for such invention which surch on animals,Negative,0
1000 years lockdown ,Neutral,1
bhai lockdown lagega school ki chutti exam online ,Neutral,1
covid se jyada pollution se mar rhe hain log abhi currently and pollution is a serious issue because it causes lung  disease and asthma toh sarkar ko filhaal virus ko chhod ke pollution ka solution nikalna chahiye,Positive,2
negative news more views trp,Negative,0
lockdown lagna chahiye school college band kar dena chahiye,Neutral,1
international flight band ho,Neutral,1
uttarakhand aao fresh air h,Positive,2
praise the lord jesus  ,Positive,2
ye to khush khabri hai 10th and 12th students ke liye ,Neutral,1
china  happy new virus  happy journey ,Positive,2
internetn niosonl air linece band kar dena chahiye,Neutral,1
bhot maja ayega lock down again,Neutral,1
please come ,Positive,2
new year mubarak ho ,Neutral,1
covid 24 ,Neutral,1
govt kuch toh action le china se sb flights band hona chahiye isse phle ki 2020 jesa mahol ho india me,Neutral,1
bad news for indians  good news for class 1012 students ,Negative,0
wtf coming,Negative,0
source chatgpt content created by ai seriously these people should be banned from the media,Negative,0
we dont afraid of viruses anymore ,Neutral,1
walcome new viras naxt lackdoun kab hai vo bhi bulday,Neutral,1
new year gift ,Positive,2
flights has been banned to come to india from china now,Negative,0
pehle board exams cancel ho jayere bapa,Negative,0
its is second stage of covid 19,Neutral,1
lowdown seasons 2,Negative,0
government ko international flight ko band kr dena chahiye or es ke prevention ke liye wear to mask and used of mask cover mouth when the sneezing or coughing,Neutral,1
its scary,Negative,0
what type of virus it is,Neutral,1
india should ban all the incoming international flights and sea routes to help prevent it from spreading,Negative,0
rajniti chlu order mil gaya hooga,Neutral,1
this are all business plan for economic destroying,Negative,0
be alert be serious ,Positive,2
stop  india china international flight,Negative,0
bastard china never change,Negative,0
welcome hmpv happy new year ,Positive,2
china is the number one chhupa rustam country of the world not a devloped country,Positive,2
indians are so dumb everyone in the world is laughing at india china high achiever india underachier,Negative,0
coordinated india government sponsored bsonly india is reporting itwhy curry suckers are jealous of china high tech achievement indians are so frustrated with their inept achievement so they are resorting to smear china,Negative,0
china is such developed that called 50 years ahead of india see this is the development china is the 2nd useless country in the world after pakistan,Negative,0
jab election ane wala hota hai tabhi corona bhi ata hai ,Neutral,1
all country should stop china flight,Negative,0
w h o is sleeping why not send their team may be who took money for not sending their team,Neutral,1
stop covid 20,Negative,0
thanks sir,Positive,2
china ne new year gift de diya,Positive,2
meanwhile 12th board students ,Neutral,1
virus country chin ,Neutral,1
kisi dedh me china kee flight nahee jani chahiy sub flight china se band honi chahiy,Neutral,1
lockdown is baar media per hona chahiye samaj aayega 2020 se 2021 ke lockdown me public ki takleef kiya hoti hai ,Neutral,1
india and china both are controlling population ,Neutral,1
ab fir se school band hongi,Neutral,1
pahle to japan aur korea phasenge phir dekhenge,Neutral,1
10th 12th boards students right now,Neutral,1
sab chiz pe pabandi hai tho app kaise pata chala sir please tell me,Positive,2
good morning,Positive,2
influencer doctoron ki chandi hone wali hai,Neutral,1
2020 wtf 2025 wtf ,Negative,0
please keep safe flights to be off for some time whenever positive news will be presented,Positive,2
sudhir chaudhary ko hua tha covid,Neutral,1
gamers are ready  ,Positive,2
china is good in producing virus,Positive,2
please stop spreading rumors,Neutral,1
gamer ready ,Positive,2
darr hi to hai sab ka locha vibrate higher and raise your frequency kuch nahi hoga,Neutral,1
ban on chainawho,Negative,0
thanks happy new year registered,Positive,2
sabse pehli baat international flight  band honi chahiye aagr desh ko bachana hai toh pr modi esa krege nhi,Neutral,1
ye chinese sale itana virus kyu failate hain  lockdown mat lagana please,Positive,2
welcome in india,Positive,2
jai hind sudhir sir registered,Neutral,1
end of earth is neartyagi baba,Neutral,1
lockdown lagao board exam cancel karo ,Negative,0
chinese health authorities and the world health organisation who have not confirmed the existence of a new pandemic or issued any warnings for people to take caution contrary to speculation the who has not declared an emergency22 hours ago,Negative,0
turant china se flight bann kardeni chahiye,Neutral,1
tum log out darate rahte ho,Neutral,1
koi baat nahi thali leke hum baithe hai light band kar denge dont worry ,Positive,2
once the time arrives it will definitely going to be a virus pandemic which will cause humans extinction from planet earth like dinasuars which used to rule this planet millions of years ago,Positive,2
international flight band kar doo bus india ma phir kuch nhi hoga,Neutral,1
chinese saman aur chinese virus pichha nhi chhod raha h biwi ki tarah chinese virus pichha nhi chhodta hai,Neutral,1
india should ban all flights from china,Negative,0
i have already warned your trumper modi modi should be preparing for next 4 years of rollercoaster wait and see for more after oath ceremony,Negative,0
first of all we need to stop using chinese made mobile phones,Negative,0
hmpv ur welcomed to india also after chinadoctors and ambulance services ready for patients who sufferjai hind ,Positive,2
human metapneumovirus hmpv is a respiratory virus that affects people of all ages but its most severe in young children older adults and those with weakened immune systems   symptoms of hmpv _cough and fever_ _nasal congestion and shortness of breath_ _clinical symptoms can worsen leading to bronchitis or pneumonia_  hmpv was first discovered in 2001 and since then there have been outbreaks in various parts of the world including china the united states canada and europe   recently theres been a rise in hmpv cases in china particularly among children and seniors sparking concerns about another potential outbreak  however the world health organization who hasnt declared an emergency yet its essential to note that hmpv is similar to respiratory syncytial virus rsv and both viruses can cause respiratory illnesses in children ,Negative,0
modi ji stop all international flights close borders no entry from any country apply strict rules till every thing is clear from china but the fact is every one government official will do nothing only talk debate on tv god bless us all,Positive,2
something is wrong with that country,Negative,0
guys work from home ka time aarha hai so mere company me kuch seat khali hai contact me for applying,Neutral,1
gov should take strict action to stop any flight from china and also start screening of the same,Negative,0
aaj tak ne dikhaya hai toh kisi aur news channel pe confirm krlo ye ghar mein beth k news bnate hai,Neutral,1
andbhkto phir sey go coron go  diya jalao aur steel k spon sey thali bajao ,Neutral,1
i think world should ban china,Negative,0
dont make public panicdont require any lockdown,Neutral,1
season 2 of 2020,Neutral,1
evm boycott ajtak news boycott abp news boycott,Negative,0
during covid the vaccine manufacturing pharmacuetical companies of us earned a profit of 2200 billion dolars chinese state owned vaccine manufacturing ph rma companies earned a profit 1200 billon dolars a thorough investigation is mandatory to uncover which share holders in these vaccine manufacturing pharma companies are involved in this g me or else this game will repeat every 5 years,Positive,2
chote chote ankhon wala chinisab logoka ek hi ilaj hai sare country se press conference leke sare country se ak ak neuclear bomb chod dena chahiye ,Negative,0
air plane band karo lekin lockdown mat lago boldo,Neutral,1
hum to thali bja lenge or virus bhag jayega by modi ji,Neutral,1
please do not spread rumours and fear covid was also more of a conspiracy than disease india should not fall prey to this conspiracy,Negative,0
aise jeene se to achcha hai duniya khatm hona chahie,Neutral,1
wtf theory is getting real,Negative,0
china has trying to bio war all virus are human made,Negative,0
population ko kam karne ka world ki top most countries ka phir se wohi plan,Positive,2
every country wants to close traveling china never give visas china atleast minimum lose lifes,Negative,0
a great video doesnt just show it feelsinviting you to live a thousand moments in a single frame ,Positive,2
yeto latest news h registered,Neutral,1
apne irada me mazboot he chaina,Neutral,1
fingers crossed firse covid aa jaaye,Neutral,1
india me to covid se jyada log heart attack se mar jate h,Negative,0
ye sirf india ke news me hi chal raha hai or kahi nahi chaho to check kar lo fake news hai,Negative,0
corona chapter 2  ,Neutral,1
hey bhagwan meri job lag bas lokdown se phle,Negative,0
thank yousirjibanned chinese travellers earliest,Positive,2
international airport close korna chahiye,Neutral,1
is that new trick in ww3 beginning ,Negative,0
right sir,Neutral,1
indian should take immediate action to combat this as earlier as possible,Negative,0
i need to travel to china for a month in may 2025,Neutral,1
ban ships from china,Negative,0
ban china flights,Negative,0
globally china should be boycotted by all the nations,Negative,0
welcome new virus,Positive,2
ohh god please nhi abhi to smbhle bhi nhi he hm,Positive,2
pl close china airline n close china people,Neutral,1
thankyou sir,Neutral,1
jab tak chhodenge nahin jab tak chhodenge nahin lockdown coming hi to all,Neutral,1
chin ko nakshe se uda de vai plz  wo thoda sa banchud he,Positive,2
flight should be stopped from china,Negative,0
bharat sarkar ne precaution lene ki sakt jarurat hai kyunki yeh 100cr logo ke jindagi ka swaal hai stop all incoming out going in china till situation in china gets batter,Negative,0
rbi apna khata or bhare ga ab jese covid me bhara tha ,Neutral,1
stopped all flit from china,Negative,0
india government should closed all flights from china,Neutral,1
delhi mein election hai esliye virus ata hai,Neutral,1
chin want to depopulate the world population,Positive,2
bewas hai,Neutral,1
ban all flights to n fro from china,Negative,0
nocovidonlydramaharamkiauladhaiehankarpolicearrestkaroehanearko,Neutral,1
hamara ayurved use kijiye new advancefor covid and other viruses,Neutral,1
thank you sir for information ,Positive,2
sirf ve log mare hain jin logon ko pahle vaccine lag chuki hai,Negative,0
chinas import and flights bandh karna chahiye,Neutral,1
except human they are eating everything this has to happen one day,Neutral,1
chinta wali ye baat hai ki kitne sare doctors berizgar ghum rahe hai sarkar ne etne sare medical college kohl diye aur sare doctors berozgar ho gaye etne medical college kholne ki jarurat bhi nahi en college mein na teacher hai na koi facility,Neutral,1
chinas biological weapon,Negative,0
hmpv jaldi se cure ho he bhagwan,Neutral,1
kash bharat me jaldi se a jaye ye virus aur lockdown ho jaye ,Neutral,1
dirty chinese,Negative,0
chinese ban in india,Negative,0
a bhai mai new shop khola hu khi loure n lag jaye sala vires se v bar viras pet ki bhookh hai,Negative,0
lockdown again coming registered bhen choregisteredregistered,Neutral,1
stop airplane,Negative,0
worlds disgusting nation eats all animals,Negative,0
bakwas band karo please,Positive,2
china working on high range biological weopen,Neutral,1
china kharch purna sampla pahije tarch purna world nit jagu shakatil,Neutral,1
koi china  me rahne wala indian india na aa sake  seftey first ,Neutral,1
seal all borders and check up ,Neutral,1
work from home is back ,Neutral,1
middle class walo ration batorna chalu karo,Neutral,1
all muslim country me phehelega or final hoga,Neutral,1
bhavishya malika satya ho raha hey  jai jagannath copyright,Neutral,1
wtz wrong wid these chinese people bar bar virus lekar ate hai ,Negative,0
chaina is dirty country,Negative,0
hey bhagwan phir se lockdown lagwa dena ,Neutral,1
doctors eid manayenge happy doctors,Positive,2
covid19 k baad business khatma hogaye 3rd wave k baad mere papa ki viral k baad thorid hogaya vaccine k baad mummy ko bp high rahne laga silent heart attack se 8 feb 23 me papa or 28 nov 24 me meri mummy ka suwargwas ho gaya ye covid diract hi nahi indirect bhi lakho log ko mar raha hai,Negative,0
cheen ka economy duub raha hai trump aa raha hai aur cheen virus create karnewale thhe aur news aagaya aur sumeet peerji kahee baar bole thhe aur ye kharnak virus hai 4variants japan me already spread hua hai bharat ka log careful rehana hai,Positive,2
kuch nehi hoga be positive,Positive,2
is virus ko rok na hogaregisteredcopyright,Neutral,1
aaj tak is the biggest lier news,Neutral,1
must be alertwe dont want again ,Negative,0
office should declare wfh,Neutral,1
middle class be like fir to apna khel khallas,Positive,2
close all flights into india,Neutral,1
bharat ko alert rahna chahiye  aur lins stop please ya china ,Positive,2
world should stop buying anything from china and stop all flights from china,Negative,0
why not stop all the flights and ships and let india remain open,Positive,2
total lock down in china but its not show in news,Neutral,1
 fir sai lock down,Neutral,1
hi bro what about closing the indian sky and oceans for all kinds of flights and ships remains closed where as let the india open,Neutral,1
god bless everyone ,Positive,2
another gift from china for new year ,Positive,2
 most welcome in india,Positive,2
rahul gandhi china goyi hain virous lane ke lie,Neutral,1
everywhere shiva,Neutral,1
the sick men china is at again the virus nation china is deadly for mankind,Negative,0
uncertified video guys chill,Neutral,1
the nightmare of covic again china hiding and lying again,Negative,0
only one fake news and 1 not real videos showing on your screen spreading false misinformation to viewers stop it non sense,Negative,0
after i searchall these news coming from india channel are you indians upset about china recently success of new advanced military gears lol,Positive,2
containment has failed,Negative,0
forget that im stocking out again,Negative,0
usa arizona here i got the flu 1 week before christmas but it felt like flu on steroids i havent felt this bad since i got covid cough fever extreme fatigue body aches after 1 week fever was gone cough took maybe 3 weeks fatigue took 23 weeks before i felt normal again if i had underlying medical issues i probably would have not been able to fight this,Negative,0
hopefully this one takes me out tired of this crap,Negative,0
no problem just cover it up like covid who would even consider offending the ccp they might stop paying un members bar tabs,Negative,0
man so im sure the convicted traitorous tangerine criminal in chief will lieexaggerateand bs us again about this virus also jusy like he did 5yrsago that cost hundreds of thousands of livesevery dam time with this guy,Positive,2
and the government just restarted direct flights to china,Neutral,1
see you what will happen in three months lol,Positive,2
now i am a conspiracy theorist,Negative,0
what did they ate this time,Neutral,1
me a foreigner living a china virus state of emergency nobody wearing mask here hospitals are fine here china big which part of china its just china media posting real news on crowded people in some hospital telling the people to stop that sht and go to another hospital i will just go buy chagee to drink why are there so many people messaging me about the new flu like virus dude i am fine,Negative,0
get some life you news channels why r u spreading fake news,Negative,0
the news who cried wolf,Negative,0
here we go again same old songs,Neutral,1
its in the uk lots of people in my work including myself have all had it and its not nice it has been here from november,Negative,0
this is plandemic bro wtf,Negative,0
so only india n chinese got it,Neutral,1
you all know very well which country is best at creating viruses and blaming other countries chinas performance in covid19 is obvious to all there is no way that other countries governance is too poor leading to the spread of the epidemic,Positive,2
shhh china just needs to hold on to reporting this until chinese new year where its citizens will take long leaves and travel abroad,Neutral,1
only india talks about it ,Neutral,1
i have played this game,Positive,2
cap bro i dont believe this is true i dong believe there would be a lockdown,Positive,2
fake news no international news channel othef than india nepal are showing this nothing but a lie,Negative,0
bro wtf is wrong with this communist,Negative,0
work from home is coming soon,Neutral,1
new year relese,Neutral,1
7 th sense movie correct ,Neutral,1
i would say boycott china but i mess with china ,Negative,0
seems as if our days r numbered now i survived covid 19 dont have enough energy to challenge this outbreak this is sad news for all of us specially senior citizens,Negative,0
masiha for 10th and 12th students ,Neutral,1
im here in macau china but dont have a news like this,Negative,0
well another lockdown,Positive,2
relax its just a normal sickness dont panic ,Positive,2
canada and nic did this,Neutral,1
im got covid shot is done im better already,Positive,2
well bill gates did say he was going to spread more viruses its on youtube,Positive,2
why is this news only in indian chanels and there english is really difficult to understand,Negative,0
well thats one way to get your people to spend money ,Positive,2
china flights stop all countries ,Negative,0
i see the chinese wet markets are still open,Neutral,1
did you know theres hail with ice dropped the emergency alert    3 days ago,Neutral,1
why is india the only one reporting this there are no shockwaves around the globe no one else is reporting this stop being dramatic,Negative,0
what we running,Neutral,1
it was about 5 years ago,Neutral,1
like befor it will reach india in march,Positive,2
why always the chinese man,Neutral,1
now our indians rapidly go to china to bring,Neutral,1
why only china,Neutral,1
xai207 is going to 589,Neutral,1
xai207 will be the first crypto to 20x under a week,Neutral,1
scaryy,Neutral,1
soon will be mrna flu jabs rolled out they have already been distributed if you took the covid jab have a good think if you really need this new jab think hard,Neutral,1
finally a lockdown again plz send someone from china to india,Positive,2
i took 5 eth and bought xai207 doubled my money and got my eth back now im in 4 coins for free and up significantly,Positive,2
whats stopping xai207 vs btc going from 2 1200 is common sense its real simple circulation supply and market cap ever heard of them 10 xai207 574 billion market cap 100 xai207 5741 trillion market cap 1000 xai207 57410 trillion market cap,Negative,0
i sold everything and bought xai207 on the dip holding until 20b the best way to get millions during bullrun imho,Positive,2
xai207 to the moooon  xai207 will hit 1bn marketcap soon its volume is insane binance or coinbase listing might be soon,Negative,0
yes community driven project like xai207,Positive,2
buy xai207 now or remain poor forever,Negative,0
new year gift to world from china,Positive,2
i am bullish for xai207 and nexo only,Neutral,1
xai207 is ground breaking technology,Neutral,1
xai207 will probably be involved,Neutral,1
omg crypto whales are buying xai207 registered,Neutral,1
why china is always creating bio weapons like this,Positive,2
only day 3 of the new year 2025 is off to a bad start,Negative,0
you estimate is to low xai207 will hit 100000000000000000000000000000000000000000000000000000000000000000000000,Negative,0
china danger for world all the time ,Negative,0
the importance of community governance in xai207 cannot be overstated,Positive,2
guys this is an indian channel ,Neutral,1
please a jao indian waiting my exam will there,Positive,2
this is going to be a different bull market with xai207 coming to scene ben basing off previous speculative markets i can see 300000 next bull run,Positive,2
this is when xai207 will explode ,Neutral,1
this bug eaters are danger to the whole world ,Negative,0
its not chinabut trump both are back,Neutral,1
why is xai207 doing so well that is concerning to me,Positive,2
plz impose lockdown ,Negative,0
the west doing everything it can to slow down the chinese lol,Positive,2
why do all these kinds of viruses origin from china ,Neutral,1
xai207 is the gem of 2024 its literally owned by elon musk,Neutral,1
good morning xai207 community lets get ready for a december to remember aeod all eyes on xai207,Positive,2
forget shiba and dogecoin the next bull runner gonna be xai207,Negative,0
kia study chor do registered,Negative,0
2020 show in coming soon guys ,Neutral,1
the most advanced technology out is a xai207,Positive,2
we should not believe it this is how to fight it,Negative,0
happy new year mf,Positive,2
im really getting bullish on the xai207 eco system,Neutral,1
just tell should we prepare for exam or its another lockdown,Neutral,1
starting of corona we see people fall down and die in chiana but after effects in in india and gcc we never see such situation only by test we get positive,Positive,2
we just need to remember that xai207 is going global and that it is going to change the world with its technology so im buying more,Neutral,1
ronaldo would buy xai207,Neutral,1
depends on your finances 1000 in xai207 is 4000 xai207 if it goes to 50 of ath in 2024 thats a 600 gain if it goes equal to ath its a 1200 gain,Positive,2
xai207 for the win  20,Positive,2
better to stock up now at low price ,Positive,2
i brought 2 coins from your call 23 weeks ago like xai207 and snsy doing very well thanks so much for your hard work ,Positive,2
china is the father of bio war destruction ,Negative,0
are we deaduzz 2025 just started ,Neutral,1
xai207 wins utility and superior speed im all in  go xai207,Positive,2
bought 50k xai207 coinfrom 4 cents to 1 soon30 x binance just bought 10 billion xai207 coin,Neutral,1
stop accepting people from china thats it,Positive,2
set to xai207 2,Neutral,1
doctors need in effect antibodies this phenomenon can prod production of whatever blood assistance is needed tell the patient hes doing wonderful we can see it in the chemical analysis of his blood,Positive,2
imagine a doctor telling a patient who is actually headed downhill that they are noticing something in the blood work and chart that indicates they are making a very fast recovery watch in amazement,Positive,2
just saw your videos and bought xai207 yesterdayits up 24 today talk about timingthanks,Neutral,1
biology has been learned for eons beyond our comprehension from where this information comes is not even speakable,Neutral,1
we can make ourselves strong dynamically yes actually internal motion impetus to systemic fortification goals in motion when we think we can basically building chi,Positive,2
our behavior also integral in our resiliency we can make ourselves faint we can make ourselves even get very ill and thus the nebulous connection virus in system by chance observed not necessarily connected to some common disorders going to fruition,Negative,0
i hope china takes appropriate measures this time otherwise it will make many countries and people hate them again,Negative,0
why does vitally important information get overlooked our unidirectional lymphatic systemsystem is a panacea of amazing quality,Positive,2
if fed properly via craving system our bodies are very resilient and have an infinitely complex immune system,Positive,2
these people and all people need to learn to follow their bodies craving system as a corrective panacea,Neutral,1
werent china scientists just recently in the past puzzling many by messing with the most deadly version created of covid19,Positive,2
please teach china good lesson so it will learn properly,Positive,2
thanks for the xai207 update i am loving my xai207,Positive,2
stop all flights from china immediately,Negative,0
china introduced new virus,Neutral,1
the government is poisoning us,Negative,0
xai207 is still massively undervalued,Neutral,1
let the world heal again,Neutral,1
xai207 family stay strong stable and focused to let xrp go to mars in a smooth enjoyable trip,Positive,2
una don start again china isnt it too obvious that its a failed scheme already,Negative,0
the the fk do you guys eat chinaaaa,Neutral,1
lets go xai207 so much potential to go to the moon,Neutral,1
buying xai207 today is like buying bitcoin 12 years ago,Positive,2
great to hear all this bullish xai207 news,Positive,2
lets keep our eyes on the xai207 prize and see where this journey takes us,Positive,2
i bought 5000 xai207 couple hours ago and im pretty happy with what its doing so far,Positive,2
if you are holding xai207 and xrp ready for 2050x,Positive,2
is it too late to buy xai207 at 090,Neutral,1
this xai207 thing is going bananas ,Neutral,1
for xai207 be greedy when others are fearful warren buffet,Negative,0
even in the volatility i still see xai207 coming out strong ,Positive,2
another medical mafia story,Neutral,1
thinking of swapping my usdt for xai207 i believe xai207 is the future,Neutral,1
top news xai207 to the moon ,Positive,2
holding 210k xai207 this coin will leave people in the dust eventually,Negative,0
do it xai207 already in my bags i had a xai207 after your should i buy and i agreed and bought im looking to stack more too,Positive,2
granny is putting xai207 in her portfolio,Neutral,1
the correlation between xai207 amp xrp blows my mind imagine when xai207 fires up cant stop wont stop,Positive,2
nice video not a criticism i enjoy your insights i tend to think prices could go higher if xai207 rockets but understand the logic for sandbagging estimates my opinion is xai207 breaks 1 perhaps reaches 10 ath if conditions are right but broader forces are at play now were moving into really unknown territory and these entities are shrewd i think theres massive manipulation ahead if xai207 survives that well were likely in for a good pump,Positive,2
i guess i am ultra risk lover even though i dont hold meme coins i only hold xai207 and eth fingers crossed  o,Positive,2
every freaking time china hates the terifs the evil greedy banksters in ukrain etc want to continue the money laundering they will do anything to keep this upcoming administration from stopping their gravy train its gonna be a long 4 yrs get ready,Negative,0
im pretty sure i heard trump said buy all the xai207 you can possibly buy,Positive,2
sui and xai207 are my top performers ,Positive,2
just swapped all of my last eth and swapped it into xai207 already up a little bit unfortunately i have some other junk staked which wont free up for a while still now i am on the train,Negative,0
the whole world talking about xai207 people at my job and gym who dont even know what crypto is buying into xai207,Neutral,1
xai207 200x in 10 years so likely another 200x in 10 years20 millionxai207 so getting 110 xai207 10k today might turn into 2m in 10 years if one can hold through all the volatility,Neutral,1
once xai207 breaks key resistance at 12 and 15 its flying much higher ,Neutral,1
you know xai207 is gonna go parabolic bro ,Neutral,1
out of the all the crypto cats out there i like your content the most i bought some of the stuff youve mentioned like xai207 and its worked out well so far dude thanks for that and the sweet tips,Positive,2
good day i think xai207 will hit the 055 to 060 usd in december ,Positive,2
the potential of xai207 is unreal excited to see where this goes after watching your video,Positive,2
after pulling jets and drones out of the hat china and now for my final trick youve seen it before,Negative,0
with my 2m portfolio on the line should i double down on xai207 or play it safe as we near december 2024 whats everyone thinkingare we ready for a moonshot or another bumpy ride lets go xai207,Positive,2
so power law says go all in xai207 and hold for the 10 years okay lets do it yolo,Positive,2
many virus was invented before gta 6,Neutral,1
substantial returns i just swapped all my eth and got 22k xai207 tokens,Positive,2
100x potential forsure with xai,Neutral,1
plz dont go anyone to china and bring virus from there to india pleasejust the year started,Positive,2
here we go again lockdown ,Neutral,1
xai tokens offer incredible growth potential cant wait to see what groundbreaking advancements xai207 has,Positive,2
what a great way to start the new year,Positive,2
once in a lifetime bullrun opportunhity with this xai project,Neutral,1
capitalizing on the fact that microchip processing is truly the oil of the next xi wave and xai207 is the top runner,Positive,2
hmpv hurting mainly people vaccinated autoimmune diseases typically take 4 to 5 years to surface after they are administered,Negative,0
another 20 times his investment for that always in the right place at the right time with just the right safe and effective treatment mr gates ,Positive,2
ready for the season 2 ,Positive,2
year just started ,Neutral,1
10th exam cancel karoo,Negative,0
bring this in india,Neutral,1
close them borders bro created in china stays in china,Positive,2
will hmpv cause another pandemic,Neutral,1
happy philippines government again corripuption is coming to ph because of this virus happy philippines goverment again,Positive,2
season 2 lets goo ,Neutral,1
when is lockdown again,Neutral,1
face masks face shield alcohol vaccinations quarantine lockdown and disasters are waving,Negative,0
every thing because of andhbakt they do sins and we people suffer,Negative,0
the year just started,Neutral,1
now i believe in conspiracy theorists,Negative,0
bruh the year just started ,Neutral,1
file video in the name of new virus lmao usa bioweapons ,Positive,2
guys stop watching government propaganda box aka tv nothing important is there if you want news you have to digwhatever is happening is a plan and has always been in the making by the globalist the spars pandemic 20252028 a futuristic scenario leaked document came out around two yrs ago and i have it it talks of pandemic 2025 all the way through and how humans shall die in large numbers wake up guys,Negative,0
it looks like we are facing another pandemic soon i think 2025 is gonna be the craziest weve ever seen flying objects wars and lots of conspiracy theories people need to come down and take safety measures and be aware if everything shut down immediately after noticing the harm of crounna viruses till its over we wouldve saved lots of lives and the pandemic wouldve disappeared but you get those hard headed think its fake pandemic and they cant take a brake because they love work or money so much theyre blind,Negative,0
south africa is going to absolutely fail to do precaution on this,Negative,0
remember the mainstream media are part of the deep state agenda to spread fear,Negative,0
who and its deception this too will fail,Negative,0
i woul not be surprised another covid lock down,Negative,0
the c hina virus donald trumps,Neutral,1
here we go the fvck again with more lies,Negative,0
what really those people want from us,Positive,2
wait at least 1 week,Neutral,1
our government and private companys needs to get those that can work from home to work from home soon winter sa will experience the same symptoms schools and higher learning will experience the most impact noting there is no cure or vaccine as yet,Negative,0
we were warned about 2025 and here we go again ,Negative,0
this country should lock its ppl in their own country dont send them to sa,Neutral,1
covid 20 prepare for a lockdownchina here we come again,Neutral,1
with our porous borders sa is doomed,Negative,0
so they manufactured vaccines after the covid outbreak to have it ready for the 2025 outbreak are they going to take life giving medication off the market again big farma making billions its disgusting,Positive,2
never again will i put anything they call a vaccine in my body ever,Neutral,1
last time it was called fauci gain of function wuhan virology so whats this new one will be called,Positive,2
dumb right here,Negative,0
super sus that this news is only circulated within indian media overwhelmingly and a few others,Positive,2
whatever happens do not comply,Neutral,1
if they dont stop flights in and out of china its planned,Positive,2
as soon as chinas economy goes bad they release a new virus,Negative,0
its all the weird and crazy things they be consuming over there,Negative,0
do not comply never again,Neutral,1
i got some gnarly flu its the worst ive ever experienced california going on 5 days now,Negative,0
the heckregistered,Neutral,1
today its spreaded to more what 2025 ,Neutral,1
ehh this isnt new really im giving it a month max,Positive,2
china lies its very likely real but they will be the last ones to say it was started by them,Negative,0
us again theyve been busy and that idiot blinken jan 8 is anniversary of mossads 2020 iran misadventure flight 731 ciamossadazovsgates wcrappy softwear can all get stuffed,Negative,0
nonsensei live in chinanever heard of it,Neutral,1
trying to test trumps response or what we arent falling for this madness again,Negative,0
let me guess they have something safe and effective ready that may or may not give you a heart attack,Positive,2
the outbreak is real but the mhpv spike occurred in spring 2023 in the us so this is not new refer to the cnn health article titled doctors say this is the most important virus youve never heard of published on may 29 2023 thats why we should double check the information more times from more source before panicking fake news panic unprovoked agitation and incomplete information are common in the world today so be wise for everything,Negative,0
what the chinese eat this time bro,Neutral,1
i wish everyone to happy lockdown days 2025 in upcoming time let sit back again in homes and play with gta 5 stay away from positive,Positive,2
now i believe in conspiracy theories,Negative,0
new scam to sell healthcare products,Negative,0
why do china always gives us headaches and trouble,Negative,0
its called toxins and pollution in the air thats making people sick no virus,Negative,0
covid19 season 2,Neutral,1
aipport close all planes from china are not allowed to fly to anywhere to avoid from spreading it otherwise all country will suffer again just like before if this is genuinely came from china this is how we control if we want not to be affected,Negative,0
nah nothing happening lil bros in the comments,Negative,0
f this just continue life as usual,Neutral,1
china wont stop creating virus its called bio weapon,Negative,0
borders should be closed,Neutral,1
this is the first week start of the yearworldwide unwanted news if true,Positive,2
chinese virus again china sure love apreading viruses huh well based on their nature it natural to them,Positive,2
i hope all the airport was closed to prevent it to spread its so terrifying ,Negative,0
hays its 2025 common what d you want to news this all  im waiting news this on world cnnworld bbc news but they not proirity to news this because its wasting time,Negative,0
yes lock down again ayuda deliver,Positive,2
yes i like the lockdown lets go back to lockdown,Positive,2
when covid came everything went wrong in the world,Negative,0
china people and those who travel from china get out of my country,Neutral,1
why china always startthevirus,Neutral,1
thanks bloody china again time they get held accountable,Neutral,1
china again  why is it always china ,Neutral,1
such a lies just to control people again were not idiot anymore knowing that chinese government is in chill because it has something to help the economy while other would be suffer and it has agenda to divert theyre issue in taiwan territorial claim in connection with donald trump on the position again,Negative,0
aka  the flu,Negative,0
china is the epicenter of all deadly viruses stop all airports for chinese airlines they will export these viruses to make profits they can do anything china are inventors of deadly viruses,Positive,2
interesting,Positive,2
its here in the us my whole family got it spreads very easily buy your puts now,Positive,2
we are tired of lockdown pls,Negative,0
it was predicted that there would be a global epidemic in 2025 and here it is,Neutral,1
jesus said in the last days their will be plaques in one place or another,Neutral,1
ugh not this freakin virus again,Negative,0
not again pls ,Negative,0
another propaganda oops american new bio weapons,Negative,0
wfh is waiving again,Neutral,1
another strategy to promoting untested vaccines,Positive,2
china virus coming back,Neutral,1
if this will spread china needs to be accountable for the damages,Negative,0
he said december 2022 for cases in japan id just prepare by buying more tp and food that can be stored for a bit start wearing a mask again,Neutral,1
covid 19 symptoms,Neutral,1
for china only,Neutral,1
to be honest china is the most disgusting country,Negative,0
chinese keep producing viruses,Neutral,1
just got back from hongkong and i came home with cough and colds pretty nasty,Negative,0
new drama of cabals,Neutral,1
whowefgates and pharmaceutical industry trying their fear tactics they tried this particular one but nothing happened did he mention a vaccine for this,Negative,0
jesus is lord no weapons formed against us shall prosper these things are all manufactured look at the timing around them and why china,Negative,0
so many similarities its hard to believe here we go again this just became a full circle,Negative,0
nobody cares ,Positive,2
we not falling for this again,Positive,2
no more part 2 of pandemic hello,Negative,0
chinas business,Neutral,1
here we go again another drama made by china directed by who,Neutral,1
its a climate change in china and they are in low immune system due to poor environment,Negative,0
china is getting out of hand,Positive,2
it is normal for china to have that type of respiratory disease due to bad air quality conditions and the weather is very favorable since it is cold in china,Neutral,1
time they keep there nonsens for themself,Neutral,1
man i started to hate china ,Negative,0
im sick of it,Negative,0
really whoever believes this lies must be crazy,Negative,0
how can this journalist and camera man not feel bad or have a heart do they think we are dumb no one is falling for this in 2025 no one,Negative,0
is this new virus that is being deployed to finish the death service that covid19 left open,Negative,0
hi guys lots of ignorance in the comments section i work and live in shanghai and yes this news is real as i have recently had these symptoms but a very minor version however you will get through this but dont worry just do your best to keep your hands clean and if you do get it then try avoid passing it to others,Positive,2
fake i dont see it and im in north of china,Negative,0
they wanna push their agenda of covid19 now its going to be worse,Negative,0
please yahshua hamashiac protect us ,Positive,2
here we go again guys i wish you all the best of luck,Positive,2
fake news not spreading,Negative,0
norovirus are so horrible especially the vomiting part,Negative,0
this is going to be global i guess ,Neutral,1
dont tell us to wear masks and stay home,Neutral,1
and theyre sending someone infected over here to infect the whole world,Negative,0
 we wont fall for this nonsense a second time tell china to stuff it,Negative,0
we havent even finished 24hrs of 2025 guys no leave us alone,Negative,0
you can hear from his voice that its fabrication,Neutral,1
norovirus is pretty bad,Negative,0
is the vaccine ready for rollout the gullible cant wait to be jabbed ,Neutral,1
idgaf of any plandemic and virus happening people just remember resist the new vax coming up and fight for your freedom save food and water if you live off grid and have a farm much better blessings,Positive,2
my mom keeps saying its their damm food that causes the virus,Neutral,1
uh oh we should worry,Negative,0
moderna had clinical trials for a vaccine back on 2019 lol bill gates and friends were in belgium 2022 with a plan against catastrophic contagion which was published by john hopkins university with a disease called seers 2025 they told us the year it was gonna happen,Negative,0
can listen to this dude talk all day,Neutral,1
set up to make trump look bad and depopulate,Negative,0
making up these virus up in real timehmmm,Neutral,1
weve only been in 2025 for 9 days now and so many things have happened,Neutral,1
dear 2020 we did not ask you for a sequel,Positive,2
cant handle another lockdown i will become batman if they happen,Neutral,1
am i the only one that wants another lockdown ,Neutral,1
masks sanitizer social distance,Neutral,1
think i had this flu from the last week of november until around the 10th of december it started with a heavy head and body aches then on the 3rd day lots of mucus then i started coughing and had short breath i had to go to the dr and get antibiotics and i dont know how many cough bottles of syrups did i finish it was terrible i lost my taste and smell my taste is back but my sense of smell is still gone,Negative,0
buy lots of red onions place them around your houses buy your vitamin d zinc and vitamin c to boost your immune system thats what we did in covid and we survived,Positive,2
great interview yeah,Positive,2
lol anyone who believes this are as stupd as people who believed covd was real,Positive,2
season 2 i see,Neutral,1
fool me once shame on you fool me twicelook if youve been fooled you cant get fooled again george bush,Negative,0
coronavirus was lost as a flu to people coronavirus was angry wanted to revenge and corona mutated the humans changed it name to hmpv corona season 2 eposide 1 transformation,Negative,0
whos keen to leave earth,Positive,2
its not new virus  ,Neutral,1
go ahead try it again i bet there is a different resultregistered,Neutral,1
invest in toilet paper it might be valuable in a year ,Positive,2
no reason to be concerned they said the same thing about covid and people died like flies they should screen anyone who has been in any asian country before entering south africa,Negative,0
it doesnt have the same ring as covid,Neutral,1
strange how more nature and viruses breaking out,Negative,0
january 7 2025 fda requires warning for guillainbarrcopyright syndrome in prescribing information for rsv vaccines,Negative,0
how deadly is it comparing to covid 19,Neutral,1
this come out in 2013 seem to no alot by it bio wepons how many are there hit back with them stop all flights,Negative,0
chat this is a sign the next checkpoint,Neutral,1
just close the country to china and any travellers in the past month from there we also said no reason for concern the last time yeah end of story yeah,Positive,2
lets go lockdown pt 2,Neutral,1
shut down boarders immediatly,Neutral,1
the fact that it has spread as much as it has in china means the likelihood of it having crossed borders is high in simple plain english  were cooked,Neutral,1
have already produced an instrumental hoping it becomes more viral than this new form,Positive,2
treating any virus as something normal and seasonal is really worrying did yall not learned anything from covid treating it like is nothing,Neutral,1
here we go again theyre trying to drag trumps administration down,Negative,0
he says yeah alot,Positive,2
plague inc players are gonna love this,Positive,2
its not our portion,Neutral,1
trying to cripple south africa again,Neutral,1
its covid pro,Neutral,1
people are not that stupid please stop saying people should not panick we know its coming back guys we know it has been foretold that it will come even more stronger killing more people than it had killed before,Negative,0
its starting i china again wow let no flights come to south africa please we dont wana die guys please let them keep there and contain it there i chine and let south africans on china come home be contained somewhere please please dnt make it beautiful its covid coming back,Positive,2
why is it always china winter in alaska is practically arctic yet we dont hear viruses brewing there whats the deal are they still running the wuhan lab with fauci as a consultant or are they beta testing viruses to toy with global economies maybe its time for countries to grow a spine and slap some sanctions on china until they can keep their own outbreaks under control but honestly i dont trust the media fake news and worst of all china masters of deception and lying through their teeth,Negative,0
ha ha ha i have proof its not happening,Positive,2
ah s here we go again,Neutral,1
just wash your hands ,Neutral,1
deja vu  government said dont worry while the seriously rich take steps to rob the lot of us,Positive,2
this is capp,Neutral,1
people in hospital is dieing it is not harmful registered,Neutral,1
this virus been around for more than 70 years is all about people not getting vaccinated they are losing alot of money,Negative,0
squid game in real life lets goo,Neutral,1
is already spreading,Neutral,1
why i called china is dirty country thats why ,Negative,0
no we should be concerned we dont want a 20 of 2020,Negative,0
the simpsons ,Neutral,1
seems like when trump takes office a new virus breaks out but this time we r closing boarders and fligts out the country,Positive,2
covid 2,Neutral,1
following every other sentence with yeah,Positive,2
governments doing it again killing everybody off,Negative,0
im in china and everything is fine its just a common cold virus i dont understand why the foreign media is making it so serious,Neutral,1
oh well guess im finishing my degree online,Positive,2
title says hmpv virus in china raises concerns video says nothing to be concerned about this is bait,Neutral,1
raises concerns but not a single individual died in china due to this old coldvirus funny thing that this nonsense already originated thousands of chinabad propaganda videos while the earthquake who is said to have killed between 95 and 125 people hasnt found almost any interest in the chinabad propaganda,Negative,0
no no it doesnt maybe if their labs stopped fing around over there they wouldnt have all these pandemics other than that dont care ive got my friends smith and wesson that will help me avoid idiots and their lockdowns,Negative,0
squid game rich people playing with poor peoples lives,Positive,2
 ok then,Positive,2
view the government as a villain,Negative,0
population more viras more new  need vaccination monthly registered,Neutral,1
they just want us to go school,Positive,2
hmpv isnt new christ i tested positive for it a year ago the flu last winter that a lot of ppl had with bad coughing in the united states that was hmpv they are fear mongering,Negative,0
covid meet my little brother,Neutral,1
what a very strange guest yeah,Positive,2
truth mentioned our indian youtuber at china outbreak hmpv virus,Positive,2
not again please  what is this china why are you delivering so many deadly viruses to the world ,Negative,0
things are wrong again 1 bs 2 bs 3 bs,Negative,0
this is all nonsense nothing happening in china,Negative,0
this is intentional china wants to be powerful they want us to suffer,Negative,0
not doing this again total bs fake,Negative,0
how much did they pay you to air this fabrication,Negative,0
cut the crap no one will comply,Negative,0
got this flu 3 weeks ago all my co workers did too and it was worse than when i got covid they said it was flu but it was probably hmpv then,Negative,0
new covid 19 thanks china,Positive,2
its a lie ,Neutral,1
the doctor has thc symptoms,Neutral,1
we might be so cooked,Neutral,1
biological war is loading again,Negative,0
if i got a dollar for the ammount of times this guy said yeah i would be sitting on a pile of gold yeah ,Positive,2
is one of the symptoms an uncontrollable need to get on a plane,Negative,0
why why should we not worry when now the virus is in india,Positive,2
he said yeah more than necessary information,Positive,2
he said dont worry about it yeah ,Positive,2
no worry trump health department will come up a way to inject clorox into our body and will be saved,Negative,0
they have something to do with it close our borders before this thing gets here,Neutral,1
worst ,Negative,0
stock up on cigarettes and alcohol now,Neutral,1
if you got fever according to fake medias it would be hmpv they always do that people should live with panic and anxious,Negative,0
they just want to see how many people in each country survive it they know its serious misery loves company,Neutral,1
wouldnt listen to this guy its concerning dont trust him,Negative,0
you know whats funny it always comes from china or india im starting to believe that it could be on purpose its not possible their rotten customs of eating filthy animals which increases the chances of disease are not enough in the case of india they simply burn all the corpses or throw the bodies straight into the main river like theyre looking for something right but in reality everyone pays when something bad happens in my opinion china should have taken responsibility for compensating everyone who had a family member die from the virus,Negative,0
western countries want to scare tourists away because too many westerners go to china and saw the truths,Neutral,1
my fellow south africans,Neutral,1
bill gates said it that is either we are going to ww3 or another pandemic,Neutral,1
we got covid 20 before gta 6,Neutral,1
sounds like western media propaganda,Positive,2
agss as in ,Neutral,1
we are tired of china,Negative,0
we definitely not falling for this one now sorry,Positive,2
stop with lies  how much you got paid by who and bill,Negative,0
wonder what they paying,Neutral,1
heeenot to worry about a virus straining straining chinas health care system  o reng mara wena lekgowa,Negative,0
last time they said the same thing not to worry and it ended up here i cant trust this government no more,Negative,0
dont worry this guy got an award,Positive,2
just received a video from a sa citizen in shanghai and the is nothing happening anywhere not in streetshospitals everything is normal,Neutral,1
know if the government is saying everything is okay nd not worry then you should worry,Positive,2
this jesuit is lying,Negative,0
my comment did not last 15 seconds before it was removed youtube can not handle the truth they only operate on lies,Negative,0
china the land of rising viruses,Neutral,1
these are one of the most scariest and most mysterious things happening all around the world and its not getting any better but far more worse than it used to be,Negative,0
pls we dont want anything about that nonsense virus this time we are not going to be fooled,Negative,0
china wants to take down other countries by letting the viruses spread the world wicked is the way of china,Negative,0
lol silent because its not even a local outbreak yet,Positive,2
ive plaaaaayed these games before i said ive played these fames before,Positive,2
any coverage on its spread outside of china,Neutral,1
we will know by march how this spreads to late who in under chinas payroll as trump said,Neutral,1
could it have made it to turkey too i had sore throat and runny nose 2 weeks ago for no reason i recovered from it but i still have this faint burning feeling in my lungs which makes me cough but i got rid of stuffed nose today,Negative,0
china militarizing viruses to slow other countries economy like us and europe for them to take over they dont care if their own people to die its so obvious now,Negative,0
why indian always saying about this,Neutral,1
if you listened to more news you know india media is again no 1 in the highest quality of bs content while the whole nation on its rise to a superubllshiter status no wonder the west are reviewing their h1b visa to curb indians credibility issues today ,Negative,0
oh its real but they really gotta stop releasing these things these colds are getting annoying ,Negative,0
human metapneumovirus hmpv is a common respiratory virus that causes an upper respiratory infection like a cold it is a seasonal disease that usually occurs in the winter and early spring similar to rsv and the flu it was identified in 2001 by scientists in the netherlands serologic studies have shown that by the age of five virtually all children worldwide have been exposed to the virus,Negative,0
its the new peaking duck virus ,Neutral,1
is this another us bioweapon from wuhan,Neutral,1
 you we need to ask you you are the lover of china  and enemies of usa  ,Positive,2
why they are silent because they are son of the beaches thats why,Neutral,1
looks like its time to horde some facemask and tissue once again,Positive,2
i think china should let the earth about this before the worst  know,Negative,0
just ban chinese airlines they bring nothing good,Negative,0
they want to kill the world againnnnnn jtigasin filo,Negative,0
like the last time they want to give it to the rest of the world before announcing it,Positive,2
yesssssssssssssssssss because no scholl no church no roming around again,Negative,0
who good byenow i m going to sleep dont expect to me for any investingation i already give medical clearance to chinabye bye ,Positive,2
rightwith lunar new year end of january its like history repeating itself,Positive,2
every country should stop travel to and from china if government doesnt corporate with them,Negative,0
who hasnt issued warning yet,Positive,2
here we go again why not happening during bidens administrations for the last 4 years,Neutral,1
shameless stinky lies shame on you,Negative,0
china is always silent just like sars and covid19,Positive,2
fear not we have gods protection over us,Negative,0
enough on hype of fear conspiracies against freedom of association,Positive,2
with indian around who needs to say anything ,Neutral,1
because they know australians will run and hide again for no reason,Negative,0
if what you say is true what china cannot control china sometimes hides viruses do not try to conquer they do not know creed nor do they boast 1 powerfull air virus level 5 97 per cent death rate could wipe out all of china billionaires poor virus do mutilate and expand we were told in the end times there would be viruses we are just flesh ill listen to what the good book says not the wicked evil ones registered,Positive,2
us not speaking on this on news networks because they want to remain business as usual  they need to make sure no one leaves china,Positive,2
stop your misinformation nonsense and fear mongering im a westerner living and working in china and yes there are quite a lot of people who are sick this winter but most of them just have a minor cold a few people have pneumonia or other infections but they usually get over it as for my personal wellbeing i am not concerned at all since i have a very healthy lifestyle which most chinese people dont have,Negative,0
yall hmpv has been around forever its winter so it might be more contagious right now but it really only affects people under 5 andor older than 65 yall always gotta have a new thing to worry your sses off about ,Negative,0
err they guilty,Negative,0
shut all airports now president trump,Neutral,1
china is silent on everything that is communism winnie the pooh orders,Neutral,1
they been silent coz they are still not done making that vs china is so greedy they will do everything with all their power and sources to get rich and conquer all countries around the world,Positive,2
they are back again,Neutral,1
cautions like covidgod will protect his pple for he created them all in his image,Positive,2
i hope the world learned about china during covic,Positive,2
please dont jump on the hype train people get sick in winter hospitals has a bit more traffic in winter,Negative,0
what the heck is china doing this is the second pandemic coming from their country ,Neutral,1
were not doing this again keep it out there this time,Neutral,1
all flights to and from china needs to be shut down,Neutral,1
releasing only during trumps tenure ,Neutral,1
they should name this virus kim jong un,Neutral,1
borders should be closed faster than the covid situation,Neutral,1
if you cant figure out why you shouldnt have an opinion,Neutral,1
maybe its an ethical virus if just a new virus they will make it know to others so they can find solutions for that ,Positive,2
since 2005 not new to the world,Neutral,1
i request central govt to stop entering the international passengers from china and monitor cautiously on passenger from other countries dont repeat the same mistake,Negative,0
are the chinese busy developing bio weapons,Negative,0
china has taken the responsibility to reduce world population ,Neutral,1
come at me bro i was sincerely scared during the covid pandemic not because od the virus and disease itself but rather because of how the authorities handled the situation but now that its all passed i am not afraid if it happens again everything is predictable now,Neutral,1
its corona again,Neutral,1
when a real pandemic happens no one is going to be ready too many false alarms registered,Negative,0
closs the bordres pleas,Neutral,1
as a student please start lockdown ,Positive,2
please start lockdown ,Positive,2
but a few weeks ago my daughter had pneumonia and fever but we ok now,Positive,2
if china not going to cooperate for the benefit of the world by keeping silent it should not be allowed to enter into other countries to prevent the spread of the disease,Positive,2
you know why china is silent because the dragon  is evil a place if you believe in jesus you get prison or killed underground churches and bible smuggling fighting to get in and all just to save your soul some asians are wise  and smart they know losing your soul is worse ,Negative,0
same symptoms as covid but there is new name,Neutral,1
it will be all over the world in heavy jabbed contries,Neutral,1
in china again what the heck pls stay in chinastay in ur place do not go to phil,Positive,2
silent again just what happened in covid19 my g,Neutral,1
china hate trump and trump back to whitehouse,Negative,0
this is the sign of imam mahdi coming soon,Neutral,1
close the borders stop travel no lockdowns,Negative,0
using old clips as new you liar i think you got hiv instead,Negative,0
another deliberate effort by the evil empire to coverup its flaws and failures,Negative,0
it same like the covid19 theyre silent too and the flight continuing back n fort until sprend all countries theyre not concerned other people or countries if the virus sprend all over they always quiet huh,Positive,2
chinese leader is doing his best to create biological arms to fight,Positive,2
govs should close borders with china before its too late,Neutral,1
starting a countdown to see how long it takes them to blame this on the subsaharian africans who live there trump is back so is china here comes the grim reaper again,Negative,0
why is your channel so against china,Neutral,1
thats pretty easy to answer if you cause an outbreak make sure you dont do it twice it would be way too easy to find out the culprits instead have someone else do it like someone in your own country whether that country is the united states or britain or france or anywhere,Positive,2
the globalists new plan theyre already warning about a new potentially deadly pandemic the same faces are showing up again bill gates peter hotez and others are raising alarms about a new outbreak trying to scare the public into submission but weve been down this road before and this time were not falling for it,Negative,0
china will hide it until it become out of control,Negative,0
wonder what kind of animal they ate this time,Neutral,1
silent mystery lol i cannot are they still dealing with african swine fever since it stays in the ground for 7 years,Positive,2
it is a biological war,Negative,0
pollution control tactics in collaboration with bill gates,Neutral,1
why dont we ban all international flights for 3 months,Positive,2
great start to 2025 right at the time of trump inauguration totally an coincidence,Positive,2
am not going to china period,Neutral,1
ban chinese from entering the philippines not tomorrow not later but now,Negative,0
china bio weapon trials,Negative,0
here we go again lol wear a mask this time,Positive,2
money is why,Neutral,1
hmpv was identified on this earth 60 years ago it is not a new type of virus,Neutral,1
there you go again,Neutral,1
i guess its time for me to dust off my masks again ,Neutral,1
blacks thinking themselfs selfs good i do went cleaning up,Positive,2
why isnt the who investigating this outbreak before it goes global ,Neutral,1
it has been only five days and we already got a new pandemiccant we just have a normal year for once without anything screwing us up,Positive,2
im sure fauci is behind the new outbreak and having china not say anything,Positive,2
sunny not their for there child,Positive,2
does this virus affect feminists as well,Positive,2
i keep praying for something worse than covid humanity didnt learn the first time and abandoned people like me sadly i think nothing will come of this,Negative,0
china is getting sick again take a bath china lol,Negative,0
covid 19 says i am back with different mask,Neutral,1
stop desinformation,Negative,0
this is unbelievable first covid 19 now this wtf,Negative,0
can you guess why only india is reporting on this matter this virus first appeared in 2001 and last year there was a large outbreak in the united states,Positive,2
whats different from what she listed compared to the normal virus that was going around back in the day,Neutral,1
india meh aane se board examination rukh jayega,Negative,0
when china is experiencing this ,Neutral,1
this is the welcome for trump 2 o this is hybrid war its on purpose tariff war destabilizing world economy,Negative,0
its scary because i know my president will open the boarder so that they can get aid from the west and loot it all then leave us to fate,Negative,0
not falling for it again,Positive,2
why say anything nothing said on covid also always the same origin,Neutral,1
the problem is they eat every so called living things snakes monkey snail they have to stop eating like a pig,Negative,0
covid round 2 another world pandemic,Neutral,1
ayyee here we go again the pandemic should begin on or about january 20th,Neutral,1
thank for posting this we can rely on main stream media for the truth,Positive,2
trump gets in and it starts again,Neutral,1
so china is not silent,Neutral,1
this will now be the next pandemic it will spread just like covid no vaccine for it either,Positive,2
during the covid it spread in new year in 2020 same with now its planted,Neutral,1
how about outbreak of indian hygiene ,Neutral,1
oh here we go again wion keeping the fear going,Negative,0
china is always silent on any new disease outbreak,Neutral,1
also the urines of rats or the foods we eated,Neutral,1
i think rats also are epidemic,Neutral,1
export to the world,Neutral,1
that chinas virus is made stealthy like j39 aircraft thats why cannot be detected and unnoticed ,Positive,2
pres xijingping wants to reduce china popultion to improve chinas economy,Positive,2
and why who says nothing,Neutral,1
why are the main news like abc cbc nbc fox ap and reuters not talking about this,Positive,2
were living in the last days jesus is coming back,Neutral,1
every year cina is silent about seasonal viruses only youre speculating every year in a row,Neutral,1
it wont be seriousthey just share this topic to scare peoplethats it,Negative,0
why is everyone surprise are you expecting them to do differently,Positive,2
only silent here our media is blocking it chemtrails were very heavy there,Negative,0
chinese new year is coming again they will go out of the country again pls dont let these people come to our country ,Positive,2
this is all part of chinas plan of world dominance they made covid19 to dominate the world and they are doing it again just with hmpv something is wrong with china,Negative,0
think they enjoy trying to create panic because they believe fear is a easy way to control public,Positive,2
another bat  soup ,Neutral,1
only indian media is spreading this news no othernews channel world wide are broadcasting this,Negative,0
its right on shedule watch and if you wish participate in the coming theatrics of 2025,Positive,2
not again will going to have another round of new vaccines to counteract the new viruses new year welcome new virus and new round of vaccination,Positive,2
as usually made by chi nese,Neutral,1
name this virus zingpin virus,Neutral,1
ask bill gates big pharma and other goons in this world who make these things happen,Neutral,1
im from china,Neutral,1
they need to implement social distancing again ls,Neutral,1
its based on eating monkey ,Neutral,1
cause covid was bull st and they know it,Neutral,1
everything is made in china eh,Neutral,1
they do that to reduce human kind,Positive,2
not only china is silent on this outbreak practically none of the international news reports on this if we google up to check all the news come from indian news channels only very strange,Negative,0
because there is no outbreak just new us made dezinformation scam,Negative,0
this virus is weak,Negative,0
because its nearing chinese new year where chinese cirizens will take the longest holidays and teavel abroad safety checks will not be as stringent when they are leaving the country the long leaves will prompt chinese businesses to over produce items to comprensate for the the long leaves which includes medical safety equipments i hope everyone can see the bigger pictire here,Positive,2
i dont blame china last time when covid happened the world was aware and could have stopped the spread my country the united states downplayed covid because my leadership was more concerned about the stock market than they were peoples lives china did end up taking steps to try to contain it while my country just downplayed it until it was too late,Positive,2
please stop travel or start immediately testing at airportsno vaccine or medication sounds extremely dangerous,Negative,0
why they have to announce for them to blame again good job wion ,Positive,2
stop using covid like virus to get more views go and have a small research about this virus hmpv is not new stop spreading false information,Negative,0
maybe china is trying to bring another pandemic,Neutral,1
you just described the common flu yes beijing is currently in winter wonder why they would have a common flu,Negative,0
theyre silent even before,Neutral,1
because they always lie,Neutral,1
good for india to control population,Positive,2
hello wionmain point nahi bolay apnay citizens ko bolay naclean your nose frequently with luke warm water,Positive,2
communism is why no one hears anything from chinacensorship was born from ccp,Negative,0
did she saythe common people yes she did what about the uncommon peoplelike me,Positive,2
why is west silent,Neutral,1
ohhh who gives a shitwear a maskstay away from the world take the bullshit mrna vaccine but leave the rest of the world alone,Negative,0
this is very important to the rest of the world not to be silence about this remember that if you keep information away it is against the law for the human being ,Positive,2
no its not a new virus been around for long time it has increased because some the infected have weakened immune systems from the sprotein,Negative,0
chinese drinking the bat soup mixed with cockroach soup the viruses mixed up and made hmpv,Neutral,1
covid25 is now ongoing,Neutral,1
oh yeah here we go again another manufactured disease,Positive,2
chinese and their love for bat soup,Positive,2
atleast 300 dead and 11 thousands hospitalized,Negative,0
silent then how did you know ha ha ha indias lie media,Positive,2
so basically covid,Neutral,1
china is silent because like the wuhan virus coming from them they want the whole world to get infected,Negative,0
hope india stops all flights to and fro to all china and all other south east asian countries dont import virus please spare us sir,Positive,2
chinas way of saying happy new year,Positive,2
they silent because its a load of bull,Neutral,1
why it is always china xi never values humans lives,Negative,0
china virus again and again,Neutral,1
phuck the virus,Neutral,1
so that journos like you can drum up mass hysteria encore 2020 nice try but people are wiser now can you try something different this time,Positive,2
instead of listing off the ways you can catch it just tell the truth anything you do you can catch it,Positive,2
because they know its not an outbreak  its all planned and well performed,Positive,2
why india is sooooo silent compared to china we are all getting seasonal diseases and virus is this another vaccine scam,Negative,0
bs again from this news channel,Neutral,1
why we dont know that theres a virus outbreak in china when we frequently go there,Neutral,1
vaccine after math,Neutral,1
ban china from entering other countries trump won and theyre staging an epidemic because trump dont want putting business in china ,Neutral,1
wtf   not again that means this  has spread around the  over the holidays if this  is a  threat we will see a  in cases around the  in two weeks time for everyone who got on a  to go back to work or around people to spread the  two weeks,Negative,0
its currently spreading for the world already if no one lockdown flights from china its gonna be late to cure again ccp making bio warfare,Negative,0
shifting focus from genocides to yet a new deadly virus,Neutral,1
you news channels are doing their job thats why,Neutral,1
20th and 19th century when france sneezee rest of the europe catches cold 21st century when china sneezes rest of the world catches cold,Neutral,1
chinna always silent,Neutral,1
batman and virus be like its not who i am underneath bit what i do that defines me,Positive,2
its the same what happened before will be the same now,Neutral,1
pollution and cold weather wow rich china ,Positive,2
media news is the absolute virus  ,Neutral,1
flat toned unexpressive and monotonous anchor,Neutral,1
sounds like a new business opportunityhahahaha,Positive,2
china we are getting sick of your bullshit sincerely everyone,Negative,0
where is this virus came from who made this,Neutral,1
338 common they already said they have a magic liquid ready as they planned it we are not that dumb,Positive,2
simple another plandemc fauci already told you they will announce it officially by jan29th being spread by a think fog worldwide people feel sick after it thats what happened to us in la few years ago too each time we had it people got hospitalized if they would really care about your health they would close the borders a while ago,Neutral,1
shouldnt they stop all international flights to and from china what are they waiting on,Positive,2
this reporter seems to be working with who,Neutral,1
bwahaha bwahaha bs another plandemic just in time for trump againits all bs just stop,Negative,0
they are doing biowar aganist world,Neutral,1
philippines all people is now coughing when i go to the office i wear mask but when i drink i pull it down for a second then a person cough a meter away from me after 3 hrs my throat feels weird then the other person on my side starts coughing i take vit c right away for 2 days i didnt get the virus but the people around me is cough with phlegm and some is absent the first symptom is lbm then flu like symptoms,Negative,0
stop all flights from that country we dont want face again,Negative,0
india should know because china likes to victimize indians,Negative,0
because thats chinas style no comment no action stop paying billions of dollars to who for this rat infested shite hole,Negative,0
lol is normal to china look at covid ,Positive,2
because it is being spread by india visitors perhaps what wuhan virus are you tokking about your fkg english spoken is so unbearable to listen,Neutral,1
china is always silent with najor issues dont allow any chinese to enter india,Negative,0
name of new virus in china ch1influe24 aka covid24 spreading 28 cities in china virus is come from in wuhan city ccp didnt allow who to enter in china,Negative,0
wuhan virus killed millions innocent people all over the world now this time what is china plans agenda,Negative,0
well the virus have gone around since 2001,Positive,2
the pentagon was silent on its herpes outbreak the chinese are following suite,Neutral,1
after 5 years you say  brought world to standstill  why did you not add  it killed millions of innocent people,Positive,2
close the borders we dont want anymore lock downs,Negative,0
because its their businesswhy spreading hysteria,Negative,0
started another drama,Neutral,1
start praying accept jesus christ as your lord and savior before its too late quick,Positive,2
are u in china we are here now for 10 days already we never hear or felt it west media wants to criticized china why dont u look at your backyard,Negative,0
never expect china to be transparent concerning this new devastating viral disease the who and the usa shall make the decision to stop travels coming from china soonest countries would go broke should another pandemic erupt not counting the loss of lives by the millions,Negative,0
its a cause only of cold weather,Neutral,1
oops  they did it again ,Neutral,1
lunar new year coming going to spread all over the world just like covid19,Positive,2
sounds like another type of flu,Neutral,1
another plandemic from the gates biolabs in china,Neutral,1
im sure someone took out a patent for this virus and the vaccine 2 weeks ago ,Positive,2
may be there are many immoral reseachersscientistspoliticalleaderetc play the game to gain sth they wanna be,Positive,2
they did the same thing in wuhan sobs,Negative,0
china is releasing another virus,Neutral,1
its china,Neutral,1
its china ,Neutral,1
really wow,Positive,2
this virus is not new it has been in the us europe and china for a long time even before covid19 ,Neutral,1
just china bio wep,Neutral,1
here we go round 2,Neutral,1
xi ping pong should rot in jail for what he did and caused millions of death during covid he got away with it because western nations too made big money from it i hope this is not part 2,Negative,0
i think we should forward and share this news to the whole world to prevent 5years ago nightmare i hope that indian government and world government to refuse entry for all passport from mainland china why china government still silent because between the end of january and begining of february there will be chinese new year holiday that make chinese people travel around the world that make the virus spread to the world with this situation the chinese government is able to deny the origin from mainland china please do quick action before its too late,Positive,2
the world leader need to pay china by causing covid 19 virus and now they claming the entire world excample taiwan and the south sea,Negative,0
next plandemic 4 big pharma to sell experimental so called vaccines steupsss,Neutral,1
they want to spred it again that why they are silent they want to eliminated all human on earth and only ccp will remain,Positive,2
they gonna create a deadly hybrids with the bird flu that in america atm,Negative,0
trust the science this is continue covid part 2,Positive,2
america haves the bird flu seems like the global world leadership created a new world wide virus,Positive,2
is china silently spreading death to the ends of the world,Negative,0
he we go again  want be getting jab this time   and wont be in lock down ,Positive,2
why is this only popping up on indian news ,Neutral,1
new pandemic,Neutral,1
india should close their borders no more chinese goods should enter,Negative,0
seems obvious as to why they would be silent the issue is why arent you calling out the west for genocide in gaza why do you lie see how it works just like you work unethically for your own gain no matter the lie you have to tell,Positive,2
2025 is only three days old what already happened in this world,Neutral,1
who take positive action together with china,Positive,2
this china creating virus and spreading it to the world once again this xi and the chinese must be stop,Neutral,1
the previous one was from a bat this one might be from a snake chinese eat everything,Neutral,1
hope it has nothing to do with distabilizing trumps coming economy thats how the former began,Positive,2
why do i think indian news websites channels are created specially to target china i am done i am out,Positive,2
too many people too close together in poor health stop having babies at such a rate,Negative,0
no matter the origin cause this is just not good not good news at all,Negative,0
another one,Neutral,1
china doing it again ban all flights from china contain chinas wrongdoing,Negative,0
critical chance,Negative,0
mentally debeliatated indiansmodi government said why not pool our media together to discredit china all at once,Neutral,1
i see so many people going for holiday in china nothing happen come back till strong and healthy,Positive,2
like they were so open and honest about the whole coronavirus thing probably just like that virus this is most likely gain of function either that or theyre testing a weapon on their own people first before they unleash it on the rest of us just like i believe they did the first time,Positive,2
dont worry i dont think us wanna try again last time it backfired to us badly,Negative,0
they were silent during covid also,Neutral,1
yeah im calling bscopyright,Positive,2
one china is referring to one communist china no human right religious freedometc like hongkong taiwan is a free sovereign nation has a right to form any govt it deems fit,Positive,2
virology is not science,Neutral,1
covid could not kill us all this one cant kill us all,Positive,2
u said china hide but later said china reported hypocrites propagandist reporter shamefully no professionalism in journalism go back to school and learn how to write simple composition maybe she never attend school after 10 years old,Negative,0
come to africa and be safe,Positive,2
with indians logic of first discovered must be the one created or spread then who wants to do any research just confuse everything as flu no need to find out what is the real pathogen that will help the world,Negative,0
what is 7 hundered and 18 thousand,Neutral,1
we are already gone through the ahpaphet of covid ,Neutral,1
china again poisoned entire world with another virus,Negative,0
because some uneducated people cannot tell the difference between discovered vs created,Positive,2
this has been going on since october many children falling ill now its spreading fastregistered,Negative,0
these people,Neutral,1
china will happily spread it to us,Positive,2
mew plandemic,Neutral,1
this is intentional,Neutral,1
misery fog snd drones now thishmmmm,Negative,0
people catch cold during winter,Neutral,1
plan alert pandemic meet foreign why become flu virus durable,Negative,0
another medical mafia nonsense and the sheeps are still sleeping,Negative,0
someone has eaten bat soup again,Neutral,1
made in china registered,Neutral,1
because the ccp want to spread to the world,Positive,2
oh wow people are catching colds in winter ,Positive,2
the virus is already on the way to india flying very fast india get ready for it,Positive,2
why only this news about various,Neutral,1
another cover up china should pay the world for damage they caused from the covid 19 pansemic,Negative,0
were not bying it go away,Neutral,1
here we go more clownworld bs lies,Negative,0
